<?xml version="1.0" encoding="utf-8"?>
<areas>
  <a id="0" jp="unknown">unknown</a>
  <a id="1" jp="ファノエ運河">Phanauet Channel</a>
  <a id="2" jp="ギルド桟橋">Carpenters' Landing</a>
  <a id="3" jp="マナクリッパー">Manaclipper</a>
  <a id="4" jp="ビビキー湾">Bibiki Bay</a>
  <a id="5" jp="ウルガラン山脈">Uleguerand Range</a>
  <a id="6" jp="熊爪嶽">Bearclaw Pinnacle</a>
  <a id="7" jp="アットワ地溝">Attohwa Chasm</a>
  <a id="8" jp="千骸谷">Boneyard Gully</a>
  <a id="9" jp="ソ・ジヤ">Pso'Xja</a>
  <a id="10" jp="異界の口">The Shrouded Maw</a>
  <a id="11" jp="ムバルポロス旧市街">Oldton Movalpolos</a>
  <a id="12" jp="ムバルポロス新市街">Newton Movalpolos</a>
  <a id="13" jp="2716号採石場">Mine Shaft #2716</a>
  <a id="14" jp="転移の間">Hall of Transference</a>
  <a id="15" jp="アビセア-コンシュタット">Abyssea - Konschtat</a>
  <a id="16" jp="プロミヴォン-ホラ">Promyvion - Holla</a>
  <a id="17" jp="ホラの塔">Spire of Holla</a>
  <a id="18" jp="プロミヴォン-デム">Promyvion - Dem</a>
  <a id="19" jp="デムの塔">Spire of Dem</a>
  <a id="20" jp="プロミヴォン-メア">Promyvion - Mea</a>
  <a id="21" jp="メアの塔">Spire of Mea</a>
  <a id="22" jp="プロミヴォン-ヴァズ">Promyvion - Vahzl</a>
  <a id="23" jp="ヴァズの塔">Spire of Vahzl</a>
  <a id="24" jp="ルフェーゼ野">Lufaise Meadows</a>
  <a id="25" jp="ミザレオ海岸">Misareaux Coast</a>
  <a id="26" jp="タブナジア地下壕">Tavnazian Safehold</a>
  <a id="27" jp="フォミュナ水道">Phomiuna Aqueducts</a>
  <a id="28" jp="礼拝堂">Sacrarium</a>
  <a id="29" jp="リヴェーヌ岩塊群サイトB01">Riverne - Site #B01</a>
  <a id="30" jp="リヴェーヌ岩塊群サイトA01">Riverne - Site #A01</a>
  <a id="31" jp="帝龍の飛泉">Monarch Linn</a>
  <a id="32" jp="海獅子の巣窟">Sealion's Den</a>
  <a id="33" jp="アル・タユ">Al'Taieu</a>
  <a id="34" jp="フ・ゾイの王宮">Grand Palace of Hu'Xzoi</a>
  <a id="35" jp="ル・メトの園">The Garden of Ru'Hmet</a>
  <a id="36" jp="天象の鎖">Empyreal Paradox</a>
  <a id="37" jp="テメナス">Temenos</a>
  <a id="38" jp="アポリオン">Apollyon</a>
  <a id="39" jp="デュナミス-バルクルム">Dynamis - Valkurm</a>
  <a id="40" jp="デュナミス-ブブリム">Dynamis - Buburimu</a>
  <a id="41" jp="デュナミス-クフィム">Dynamis - Qufim</a>
  <a id="42" jp="デュナミス-タブナジア">Dynamis - Tavnazia</a>
  <a id="43" jp="アブダルスの箱庭-ゲルスバ">Diorama Abdhaljs-Ghelsba</a>
  <a id="44" jp="アブダルスの島-プルゴノルゴ">Abdhaljs Isle-Purgonorgo</a>
  <a id="45" jp="アビセア-タロンギ">Abyssea - Tahrongi</a>
  <a id="46" jp="外洋航路：アルザビ行き">Open sea route to Al Zahbi</a>
  <a id="47" jp="外洋航路：マウラ行き">Open sea route to Mhaura</a>
  <a id="48" jp="アルザビ">Al Zahbi</a>
  <a id="50" jp="アトルガン白門">Aht Urhgan Whitegate</a>
  <a id="51" jp="ワジャーム樹林">Wajaom Woodlands</a>
  <a id="52" jp="バフラウ段丘">Bhaflau Thickets</a>
  <a id="53" jp="ナシュモ">Nashmau</a>
  <a id="54" jp="アラパゴ暗礁域">Arrapago Reef</a>
  <a id="55" jp="イルルシ環礁">Ilrusi Atoll</a>
  <a id="56" jp="ペリキア">Periqia</a>
  <a id="57" jp="タラッカ入江">Talacca Cove</a>
  <a id="58" jp="銀海航路：ナシュモ行き">Silver Sea route to Nashmau</a>
  <a id="59" jp="銀海航路：アルザビ行き">Silver Sea route to Al Zahbi</a>
  <a id="60" jp="アシュタリフ号">The Ashu Talif</a>
  <a id="61" jp="ゼオルム火山">Mount Zhayolm</a>
  <a id="62" jp="ハルブーン">Halvung</a>
  <a id="63" jp="レベロス風穴">Lebros Cavern</a>
  <a id="64" jp="ナバゴ処刑場">Navukgo Execution Chamber</a>
  <a id="65" jp="マムーク">Mamook</a>
  <a id="66" jp="マムージャ兵訓練所">Mamool Ja Training Grounds</a>
  <a id="67" jp="翡翠廟">Jade Sepulcher</a>
  <a id="68" jp="エジワ蘿洞">Aydeewa Subterrane</a>
  <a id="69" jp="ルジャワン霊窟">Leujaoam Sanctum</a>
  <a id="70" jp="チョコボサーキット">Chocobo Circuit</a>
  <a id="71" jp="コロセウム">The Colosseum</a>
  <a id="72" jp="アルザダール海底遺跡群">Alzadaal Undersea Ruins</a>
  <a id="73" jp="ゼオルム遺構">Zhayolm Remnants</a>
  <a id="74" jp="アラパゴ遺構">Arrapago Remnants</a>
  <a id="75" jp="バフラウ遺構">Bhaflau Remnants</a>
  <a id="76" jp="銀海遺構">Silver Sea Remnants</a>
  <a id="77" jp="ナイズル島">Nyzul Isle</a>
  <a id="78" jp="ハザルム試験場">Hazhalm Testing Grounds</a>
  <a id="79" jp="カダーバの浮沼">Caedarva Mire</a>
  <a id="80" jp="南サンドリア〔Ｓ〕">Southern San d'Oria [S]</a>
  <a id="81" jp="東ロンフォール〔Ｓ〕">East Ronfaure [S]</a>
  <a id="82" jp="ジャグナー森林〔Ｓ〕">Jugner Forest [S]</a>
  <a id="83" jp="ブンカール浦〔Ｓ〕">Vunkerl Inlet [S]</a>
  <a id="84" jp="バタリア丘陵〔Ｓ〕">Batallia Downs [S]</a>
  <a id="85" jp="ラヴォール村〔Ｓ〕">La Vaule [S]</a>
  <a id="86" jp="常花の石窟">Everbloom Hollow</a>
  <a id="87" jp="バストゥーク商業区〔Ｓ〕">Bastok Markets [S]</a>
  <a id="88" jp="北グスタベルグ〔Ｓ〕">North Gustaberg [S]</a>
  <a id="89" jp="グロウベルグ〔Ｓ〕">Grauberg [S]</a>
  <a id="90" jp="パシュハウ沼〔Ｓ〕">Pashhow Marshlands [S]</a>
  <a id="91" jp="ロランベリー耕地〔Ｓ〕">Rolanberry Fields [S]</a>
  <a id="92" jp="ベドー〔Ｓ〕">Beadeaux [S]</a>
  <a id="93" jp="ルホッツ銀山">Ruhotz Silvermines</a>
  <a id="94" jp="ウィンダス水の区〔Ｓ〕">Windurst Waters [S]</a>
  <a id="95" jp="西サルタバルタ〔Ｓ〕">West Sarutabaruta [S]</a>
  <a id="96" jp="カルゴナルゴ城砦〔Ｓ〕">Fort Karugo-Narugo [S]</a>
  <a id="97" jp="メリファト山地〔Ｓ〕">Meriphataud Mountains [S]</a>
  <a id="98" jp="ソロムグ原野〔Ｓ〕">Sauromugue Champaign [S]</a>
  <a id="99" jp="オズトロヤ城〔Ｓ〕">Castle Oztroja [S]</a>
  <a id="100" jp="西ロンフォール">West Ronfaure</a>
  <a id="101" jp="東ロンフォール">East Ronfaure</a>
  <a id="102" jp="ラテーヌ高原">La Theine Plateau</a>
  <a id="103" jp="バルクルム砂丘">Valkurm Dunes</a>
  <a id="104" jp="ジャグナー森林">Jugner Forest</a>
  <a id="105" jp="バタリア丘陵">Batallia Downs</a>
  <a id="106" jp="北グスタベルグ">North Gustaberg</a>
  <a id="107" jp="南グスタベルグ">South Gustaberg</a>
  <a id="108" jp="コンシュタット高地">Konschtat Highlands</a>
  <a id="109" jp="パシュハウ沼">Pashhow Marshlands</a>
  <a id="110" jp="ロランベリー耕地">Rolanberry Fields</a>
  <a id="111" jp="ボスディン氷河">Beaucedine Glacier</a>
  <a id="112" jp="ザルカバード">Xarcabard</a>
  <a id="113" jp="テリガン岬">Cape Teriggan</a>
  <a id="114" jp="東アルテパ砂漠">Eastern Altepa Desert</a>
  <a id="115" jp="西サルタバルタ">West Sarutabaruta</a>
  <a id="116" jp="東サルタバルタ">East Sarutabaruta</a>
  <a id="117" jp="タロンギ大峡谷">Tahrongi Canyon</a>
  <a id="118" jp="ブブリム半島">Buburimu Peninsula</a>
  <a id="119" jp="メリファト山地">Meriphataud Mountains</a>
  <a id="120" jp="ソロムグ原野">Sauromugue Champaign</a>
  <a id="121" jp="聖地ジ・タ">The Sanctuary of Zi'Tah</a>
  <a id="122" jp="ロ・メーヴ">Ro'Maeve</a>
  <a id="123" jp="ユタンガ大森林">Yuhtunga Jungle</a>
  <a id="124" jp="ヨアトル大森林">Yhoator Jungle</a>
  <a id="125" jp="西アルテパ砂漠">Western Altepa Desert</a>
  <a id="126" jp="クフィム島">Qufim Island</a>
  <a id="127" jp="ベヒーモスの縄張り">Behemoth's Dominion</a>
  <a id="128" jp="慟哭の谷">Valley of Sorrows</a>
  <a id="129" jp="ゴユの空洞">Ghoyu's Reverie</a>
  <a id="130" jp="ル・オンの庭">Ru'Aun Gardens</a>
  <a id="131" jp="モルディオン監獄">Mordion Gaol</a>
  <a id="132" jp="アビセア-ラテーヌ">Abyssea - La Theine</a>
  <a id="134" jp="デュナミス-ボスディン">Dynamis - Beaucedine</a>
  <a id="135" jp="デュナミス-ザルカバード">Dynamis - Xarcabard</a>
  <a id="136" jp="ボスディン氷河〔Ｓ〕">Beaucedine Glacier [S]</a>
  <a id="137" jp="ザルカバード〔Ｓ〕">Xarcabard [S]</a>
  <a id="138" jp="ズヴァール城外郭〔Ｓ〕">Castle Zvahl Baileys [S]</a>
  <a id="139" jp="ホルレーの岩峰">Horlais Peak</a>
  <a id="140" jp="ゲルスバ野営陣">Ghelsba Outpost</a>
  <a id="141" jp="ゲルスバ砦">Fort Ghelsba</a>
  <a id="142" jp="ユグホトの岩屋">Yughott Grotto</a>
  <a id="143" jp="パルブロ鉱山">Palborough Mines</a>
  <a id="144" jp="ワールンの祠">Waughroon Shrine</a>
  <a id="145" jp="ギデアス">Giddeus</a>
  <a id="146" jp="バルガの舞台">Balga's Dais</a>
  <a id="147" jp="ベドー">Beadeaux</a>
  <a id="148" jp="クゥルンの大伽藍">Qulun Dome</a>
  <a id="149" jp="ダボイ">Davoi</a>
  <a id="150" jp="修道窟">Monastic Cavern</a>
  <a id="151" jp="オズトロヤ城">Castle Oztroja</a>
  <a id="152" jp="祭壇の間">Altar Room</a>
  <a id="153" jp="ボヤーダ樹">The Boyahda Tree</a>
  <a id="154" jp="龍のねぐら">Dragon's Aery</a>
  <a id="155" jp="ズヴァール城内郭〔Ｓ〕">Castle Zvahl Keep [S]</a>
  <a id="156" jp="王の間〔Ｓ〕">Throne Room [S]</a>
  <a id="157" jp="デルクフの塔中層">Middle Delkfutt's Tower</a>
  <a id="158" jp="デルクフの塔上層">Upper Delkfutt's Tower</a>
  <a id="159" jp="ウガレピ寺院">Temple of Uggalepih</a>
  <a id="160" jp="怨念洞">Den of Rancor</a>
  <a id="161" jp="ズヴァール城外郭">Castle Zvahl Baileys</a>
  <a id="162" jp="ズヴァール城内郭">Castle Zvahl Keep</a>
  <a id="163" jp="生贄の間">Sacrificial Chamber</a>
  <a id="164" jp="ガルレージュ要塞〔Ｓ〕">Garlaige Citadel [S]</a>
  <a id="165" jp="王の間">Throne Room</a>
  <a id="166" jp="ラングモント峠">Ranguemont Pass</a>
  <a id="167" jp="ボストーニュ監獄">Bostaunieux Oubliette</a>
  <a id="168" jp="宣託の間">Chamber of Oracles</a>
  <a id="169" jp="トライマライ水路">Toraimarai Canal</a>
  <a id="170" jp="満月の泉">Full Moon Fountain</a>
  <a id="171" jp="クロウラーの巣〔Ｓ〕">Crawlers' Nest [S]</a>
  <a id="172" jp="ツェールン鉱山">Zeruhn Mines</a>
  <a id="173" jp="コロロカの洞門">Korroloka Tunnel</a>
  <a id="174" jp="クフタルの洞門">Kuftal Tunnel</a>
  <a id="175" jp="エルディーム古墳〔Ｓ〕">The Eldieme Necropolis [S]</a>
  <a id="176" jp="海蛇の岩窟">Sea Serpent Grotto</a>
  <a id="177" jp="ヴェ・ルガノン宮殿">Ve'Lugannon Palace</a>
  <a id="178" jp="ル・アビタウ神殿">The Shrine of Ru'Avitau</a>
  <a id="179" jp="天輪の場">Stellar Fulcrum</a>
  <a id="180" jp="ラ・ロフの劇場">La'Loff Amphitheater</a>
  <a id="181" jp="宿星の座">The Celestial Nexus</a>
  <a id="182" jp="ウォークオブエコーズ">Walk of Echoes</a>
  <a id="183" jp="アブダルスの模型-レギオン">Maquette Abdhaljs-Legion</a>
  <a id="184" jp="デルクフの塔下層">Lower Delkfutt's Tower</a>
  <a id="185" jp="デュナミス-サンドリア">Dynamis - San d'Oria</a>
  <a id="186" jp="デュナミス-バストゥーク">Dynamis - Bastok</a>
  <a id="187" jp="デュナミス-ウィンダス">Dynamis - Windurst</a>
  <a id="188" jp="デュナミス-ジュノ">Dynamis - Jeuno</a>
  <a id="190" jp="龍王ランペールの墓">King Ranperre's Tomb</a>
  <a id="191" jp="ダングルフの涸れ谷">Dangruf Wadi</a>
  <a id="192" jp="内ホルトト遺跡">Inner Horutoto Ruins</a>
  <a id="193" jp="オルデール鍾乳洞">Ordelle's Caves</a>
  <a id="194" jp="外ホルトト遺跡">Outer Horutoto Ruins</a>
  <a id="195" jp="エルディーム古墳">The Eldieme Necropolis</a>
  <a id="196" jp="グスゲン鉱山">Gusgen Mines</a>
  <a id="197" jp="クロウラーの巣">Crawlers' Nest</a>
  <a id="198" jp="シャクラミの地下迷宮">Maze of Shakhrami</a>
  <a id="200" jp="ガルレージュ要塞">Garlaige Citadel</a>
  <a id="201" jp="突風の回廊">Cloister of Gales</a>
  <a id="202" jp="雷鳴の回廊">Cloister of Storms</a>
  <a id="203" jp="凍結の回廊">Cloister of Frost</a>
  <a id="204" jp="フェ・イン">Fei'Yin</a>
  <a id="205" jp="イフリートの釜">Ifrit's Cauldron</a>
  <a id="206" jp="ク・ビアの闘技場">Qu'Bia Arena</a>
  <a id="207" jp="灼熱の回廊">Cloister of Flames</a>
  <a id="208" jp="流砂洞">Quicksand Caves</a>
  <a id="209" jp="震動の回廊">Cloister of Tremors</a>
  <a id="211" jp="海流の回廊">Cloister of Tides</a>
  <a id="212" jp="グスタフの洞門">Gustav Tunnel</a>
  <a id="213" jp="オンゾゾの迷路">Labyrinth of Onzozo</a>
  <a id="215" jp="アビセア-アットワ">Abyssea - Attohwa</a>
  <a id="216" jp="アビセア-ミザレオ">Abyssea - Misareaux</a>
  <a id="217" jp="アビセア-ブンカール">Abyssea - Vunkerl</a>
  <a id="218" jp="アビセア-アルテパ">Abyssea - Altepa</a>
  <a id="220" jp="航路：セルビナ行き">Ship bound for Selbina</a>
  <a id="221" jp="航路：マウラ行き">Ship bound for Mhaura</a>
  <a id="222" jp="真界">Provenance</a>
  <a id="223" jp="飛空艇航路">San d'Oria-Jeuno Airship</a>
  <a id="224" jp="飛空艇航路">Bastok-Jeuno Airship</a>
  <a id="225" jp="飛空艇航路">Windurst-Jeuno Airship</a>
  <a id="226" jp="飛空艇航路">Kazham-Jeuno Airship</a>
  <a id="227" jp="航路：セルビナ行き">Ship bound for Selbina</a>
  <a id="228" jp="航路：マウラ行き">Ship bound for Mhaura</a>
  <a id="230" jp="南サンドリア">Southern San d'Oria</a>
  <a id="231" jp="北サンドリア">Northern San d'Oria</a>
  <a id="232" jp="サンドリア港">Port San d'Oria</a>
  <a id="233" jp="ドラギーユ城">Chateau d'Oraguille</a>
  <a id="234" jp="バストゥーク鉱山区">Bastok Mines</a>
  <a id="235" jp="バストゥーク商業区">Bastok Markets</a>
  <a id="236" jp="バストゥーク港">Port Bastok</a>
  <a id="237" jp="大工房">Metalworks</a>
  <a id="238" jp="ウィンダス水の区">Windurst Waters</a>
  <a id="239" jp="ウィンダス石の区">Windurst Walls</a>
  <a id="240" jp="ウィンダス港">Port Windurst</a>
  <a id="241" jp="ウィンダス森の区">Windurst Woods</a>
  <a id="242" jp="天の塔">Heavens Tower</a>
  <a id="243" jp="ル・ルデの庭">Ru'Lude Gardens</a>
  <a id="244" jp="ジュノ上層">Upper Jeuno</a>
  <a id="245" jp="ジュノ下層">Lower Jeuno</a>
  <a id="246" jp="ジュノ港">Port Jeuno</a>
  <a id="247" jp="ラバオ">Rabao</a>
  <a id="248" jp="セルビナ">Selbina</a>
  <a id="249" jp="マウラ">Mhaura</a>
  <a id="250" jp="カザム">Kazham</a>
  <a id="251" jp="神々の間">Hall of the Gods</a>
  <a id="252" jp="ノーグ">Norg</a>
  <a id="253" jp="アビセア-ウルガラン">Abyssea - Uleguerand</a>
  <a id="254" jp="アビセア-グロウベルグ">Abyssea - Grauberg</a>
  <a id="255" jp="アビセア-天象の鎖">Abyssea - Empyreal Paradox</a>
  <a id="256" jp="西アドゥリン">Western Adoulin</a>
  <a id="257" jp="東アドゥリン">Eastern Adoulin</a>
  <a id="258" jp="ララ水道">Rala Waterways</a>
  <a id="259" jp="ララ水道〔Ｕ〕">Rala Waterways [U]</a>
  <a id="260" jp="ヤッセの狩り場">Yahse Hunting Grounds</a>
  <a id="261" jp="ケイザック古戦場">Ceizak Battlegrounds</a>
  <a id="262" jp="エヌティエル水林">Foret de Hennetiel</a>
  <a id="263" jp="ヨルシア森林">Yorcia Weald</a>
  <a id="264" jp="ヨルシア森林〔Ｕ〕">Yorcia Weald [U]</a>
  <a id="265" jp="モリマー台地">Morimar Basalt Fields</a>
  <a id="266" jp="マリアミ渓谷">Marjami Ravine</a>
  <a id="267" jp="カミール山麓">Kamihr Drifts</a>
  <a id="268" jp="シィの門">Sih Gates</a>
  <a id="269" jp="モーの門">Moh Gates</a>
  <a id="270" jp="シルダス洞窟">Cirdas Caverns</a>
  <a id="271" jp="シルダス洞窟〔Ｕ〕">Cirdas Caverns [U]</a>
  <a id="272" jp="ドーの門">Dho Gates</a>
  <a id="273" jp="ウォーの門">Woh Gates</a>
  <a id="274" jp="ラ・カザナル宮外郭">Outer Ra'Kaznar</a>
  <a id="275" jp="ラ・カザナル宮外郭〔Ｕ〕">Outer Ra'Kaznar [U]</a>
  <a id="276" jp="ラ・カザナル宮内郭">Ra'Kaznar Inner Court</a>
  <a id="277" jp="ラ・カザナル宮天守">Ra'Kaznar Turris</a>
  <a id="280" jp="モグガーデン">Mog Garden</a>
  <a id="281" jp="リファーリア">Leafallia</a>
  <a id="282" jp="カミール山">Mount Kamihr</a>
  <a id="283" jp="シルバー・ナイフ">Silver Knife</a>
  <a id="284" jp="セレニア図書館">Celennia Memorial Library</a>
  <a id="285" jp="魂の聖櫃">Feretory</a>
  <a id="288" jp="エスカ-ジ・タ">Escha - Zi'Tah</a>
  <a id="289" jp="エスカ-ル・オン">Escha - Ru'Aun</a>
  <a id="290" jp="デスエチア-天象の鎖">Desuetia - Empyreal Paradox</a>
  <a id="291" jp="醴泉島">Reisenjima</a>
  <a id="292" jp="醴泉島-秘境">Reisenjima Henge</a>
  <a id="293" jp="醴泉島の祠">Reisenjima Sanctorium</a>
</areas>