﻿<?xml version="1.0" encoding="utf-8"?>
<ability_recasts>
  <o id="0" en="SP Ability" ja="SPアビリティ" />
  <o id="1" action_id="31" en="Berserk" ja="バーサク" />
  <o id="2" action_id="32" en="Warcry" ja="ウォークライ" />
  <o id="3" action_id="33" en="Defender" ja="ディフェンダー" />
  <o id="4" action_id="34" en="Aggressor" ja="アグレッサー" />
  <o id="5" action_id="35" en="Provoke" ja="挑発" />
  <o id="6" action_id="149" en="Warrior's Charge" ja="ウォリアーチャージ" />
  <o id="7" action_id="150" en="Tomahawk" ja="トマホーク" />
  <o id="8" action_id="226" en="Retaliation" ja="リタリエーション" />
  <o id="9" action_id="252" en="Restraint" ja="リストレント" />
  <o id="10" action_id="365" en="Rune Enchantment" ja="エンチャントルーン" />
  <o id="11" action_id="267" en="Blood Rage" ja="ブラッドレイジ" />
  <o id="13" action_id="36" en="Focus" ja="集中" />
  <o id="14" action_id="37" en="Dodge" ja="回避" />
  <o id="15" action_id="38" en="Chakra" ja="チャクラ" />
  <o id="16" action_id="39" en="Boost" ja="ためる" />
  <o id="17" action_id="40" en="Counterstance" ja="かまえる" />
  <o id="18" action_id="82" en="Chi Blast" ja="気孔弾" />
  <o id="19" action_id="151" en="Mantra" ja="マントラ" />
  <o id="20" action_id="152" en="Formless Strikes" ja="無想無念" />
  <o id="21" action_id="227" en="Footwork" ja="猫足立ち" />
  <o id="22" action_id="253" en="Perfect Counter" ja="絶対カウンター" />
  <o id="23" action_id="366" en="Vallation" ja="ヴァレション" />
  <o id="24" action_id="367" en="Swordplay" ja="ソードプレイ" />
  <o id="25" action_id="368" en="Lunge" ja="ランジ" />
  <o id="26" action_id="74" en="Divine Seal" ja="女神の印" />
  <o id="27" action_id="153" en="Martyr" ja="マーター" />
  <o id="28" action_id="154" en="Devotion" ja="デヴォーション" />
  <o id="29" action_id="245" en="Afflatus Solace" ja="ハートオブソラス" />
  <o id="30" action_id="246" en="Afflatus Misery" ja="ハートオブミゼリ" />
  <o id="31" action_id="269" en="Impetus" ja="インピタス" />
  <o id="32" action_id="270" en="Divine Caress" ja="女神の愛撫" />
  <o id="33" action_id="271" en="Sacrosanctity" ja="女神の聖域" />
  <o id="34" action_id="272" en="Enmity Douse" ja="エンミティダウス" />
  <o id="35" action_id="273" en="Manawell" ja="魔力の雫" />
  <o id="36" action_id="274" en="Saboteur" ja="サボトゥール" />
  <o id="37" action_id="275" en="Spontaneity" ja="クイックマジック" />
  <o id="38" action_id="75" en="Elemental Seal" ja="精霊の印" />
  <o id="39" action_id="254" en="Mana Wall" ja="マナウォール" />
  <o id="40" action_id="276" en="Conspirator" ja="コンスピレーター" />
  <o id="41" action_id="277" en="Sepulcher" ja="セプルカー" />
  <o id="42" action_id="278" en="Palisade" ja="パリセード" />
  <o id="43" action_id="279" en="Arcane Crest" ja="アルケインクレスト" />
  <o id="44" action_id="280" en="Scarlet Delirium" ja="レッドデリリアム" />
  <o id="45" action_id="281" en="Spur" ja="きばれ" />
  <o id="46" action_id="282" en="Run Wild" ja="ふりしぼれ" />
  <o id="47" action_id="283" en="Tenuto" ja="テヌート" />
  <o id="48" action_id="284" en="Marcato" ja="マルカート" />
  <o id="49" action_id="83" en="Convert" ja="コンバート" />
  <o id="50" action_id="247" en="Composure" ja="コンポージャー" />
  <o id="51" action_id="285" en="Bounty Shot" ja="バウンティショット" />
  <o id="52" action_id="286" en="Decoy Shot" ja="デコイショット" />
  <o id="53" action_id="287" en="Hamanoha" ja="破魔の刃" />
  <o id="54" action_id="288" en="Hagakure" ja="葉隠" />
  <o id="57" action_id="291" en="Issekigan" ja="一隻眼" />
  <o id="58" action_id="292" en="Dragon Breaker" ja="ドラゴンブレイカー" />
  <o id="59" action_id="369" en="Pflug" ja="フルーグ" />
  <o id="60" action_id="294" en="Steal" ja="ぬすむ" />
  <o id="61" action_id="228" en="Despoil" ja="ぶんどる" />
  <o id="62" action_id="42" en="Flee" ja="とんずら" />
  <o id="63" action_id="43" en="Hide" ja="かくれる" />
  <o id="64" action_id="44" en="Sneak Attack" ja="不意打ち" />
  <o id="65" action_id="45" en="Mug" ja="かすめとる" />
  <o id="66" action_id="76" en="Trick Attack" ja="だまし討ち" />
  <o id="67" action_id="155" en="Assassin's Charge" ja="アサシンチャージ" />
  <o id="68" action_id="156" en="Feint" ja="フェイント" />
  <o id="69" action_id="236" en="Accomp./Collab." ja="アカンプリス/コラボレーター" />
  <o id="70" action_id="295" en="Steady Wing" ja="ステディウィング" />
  <o id="71" action_id="296" en="Mana Cede" ja="マナシード" />
  <o id="72" action_id="370" en="Embolden" ja="エンボルド" />
  <o id="73" action_id="46" en="Shield Bash" ja="シールドバッシュ" />
  <o id="74" action_id="47" en="Holy Circle" ja="ホーリーサークル" />
  <o id="75" action_id="48" en="Sentinel" ja="センチネル" />
  <o id="76" action_id="79" en="Cover" ja="かばう" />
  <o id="77" action_id="92" en="Rampart" ja="ランパート" />
  <o id="78" action_id="157" en="Fealty" ja="フィールティ" />
  <o id="79" action_id="158" en="Chivalry" ja="シバルリー" />
  <o id="80" action_id="255" en="Divine Emblem" ja="神聖の印" />
  <o id="81" action_id="298" en="Unbridled Learning" ja="ノートリアスナレッジ" />
  <o id="84" action_id="301" en="Triple Shot" ja="トリプルショット" />
  <o id="85" action_id="49" en="Souleater" ja="暗黒" />
  <o id="86" action_id="50" en="Arcane Circle" ja="アルケインサークル" />
  <o id="87" action_id="51" en="Last Resort" ja="ラストリゾート" />
  <o id="88" action_id="77" en="Weapon Bash" ja="ウェポンバッシュ" />
  <o id="89" action_id="159" en="Dark Seal" ja="ダークシール" />
  <o id="90" action_id="160" en="Diabolic Eye" ja="ディアボリクアイ" />
  <o id="91" action_id="256" en="Nether Void" ja="ネザーヴォイド" />
  <o id="92" action_id="357" en="Rune Enchantment" ja="エンチャントルーン" />
  <o id="93" action_id="386" en="Entrust" ja="エントラスト" />
  <o id="94" action_id="387" en="Bestial Loyalty" ja="しょうしゅう" />
  <o id="95" action_id="389" en="Consume Mana" ja="コンスームマナ" />
  <o id="96" action_id="392" en="Crooked Cards" ja="クルケッドカード" />
  <o id="97" action_id="52" en="Charm" ja="あやつる" />
  <o id="98" action_id="53" en="Gauge" ja="みやぶる" />
  <o id="99" action_id="54" en="Tame" ja="なだめる" />
  <o id="100" action_id="69" en="Fight" ja="たたかえ" />
  <o id="101" action_id="73" en="Stay/Heel/Leave" ja="まってろ/もどれ/かえれ" />
  <o id="102" action_id="1023" en="Sic/Ready" ja="ほんきだせ/しじをさせろ" />
  <o id="103" action_id="78" en="Reward" ja="いたわる" />
  <o id="104" action_id="85" en="Call Beast" ja="よびだす" />
  <o id="105" action_id="161" en="Feral Howl" ja="フェラルハウル" />
  <o id="106" action_id="162" en="Killer Instinct" ja="K.インスティンクト" />
  <o id="107" action_id="225" en="Snarl" ja="ひきつけろ" />
  <o id="108" action_id="385" en="Apogee" ja="アポジー" />
  <o id="109" action_id="163" en="Nightingale" ja="ナイチンゲール" />
  <o id="110" action_id="164" en="Troubadour" ja="トルバドゥール" />
  <o id="112" action_id="229" en="Pianissimo" ja="ピアニッシモ" />
  <o id="113" action_id="371" en="Valiance" ja="ヴァリエンス" />
  <o id="114" action_id="309" en="Cooldown" ja="クールダウン" />
  <o id="115" action_id="310" en="Deus Ex Automata" ja="応急処置" />
  <o id="116" action_id="372" en="Gambit" ja="ガンビット" />
  <o id="117" action_id="373" en="Liement" ja="リエモン" />
  <o id="118" action_id="374" en="One for All" ja="ワンフォアオール" />
  <o id="119" action_id="375" en="Rayke" ja="レイク" />
  <o id="120" action_id="376" en="Battuta" ja="バットゥタ" />
  <o id="121" action_id="56" en="Scavenge" ja="スカベンジ" />
  <o id="122" action_id="57" en="Shadowbind" ja="影縫い" />
  <o id="123" action_id="58" en="Camouflage" ja="カモフラージュ" />
  <o id="124" action_id="59" en="Sharpshot" ja="狙い撃ち" />
  <o id="125" action_id="60" en="Barrage" ja="乱れ撃ち" />
  <o id="126" action_id="257" en="Unlimited/Double Shot" ja="エンドレスショット/ダブルショット" />
  <o id="127" action_id="165" en="Stealth Shot" ja="ステルスショット" />
  <o id="128" action_id="166" en="Flashy Shot" ja="フラッシーショット" />
  <o id="129" action_id="224" en="Velocity Shot" ja="ベロシティショット" />
  <o id="130" action_id="377" en="Widened Compass" ja="ワイデンコンパス" />
  <o id="131" action_id="378" en="Odyllic Subterfuge" ja="オディリックサブタ" />
  <o id="132" action_id="320" en="Konzen-ittai" ja="渾然一体" />
  <o id="133" action_id="62" en="Third Eye" ja="心眼" />
  <o id="134" action_id="63" en="Meditate" ja="黙想" />
  <o id="135" action_id="64" en="Warding Circle" ja="護摩の守護円" />
  <o id="136" action_id="167" en="Shikikoyo" ja="士気昂揚" />
  <o id="137" action_id="168" en="Blade Bash" ja="峰打ち" />
  <o id="138" action_id="173" en="Hasso" ja="八双" />
  <o id="139" action_id="174" en="Seigan" ja="星眼" />
  <o id="140" action_id="230" en="Sekkanoki" ja="石火之機" />
  <o id="141" action_id="258" en="Sengikori" ja="先義後利" />
  <o id="142" action_id="379" en="Ward" ja="ワード" />
  <o id="143" action_id="380" en="Effusion" ja="エフューズ" />
  <o id="145" action_id="171" en="Sange" ja="散華" />
  <o id="146" action_id="248" en="Yonin" ja="陽忍" />
  <o id="147" action_id="249" en="Innin" ja="陰忍" />
  <o id="148" action_id="259" en="Futae" ja="二重" />
  <o id="157" action_id="65" en="Ancient Circle" ja="エンシェントサークル" />
  <o id="158" action_id="260" en="Jump/Spirit Jump" ja="ジャンプ/スピリットジャンプ" />
  <o id="159" action_id="293" en="High/Soul Jump" ja="ハイジャンプ/ソウルジャンプ" />
  <o id="160" action_id="68" en="Super Jump" ja="スーパージャンプ" />
  <o id="161" action_id="87" en="Dismiss" ja="送還" />
  <o id="162" action_id="80" en="Spirit Link" ja="スピリットリンク" />
  <o id="163" action_id="61" en="Call Wyvern" ja="コールワイバーン" />
  <o id="164" action_id="169" en="Deep Breathing" ja="ディープブリージング" />
  <o id="165" action_id="170" en="Angon" ja="アンゴン" />
  <o id="170" action_id="88" en="Assault" ja="神獣の攻撃" />
  <o id="171" action_id="89" en="Retreat" ja="神獣の退避" />
  <o id="172" action_id="90" en="Release" ja="神獣の帰還" />
  <o id="173" action_id="780" en="Blood Pact: Rage" ja="契約の履行:幻術" />
  <o id="174" action_id="773" en="Blood Pact: Ward" ja="契約の履行:験術" />
  <o id="175" action_id="232" en="Elemental Siphon" ja="エレメントサイフォン" />
  <o id="176" action_id="250" en="Avatar's Favor" ja="神獣の加護" />
  <o id="181" action_id="94" en="Chain Affinity" ja="ブルーチェーン" />
  <o id="182" action_id="95" en="Burst Affinity" ja="ブルーバースト" />
  <o id="183" action_id="175" en="Convergence" ja="コンバージェンス" />
  <o id="184" action_id="176" en="Diffusion" ja="ディフュージョン" />
  <o id="185" action_id="297" en="Efflux" ja="エフラックス" />
  <o id="193" action_id="391" en="Phantom Roll" ja="ファントムロール" />
  <o id="194" action_id="123" en="Double-Up" ja="ダブルアップ" />
  <o id="195" action_id="132" en="Quick Draw" ja="クイックドロー" />
  <o id="196" action_id="134" en="Random Deal" ja="ランダムディール" />
  <o id="197" action_id="177" en="Snake Eye" ja="スネークアイ" />
  <o id="198" action_id="178" en="Fold" ja="フォールド" />
  <o id="199" action_id="124" en="Quick Draw" ja="クイックドロー" />
  <o id="205" action_id="136" en="Activate" ja="アクティベート" />
  <o id="206" action_id="137" en="Repair" ja="リペアー" />
  <o id="207" action_id="138" en="Deploy" ja="ディプロイ" />
  <o id="208" action_id="139" en="Deactivate" ja="ディアクティベート" />
  <o id="209" action_id="140" en="Retrieve" ja="リトリーブ" />
  <o id="210" action_id="148" en="Maneuvers" ja="マニューバ" />
  <o id="211" action_id="179" en="Role Reversal" ja="黒衣チェンジ" />
  <o id="212" action_id="180" en="Ventriloquy" ja="腹話術" />
  <o id="213" action_id="266" en="Tactical Switch" ja="タクティクスウィッチ" />
  <o id="214" action_id="322" en="Maintenance" ja="フラッシング" />
  <o id="215" action_id="194" en="Healing Waltz" ja="ヒーリングワルツ" />
  <o id="216" action_id="315" en="Sambas" ja="サンバモード" />
  <o id="217" action_id="311" en="Curing Waltz" ja="ケアルワルツ" />
  <o id="218" action_id="381" en="Jigs" ja="ジグモード" />
  <o id="219" action_id="237" en="Saber Dance" ja="剣の舞い" />
  <o id="220" action_id="312" en="Steps" ja="ステップ" />
  <o id="221" action_id="207" en="Flourishes I" ja="フラリッシュI" />
  <o id="222" action_id="213" en="Flourishes II" ja="フラリッシュII" />
  <o id="223" action_id="239" en="No Foot Rise" ja="ノーフットライズ" />
  <o id="224" action_id="238" en="Fan Dance" ja="扇の舞い" />
  <o id="225" action_id="262" en="Divine Waltz" ja="ディバインワルツ" />
  <o id="226" action_id="314" en="Flourishes III" ja="フラリッシュIII" />
  <o id="227" action_id="183" en="Waltzes" ja="ワルツモード" />
  <o id="228" action_id="211" en="Light Arts" ja="白のグリモア" />
  <o id="229" action_id="384" en="Contradance" ja="コントラダンス" />
  <o id="230" action_id="214" en="Modus Veritas" ja="以逸待労の計" />
  <o id="231" action_id="317" en="Stratagems" ja="戦術魔道書" />
  <o id="232" action_id="212" en="Dark Arts" ja="黒のグリモア" />
  <o id="233" action_id="223" en="Stratagems" ja="戦術魔道書" />
  <o id="234" action_id="233" en="Sublimation" ja="机上演習" />
  <o id="235" action_id="244" en="Enlightenment" ja="大悟徹底" />
  <o id="236" action_id="261" en="Presto" ja="プレスト" />
  <o id="237" action_id="265" en="Libra" ja="ライブラ" />
  <o id="238" action_id="318" en="Smiting Breath" ja="スマイトブレス" />
  <o id="239" action_id="319" en="Restoring Breath" ja="レストアブレス" />
  <o id="240" action_id="321" en="Bully" ja="まどわす" />
  <o id="241" action_id="344" en="Swipe" ja="スワイプ" />
  <o id="242" action_id="383" en="Vivacious Pulse" ja="ビベイシャス" />
  <o id="243" action_id="345" en="Full Circle" ja="フルサークル" />
  <o id="244" action_id="347" en="Ecl.Attr./Last.Eman." ja="サークルエンリッチ/エンデュアエマネイト" />
  <o id="245" action_id="348" en="Collimated Fervor" ja="コリメイトファーバー" />
  <o id="246" action_id="349" en="Life Cycle" ja="ライフサイクル" />
  <o id="247" action_id="350" en="Blaze of Glory" ja="グローリーブレイズ" />
  <o id="248" action_id="351" en="Dematerialize" ja="デマテリアライズ" />
  <o id="249" action_id="352" en="Theurgic Focus" ja="タウマテルギフォカス" />
  <o id="250" action_id="353" en="Concentric Pulse" ja="コンセントリクパルス" />
  <o id="251" action_id="354" en="Mending Halation" ja="メンドハレイション" />
  <o id="252" action_id="355" en="Radial Arcana" ja="レイディアルアルカナ" />
  <o id="253" action_id="382" en="Relinquish" ja="リリンク" />
  <o id="254" action_id="342" en="SP Ability II" ja="SPアビリティII" />
  <o id="255" action_id="251" en="Ready" ja="しじをさせろ" />
</ability_recasts>