﻿<?xml version="1.0" encoding="utf-8"?>
<action_messages>
  <o id="1" en="${actor} hits ${target} for ${number} points of damage." color="D" />
  <o id="2" en="${actor} casts ${spell}.${lb}${target} takes ${number} points of damage." color="D" />
  <o id="3" en="${actor} starts casting ${spell}." color="50" />
  <o id="4" en="${target} is out of range." color="122" />
  <o id="5" en="Unable to see ${target}." color="122" />
  <o id="6" en="${actor} defeats ${target}." color="36" />
  <o id="7" en="${actor} casts ${spell}.${lb}${target} recovers ${number} HP." color="H" suffix="HP" />
  <o id="8" en="${actor} gains ${number} experience points." color="131" />
  <o id="9" en="${actor} attains level ${number}!" color="131" />
  <o id="10" en="${actor} loses ${number} experience points." color="1" />
  <o id="11" en="${actor} falls to level ${number}." color="1" />
  <o id="12" en="Cannot attack.${lb}Your target is already claimed." color="1" />
  <o id="13" en="Debug Message: ${actor}: ${target} is now invincible." color="1" />
  <o id="14" en="${actor}'s attack is countered by ${target}.${lb}${number} of ${actor}'s shadows absorbs the damage and disappears." color="29" suffix="shadow" />
  <o id="15" en="${actor} misses ${target}." color="M" suffix="(miss)" />
  <o id="16" en="${actor}'s casting is interrupted." color="122" />
  <o id="17" en="Unable to cast spells at this time." color="122" />
  <o id="18" en="Unable to cast spells at this time." color="122" />
  <o id="19" en="${actor} calls for help!" color="1" />
  <o id="20" en="${target} falls to the ground." color="56" />
  <o id="21" en="No experience points gained." color="1" />
  <o id="22" en="You cannot call for help at this time." color="1" />
  <o id="23" en="${actor} learns a new spell!" color="91" />
  <o id="24" en="${target} recovers ${number} HP." color="H" suffix="HP" />
  <o id="25" en="${target} recovers ${number} MP." color="H" suffix="MP" />
  <o id="26" en="${target} recovers ${number} HP and MP." color="H" suffix="HP/MP" />
  <o id="27" en="Debug Message: Cannot execute command.${lb}No (BTCALC) command in ATEL source." color="1" />
  <o id="28" en="${actor} uses a ${item}." color="90" />
  <o id="29" en="${actor} is paralyzed." color="122" />
  <o id="30" en="${target} anticipates the attack." color="M" suffix="(miss)" />
  <o id="31" en="${number} of ${target}'s shadows absorbs the damage and disappears." color="29" suffix="shadow" />
  <o id="32" en="${target} dodges the attack." color="29" />
  <o id="33" en="${actor}'s attack is countered by ${target}.${lb}${actor} takes ${number} points of damage." color="D" />
  <o id="34" en="${actor} does not have enough MP to cast ${spell}." color="122" />
  <o id="35" en="${actor} lacks the ninja tools to cast ${spell}." color="122" />
  <o id="36" en="You lose sight of ${target}." color="122" />
  <o id="37" en="You are too far from the battle to gain experience." color="1" />
  <o id="38" en="${target}'s ${skill} skill rises 0.${number2} points." color="129" />
  <o id="39" en="You need the Dual Wield ability to equip the ${item} as a sub-weapon." color="1" />
  <o id="40" en="You cannot use ${spell} in this area." color="56" />
  <o id="41" en="${actor}: Status ailment check (${number})Cannot rest at this time." color="1" />
  <o id="42" en="${actor} casts ${spell} on ${target}." color="56" />
  <o id="43" en="${actor} readies ${weapon_skill}." color="110" />
  <o id="44" en="${target}'s spikes deal ${number} points of damage to ${actor}." color="D" />
  <o id="45" en="${actor} learns &quot;${weapon_skill}&quot;!" color="81" />
  <o id="46" en="Debug Message: Current POP number: (${number})" color="1" />
  <o id="47" en="${actor} cannot cast ${spell}." color="122" />
  <o id="48" en="${spell} cannot be cast on ${target}." color="122" />
  <o id="49" en="${actor} is unable to cast spells." color="122" />
  <o id="50" en="${actor} earns a merit points!${lb}(Total: ${number})" color="1" suffix="merit points" />
  <o id="51" en="--Out of sight--" color="1" />
  <o id="52" en="${target} gives up chasing ${actor}.${lb}---Find Path Error---" color="1" />
  <o id="53" en="${target}'s ${skill} skill reaches level ${number2}." color="129" />
  <o id="54" en="${actor} gains ${number} Besieged points." color="1" />
  <o id="55" en="Unable to use item." color="1" />
  <o id="56" en="Unable to use item." color="1" />
  <o id="57" en="Job changed." color="1" />
  <o id="58" en="Invalid job number." color="1" />
  <o id="59" en="You do not have access to specified job yet." color="1" />
  <o id="60" en="You do not have access to support jobs yet." color="1" />
  <o id="61" en="You cannot have the same job as both main and support jobs." color="1" />
  <o id="62" en="The ${item} fails to activate." color="121" />
  <o id="63" en="${actor} misses ${target}." color="M" suffix="(miss)" />
  <o id="64" en="${target} is no longer ${status}." color="191" />
  <o id="65" en="You are not carrying any Petras.${lb}You cannot use the ${item}." color="1" />
  <o id="66" en="Debug: Resisted spell!" color="R" />
  <o id="67" en="${actor} scores a critical hit!${lb}${target} takes ${number} points of damage." color="D" />
  <o id="68" en="Debug: Casting interrupted!" color="1" />
  <o id="69" en="${target} blocks ${actor}'s attack with his shield." color="1" />
  <o id="70" en="${target} parries ${actor}'s attack with his weapon." color="29" />
  <o id="71" en="${actor} cannot perform that action." color="122" />
  <o id="72" en="That action cannot be performed on ${target}." color="121" />
  <o id="73" en="Debug: ${target}'s status is now ${status}." color="1" />
  <o id="74" en="Debug: ${target} recovers from ${status}." color="H" />
  <o id="75" en="${actor}'s ${spell} has no effect on ${target}." color="R" />
  <o id="76" en="No valid target within area of effect." color="1" />
  <o id="77" en="${actor} uses Sange.${lb}${target} takes ${number} points of damage." color="D" />
  <o id="78" en="${target} is too far away." color="122" />
  <o id="79" en="Debug: ${target} uses Double Attack(${number}%)." color="1" />
  <o id="80" en="Debug: ${target} uses Triple Attack(${number}%)." color="1" />
  <o id="81" en="Debug: Battle Debug No.${lb}(${number}) used on ${target}." color="1" />
  <o id="82" en="${actor} casts ${spell}.${lb}${target} is ${status}!" color="57" />
  <o id="83" en="${actor} casts ${spell}.${lb}${actor} successfully removes ${target}'s ${status}." color="191" />
  <o id="84" en="${actor} is paralyzed." color="122" />
  <o id="85" en="${actor} casts ${spell}.${lb}${target} resists the spell." color="R" />
  <o id="86" en="${actor} casts ${spell}, but ${target} is outside the area of effect." color="1" />
  <o id="87" en="Unable to use job ability." color="122" />
  <o id="88" en="Unable to use job ability." color="122" />
  <o id="89" en="Unable to use weapon skill." color="122" />
  <o id="90" en="Unable to use weapon skill." color="122" />
  <o id="91" en="${actor} does not have any ${item}." color="1" />
  <o id="92" en="Cannot use the ${item} on ${target}." color="1" />
  <o id="93" en="${actor} casts ${spell}.${lb}${target} vanishes." color="64" />
  <o id="94" en="You must wait longer to perform that action." color="121" />
  <o id="95" en="You cannot learn ${spell}.${lb}You do not meet the job or level requirements." color="1" />
  <o id="96" en="You already know ${spell}." color="1" />
  <o id="97" en="${target} was defeated by ${actor}." color="38" />
  <o id="98" en="You obtain a ${item} from ${target}." color="127" />
  <o id="99" en="${actor}}${target}: ${number}, ${number}" color="1" />
  <o id="100" en="${actor} uses ${ability}." color="101" />
  <o id="101" en="${actor} uses ${weapon_skill}." color="56" />
  <o id="102" en="${actor} uses ${ability}.${lb}${target} recovers ${number} HP." color="H" suffix="HP" />
  <o id="103" en="${actor} uses ${weapon_skill}.${lb}${target} recovers ${number} HP." color="H" suffix="HP" />
  <o id="104" en="Unable to use item.${lb}You do not meet the level requirement." color="1" />
  <o id="105" en="${actor} gains ${number} experience points." color="131" />
  <o id="106" en="${actor} is intimidated by ${target}'s presence." color="122" />
  <o id="107" en="${target} is temporarily unable to access support job abilities." color="1" />
  <o id="108" en="${actor} uses ${ability}.${lb}Pet's powers increase!" color="101" />
  <o id="109" en="${actor} uses ${weapon_skill}.${lb}Pet's powers increase!" color="56" />
  <o id="110" en="${actor} uses ${ability}.${lb}${target} takes ${number} points of damage." color="D" />
  <o id="111" en="You cannot use ${item} while medicated." color="1" />
  <o id="112" en="${target}'s doom counter is now down to ${number}." color="101" />
  <o id="113" en="${actor} casts ${spell}.${lb}${target} falls to the ground." color="56" />
  <o id="114" en="${actor} casts ${spell} on ${target}, but the spell fails to take effect." color="69" />
  <o id="115" en="${actor} uses ${ability}.${lb}Attacks are enhanced but defense weakens." color="101" />
  <o id="116" en="${actor} uses ${ability}.${lb}${target}'s attacks are enhanced." color="101" />
  <o id="117" en="${actor} uses ${ability}.${lb}Defense is enhanced but attacks weaken." color="101" />
  <o id="118" en="${actor} uses ${ability}.${lb}Accuracy is enhanced but evasion is impaired." color="101" />
  <o id="119" en="${actor} uses ${ability} on ${target}." color="101" />
  <o id="120" en="${actor} uses ${ability}.${lb}${target}'s accuracy is enhanced." color="101" />
  <o id="121" en="${actor} uses ${ability}.${lb}${target}'s evasion is enhanced." color="101" />
  <o id="122" en="${actor} uses ${ability}.${lb}${actor} recovers ${number} HP." color="H" suffix="HP" />
  <o id="123" en="${actor} uses ${ability}.${lb}${actor} successfully removes ${target}'s ${status}." color="191" />
  <o id="124" en="${actor} achieves Gate Breach status!" color="1" />
  <o id="125" en="${actor} uses ${ability}.${lb}${actor} steals a ${item} from ${target}." color="101" />
  <o id="126" en="${actor} uses ${ability}.${lb}${actor}'s movement speed increases." color="101" />
  <o id="127" en="${actor} uses ${ability}.${lb}${target} is ${status}." color="101" />
  <o id="128" en="${target} is ${status} and cannot perform that action." color="122" />
  <o id="129" en="${actor} uses ${ability}.${lb}${actor} mugs ${number} from ${target}." color="101" suffix="gil" />
  <o id="130" en="${target} is ${status} for making a equipment change." color="1" />
  <o id="131" en="${actor} uses ${ability}.${lb}${target} is fortified against undead." color="101" />
  <o id="132" en="${target}'s spikes drain ${number} HP from ${actor}." color="H" suffix="HP" />
  <o id="133" en="${actor} uses ${ability}.${lb}${actor} steals ${number} Petra from ${target}." color="1" suffix="Petra" />
  <o id="134" en="${actor} uses ${ability}.${lb}${target} is fortified against arcana." color="101" />
  <o id="135" en="${actor} uses ${weapon_skill} on ${target}." color="56" />
  <o id="136" en="${actor} uses ${ability}.${lb}${target} is now under ${actor}'s control." color="101" />
  <o id="137" en="${actor} uses ${ability}.${lb}${actor} fails to charm ${target}." color="69" />
  <o id="138" en="${actor} uses ${ability}.${lb}${target} seems friendlier." color="101" />
  <o id="139" en="${actor} uses ${ability}, but finds nothing." color="101" />
  <o id="140" en="${actor} uses ${ability}, and finds a ${item2}." color="101" />
  <o id="141" en="${actor} uses ${ability}.${lb}${target} is ${status}." color="101" />
  <o id="142" en="${actor} uses ${weapon_skill}.${lb}${target} receives the effect of Accuracy Down and Evasion Down." color="56" />
  <o id="143" en="${actor} uses ${ability}.${lb}Ranged attacks become more accurate." color="101" />
  <o id="144" en="${actor} uses ${ability}.${lb}${target} receives the effect of Accuracy Down and Evasion Down." color="101" />
  <o id="145" en="${target} receives the effect of Accuracy Down and Evasion Down." color="101" />
  <o id="146" en="${actor} uses ${ability}.${lb}${target} receives the effect of Accuracy Boost and Evasion Boost." color="101" />
  <o id="147" en="${target} receives the effect of Accuracy Boost and Evasion Boost." color="101" />
  <o id="148" en="${actor} uses ${ability}.${lb}${target} is fortified against demons." color="101" />
  <o id="149" en="${target} is fortified against demons." color="101" />
  <o id="150" en="${actor} uses ${ability}.${lb}${target} is fortified against dragons." color="101" />
  <o id="151" en="${target} is fortified against dragons." color="64" />
  <o id="152" en="Additional effect: ${actor} recovers ${number} MP." color="H" suffix="MP" />
  <o id="153" en="${actor} uses ${ability}.${lb}${actor} fails to steal from ${target}." color="69" />
  <o id="154" en="${target} is out of range." color="122" />
  <o id="155" en="You cannot perform that action on the specified target." color="122" />
  <o id="156" en="${actor} uses ${ability}.${lb}No effect on ${target}." color="R" />
  <o id="157" en="${actor} uses Barrage.${lb}${target} takes ${number} points of damage." color="D" />
  <o id="158" en="${actor} uses ${ability}, but misses." color="M" suffix="(miss)" />
  <o id="159" en="${actor} uses ${weapon_skill}.${lb}${target}'s ${status} effect disappears!" color="H" />
  <o id="160" en="Additional effect: ${status}." color="34" />
  <o id="161" en="Additional effect: ${number} HP drained from ${target}." color="H" suffix="HP" />
  <o id="162" en="Additional effect: ${number} MP drained from ${target}." color="H" suffix="MP" />
  <o id="163" en="Additional effect: ${number} points of damage." color="D" />
  <o id="164" en="Additional effect: ${status}." color="34" />
  <o id="165" en="Additional effect: ${number} TP drained from ${target}." color="H" suffix="TP" />
  <o id="166" en="Additional effect: ${actor} gains the effect of ${status}." color="56" />
  <o id="167" en="Additional effect: ${actor} recovers ${number} HP." color="H" suffix="HP" />
  <o id="168" en="Additional effect: ${target}'s ${status} effect disappears!" color="101" />
  <o id="169" en="Additional effect: Warp!" color="1" />
  <o id="170" en="${target} seems ${skill}.${lb}It seems to have high evasion and defense." color="191" />
  <o id="171" en="${target} seems ${skill}.${lb}It seems to have high evasion." color="191" />
  <o id="172" en="${target} seems ${skill}.${lb}It seems to have high evasion but low defense." color="191" />
  <o id="173" en="${target} seems ${skill}.${lb}It seems to have high defense." color="191" />
  <o id="174" en="${target} seems ${skill}." color="191" />
  <o id="175" en="${target} seems ${skill}.${lb}It seems to have low defense." color="191" />
  <o id="176" en="${target} seems ${skill}.${lb}It seems to have low evasion but high defense." color="191" />
  <o id="177" en="${target} seems ${skill}.${lb}It seems to have low evasion." color="191" />
  <o id="178" en="${target} seems ${skill}.${lb}It seems to have low evasion and defense." color="191" />
  <o id="179" en="${target}: hit-eva(${number}) =} ${number}%" color="1" />
  <o id="180" en="str-vit(${number}) dmg-adj(${number})" color="1" />
  <o id="181" en="atk-def(${number}) ofs-adj%(${number})" color="1" />
  <o id="182" en="${target}: MonNo(${number})-Lev(${number})" color="1" />
  <o id="183" en="HIT-EVA(${number}) ATK-DEF(${number})" color="1" />
  <o id="184" en="${actor}:ALLIANCE SUM=${number}/LEV=${number}" color="1" />
  <o id="185" en="${actor} uses ${weapon_skill}.${lb}${target} takes ${number} points of damage." color="D" />
  <o id="186" en="${actor} uses ${weapon_skill}.${lb}${target} gains the effect of ${status}." color="56" />
  <o id="187" en="${actor} uses ${weapon_skill}.${lb}${number} HP drained from ${target}." color="H" suffix="HP" />
  <o id="188" en="${actor} uses ${weapon_skill}, but misses ${target}." color="M" suffix="(miss)" />
  <o id="189" en="${actor} uses ${weapon_skill}.${lb}No effect on ${target}." color="R" />
  <o id="190" en="${actor} cannot use that weapon ability." color="1" />
  <o id="191" en="${actor} is unable to use weapon skills." color="122" />
  <o id="192" en="${actor} does not have enough TP." color="122" />
  <o id="193" en="${weapon_skill} cannot be used against that target." color="1" />
  <o id="194" en="${actor} uses ${weapon_skill}.${lb}${target} gains the effect of ${status}." color="56" />
  <o id="195" en="${target}: TOTAL ALLIANCE SUM=${number}/LEV=${number}" color="1" />
  <o id="196" en="Skillchain!${lb}${target} takes ${number} points of damage." color="D" />
  <o id="197" en="${actor} uses ${weapon_skill}, but ${target} resists.${lb}${target} takes ${number} points of damage." color="D" />
  <o id="198" en="${target} is too far away." color="122" />
  <o id="199" en="That action requires a shield." color="1" />
  <o id="200" en="Time left until next use: (${time})" color="1" />
  <o id="201" en="Current time: (${time})" color="1" />
  <o id="202" en="Time left: (${time})" color="209" />
  <o id="203" en="${target} is ${status}." color="122" />
  <o id="204" en="${target} is no longer ${status}." color="191" />
  <o id="205" en="${target} gains the effect of ${status}." color="56" />
  <o id="206" en="${target}'s ${status} effect wears off." color="191" />
  <o id="207" en="HP / HPMax:${number}/${number}" color="1" />
  <o id="208" en="MP / MPMax:${number}/${number}" color="1" />
  <o id="209" en="TP:${number}%" color="1" suffix="TP" />
  <o id="210" en="${actor} cannot charm ${target}!" color="191" />
  <o id="211" en="It would be very difficult for ${actor} to charm ${target}." color="191" />
  <o id="212" en="It would be difficult for ${actor} to charm ${target}." color="191" />
  <o id="213" en="${actor} might be able to charm ${target}." color="191" />
  <o id="214" en="${actor} should be able to charm ${target}." color="191" />
  <o id="215" en="That action requires a pet." color="122" />
  <o id="216" en="You do not have a appropriate ranged weapon equipped." color="1" />
  <o id="217" en="You cannot see ${target}." color="122" />
  <o id="218" en="You move and interrupt your aim." color="122" />
  <o id="219" en="You cannot see ${target}." color="122" />
  <o id="220" en="You move and interrupt your aim." color="122" />
  <o id="221" en="${actor} uses ${weapon_skill}.${lb}${target}'s pet is released." color="56" />
  <o id="222" en="${target} isn't selling anything." color="1" />
  <o id="223" en="Skillchain: ${number} points of damage." color="D" />
  <o id="224" en="${actor} uses ${weapon_skill}.${lb}${target} recovers ${number} MP." color="H" suffix="MP" />
  <o id="225" en="${actor} uses ${weapon_skill}.${lb}${number} MP drained from ${target}." color="H" suffix="MP" />
  <o id="226" en="${actor} uses ${weapon_skill}.${lb}${number} TP drained from ${target}." color="H" suffix="TP" />
  <o id="227" en="${actor} casts ${spell}.${lb}${number} HP drained from ${target}." color="H" suffix="HP" />
  <o id="228" en="${actor} casts ${spell}.${lb}${number} MP drained from ${target}." color="H" suffix="MP" />
  <o id="229" en="Additional effect: ${target} takes ${number} additional points of damage." color="D" />
  <o id="230" en="${actor} casts ${spell}.${lb}${target} gains the effect of ${status}." color="56" />
  <o id="231" en="${actor} uses ${weapon_skill}.${lb}${number} of ${target}'s effects disappears!" color="56" />
  <o id="232" en="${target} is drawn in!" color="1" />
  <o id="233" en="You are ineligible to attack that target." color="1" />
  <o id="234" en="Auto-targeting ${target}." color="122" />
  <o id="235" en="That is someone's pet." color="1" />
  <o id="236" en="${actor} casts ${spell}.${lb}${target} is ${status}." color="57" />
  <o id="237" en="${actor} casts ${spell}.${lb}${target} receives the effect of ${status}." color="57" />
  <o id="238" en="${actor} uses ${weapon_skill}.${lb}${target} recovers ${number} HP." color="H" suffix="HP" />
  <o id="239" en="Size: ${number}" color="1" />
  <o id="240" en="${actor} tries to hide, but is spotted by ${target}." color="110" />
  <o id="241" en="${actor} hides!" color="1" />
  <o id="242" en="${actor} uses ${weapon_skill}.${lb}${target} is ${status}." color="56" />
  <o id="243" en="${actor} uses ${weapon_skill}.${lb}${target} receives the effect of ${status}." color="57" />
  <o id="244" en="${actor} fails to mug ${target}." color="69" />
  <o id="245" en="${actor} uses Eagle Eye Shot, but misses ${target}." color="M" suffix="(miss)" />
  <o id="246" en="${target} is full." color="122" />
  <o id="247" en="${actor} can't eat the ${item}." color="1" />
  <o id="248" en="${actor}'s attack has no effect on ${target}." color="R" />
  <o id="249" en="${target}'s strength is impossible to gauge!" color="191" />
  <o id="250" en="Reraise takes effect!" color="1" />
  <o id="251" en="The effect of ${status} is about to wear off." color="123" />
  <o id="252" en="${actor} casts ${spell}.${lb}Magic Burst!${lb}${target} takes ${number} points of damage." color="D" />
  <o id="253" en="EXP chain #${number}!${lb}${actor} gains ${number} experience points." color="131" />
  <o id="254" en="Current enmity: ${number}" color="1" />
  <o id="255" en="DEBUG: ${target}}${number}% chance of success." color="1" />
  <o id="256" en="In this flower pot: Seeds sown: ${item}" color="1" />
  <o id="257" en="Crystal used: none" color="1" />
  <o id="258" en="Crystal used: ${item}" color="1" />
  <o id="259" en="First crystal used: ${item} Second crystal used: ${item}" color="1" />
  <o id="260" en="First crystal used: none Second crystal used: ${item}" color="1" />
  <o id="261" en="First crystal used: ${item} Second crystal used: none" color="1" />
  <o id="262" en="First crystal used: none Second crystal used: none" color="1" />
  <o id="263" en="${target} recovers ${number} HP." color="H" suffix="HP" />
  <o id="264" en="${target} takes ${number} points of damage." color="D" />
  <o id="265" en="Magic Burst!${lb}${target} takes ${number} points of damage." color="D" />
  <o id="266" en="${target} gains the effect of ${status}." color="56" />
  <o id="267" en="${target} receives the effect of ${status}." color="57" />
  <o id="268" en="${actor} casts ${spell}.${lb}Magic Burst!${lb}${target} receives the effect of ${status}." color="57" />
  <o id="269" en="Magic Burst!${lb}${target} receives the effect of ${status}." color="57" />
  <o id="270" en="${target} is ${status}." color="122" />
  <o id="271" en="${actor} casts ${spell}.${lb}Magic Burst!${lb}${target} is ${status}." color="56" />
  <o id="272" en="Magic Burst!${lb}${target} is ${status}." color="56" />
  <o id="273" en="${target} vanishes!" color="64" />
  <o id="274" en="${actor} casts ${spell}.${lb}Magic Burst!${lb}${number} HP drained from ${target}." color="H" suffix="HP" />
  <o id="275" en="${actor} casts ${spell}.${lb}Magic Burst!${lb}${number} MP drained from ${target}." color="H" suffix="MP" />
  <o id="276" en="${target} recovers ${number} MP." color="H" suffix="MP" />
  <o id="277" en="${target} is ${status}." color="122" />
  <o id="278" en="${target} receives the effect of ${status}." color="57" />
  <o id="279" en="${target} is ${status}." color="122" />
  <o id="280" en="${target} gains the effect of ${status}." color="56" />
  <o id="281" en="${number} HP drained from ${target}." color="H" suffix="HP" />
  <o id="282" en="${target} evades." color="114" />
  <o id="283" en="No effect on ${target}." color="R" />
  <o id="284" en="${target} resists the effects of the spell!" color="R" />
  <o id="285" en="${target}'s attacks are enhanced." color="101" />
  <o id="286" en="${target} is fortified against undead." color="101" />
  <o id="287" en="${target} is fortified against arcana." color="101" />
  <o id="288" en="Skillchain: Light.${lb}${target} takes ${number} points of damage." color="D" />
  <o id="289" en="Skillchain: Darkness.${lb}${target} takes ${number} points of damage." color="D" />
  <o id="290" en="Skillchain: Gravitation.${lb}${target} takes ${number} points of damage." color="D" />
  <o id="291" en="Skillchain: Fragmentation.${lb}${target} takes ${number} points of damage." color="D" />
  <o id="292" en="Skillchain: Distortion.${lb}${target} takes ${number} points of damage." color="D" />
  <o id="293" en="Skillchain: Fusion.${lb}${target} takes ${number} points of damage." color="D" />
  <o id="294" en="Skillchain: Compression.${lb}${target} takes ${number} points of damage." color="D" />
  <o id="295" en="Skillchain: Liquefaction.${lb}${target} takes ${number} points of damage." color="D" />
  <o id="296" en="Skillchain: Induration.${lb}${target} takes ${number} points of damage." color="D" />
  <o id="297" en="Skillchain: Reverberation.${lb}${target} takes ${number} points of damage." color="D" />
  <o id="298" en="Skillchain: Transfixion.${lb}${target} takes ${number} points of damage." color="D" />
  <o id="299" en="Skillchain: Scission.${lb}${target} takes ${number} points of damage." color="D" />
  <o id="300" en="Skillchain: Detonation.${lb}${target} takes ${number} points of damage." color="D" />
  <o id="301" en="Skillchain: Impaction.${lb}${target} takes ${number} points of damage." color="D" />
  <o id="302" en="Skillchain: Cosmic Elucidation.${lb}${target} takes ${number} points of damage." color="D" />
  <o id="303" en="${actor} uses Divine Seal." color="101" />
  <o id="304" en="${actor} uses Elemental Seal." color="101" />
  <o id="305" en="${actor} uses Trick Attack." color="101" />
  <o id="306" en="${actor} uses ${ability}.${lb}${target} recovers ${number} HP." color="H" suffix="HP" />
  <o id="307" en="That action requires a two-handed weapon." color="122" />
  <o id="308" en="Unable to use the ${item}.${lb}${target}'s inventory is full." color="121" />
  <o id="309" en="${actor} casts ${spell} on ${target}." color="56" />
  <o id="310" en="${actor}'s ${skill} skill drops 0.${number} points!" color="1" suffix="skill points" />
  <o id="311" en="${actor} covers ${target}." color="101" />
  <o id="312" en="${actor}'s attempt to cover has no effect." color="R" />
  <o id="313" en="${target} is out of range.${lb}Unable to cast ${spell}." color="123" />
  <o id="314" en="${target}'s level is currently restricted to ${number}.${lb}Equipment affected by the level restriction will be adjusted accordingly." color="1" />
  <o id="315" en="${actor} already has a pet." color="122" />
  <o id="316" en="That action cannot be used in this area." color="56" />
  <o id="317" en="${actor} uses ${ability}.${lb}${target} takes ${number} points of damage." color="D" />
  <o id="318" en="${actor} uses ${ability}.${lb}${target} recovers ${number} HP." color="H" suffix="HP" />
  <o id="319" en="${actor} uses ${ability}.${lb}${target} gains the effect of ${status}." color="101" />
  <o id="320" en="${actor} uses ${ability}.${lb}${target} receives the effect of ${status}." color="101" />
  <o id="321" en="${actor} uses ${ability}.${lb}${target}'s ${status} ." color="191" />
  <o id="322" en="${actor} uses ${ability}.${lb}${target}'s ${status} effect wears off." color="191" />
  <o id="323" en="${actor} uses ${ability}.${lb}No effect on ${target}." color="R" />
  <o id="324" en="${actor} uses ${ability}, but misses ${target}." color="M" suffix="(miss)" />
  <o id="325" en="You are charmed by a enemy and unable to act." color="1" />
  <o id="326" en="${actor} readies ${ability}." color="100" />
  <o id="327" en="${actor} starts casting ${spell} on ${target}." color="50" />
  <o id="328" en="${target} is too far away." color="122" />
  <o id="329" en="${actor} casts ${spell}.${lb}${target}'s STR is drained." color="34" />
  <o id="330" en="${actor} casts ${spell}.${lb}${target}'s DEX is drained." color="34" />
  <o id="331" en="${actor} casts ${spell}.${lb}${target}'s VIT is drained." color="34" />
  <o id="332" en="${actor} casts ${spell}.${lb}${target}'s AGI is drained." color="34" />
  <o id="333" en="${actor} casts ${spell}.${lb}${target}'s INT is drained." color="34" />
  <o id="334" en="${actor} casts ${spell}.${lb}${target}'s MND is drained." color="34" />
  <o id="335" en="${actor} casts ${spell}.${lb}${target}'s CHR is drained." color="34" />
  <o id="336" en="No effect on that pet." color="R" />
  <o id="337" en="You do not have the necessary item equipped to call a beast." color="1" />
  <o id="338" en="You cannot summon avatars here." color="1" />
  <o id="339" en="Your chocobo senses a hostile presence and refuses to come to your side." color="1" />
  <o id="340" en="You must equip your main weapon first to use Dual Wield." color="1" />
  <o id="341" en="${actor} casts ${spell}.${lb}${target}'s ${status} effect disappears!" color="H" />
  <o id="342" en="${actor} casts ${spell}.${lb}${target}'s ${status} effect disappears!" color="H" />
  <o id="343" en="${target}'s ${status} effect disappears!" color="81" />
  <o id="344" en="${target}'s ${status} effect disappears!" color="81" />
  <o id="345" en="You cannot heal while you have a avatar summoned." color="1" />
  <o id="346" en="You must summon a avatar to use that command." color="1" />
  <o id="347" en="You must have pet food equipped to use that command." color="1" />
  <o id="348" en="You cannot call wyverns here." color="1" />
  <o id="349" en="You cannot call beasts here." color="1" />
  <o id="350" en="${target} is no longer ${status}." color="191" />
  <o id="351" en="The remedy removes ${target}'s status ailments." color="191" />
  <o id="352" en="${actor}'s ranged attack hits ${target} for ${number} points of damage." color="D" />
  <o id="353" en="${actor}'s ranged attack scores a critical hit!${lb}${target} takes ${number} points of damage." color="D" />
  <o id="354" en="${actor}'s ranged attack misses." color="M" suffix="(miss)" />
  <o id="355" en="${actor}'s ranged attack has no effect on ${target}." color="R" />
  <o id="356" en="Cannot execute command.${lb}Your inventory is full." color="1" />
  <o id="357" en="${target} regains ${number} HP." color="H" suffix="HP" />
  <o id="358" en="${target} regains ${number} MP." color="H" suffix="MP" />
  <o id="359" en="${target} narrowly escapes impending doom." color="1" />
  <o id="360" en="${actor} uses ${weapon_skill}.${lb}All of ${target}'s abilities are recharged." color="56" />
  <o id="361" en="All of ${target}'s abilities are recharged." color="1" />
  <o id="362" en="${actor} uses ${weapon_skill}.${lb}${target}'s TP is reduced to ${number}." color="56" suffix="TP" />
  <o id="363" en="${target}'s TP is reduced to ${number}." color="56" suffix="TP" />
  <o id="364" en="${actor} uses ${ability}.${lb}All of ${target}'s status parameters are boosted." color="101" />
  <o id="365" en="All of ${target}'s status parameters are boosted." color="101" />
  <o id="366" en="${number} MP drained from ${target}." color="H" suffix="MP" />
  <o id="367" en="${target} recovers ${number} HP." color="H" suffix="HP" />
  <o id="368" en="${actor} earns a merit points!${lb}(Total: ${number})" color="1" suffix="merit points" />
  <o id="369" en="${actor} uses ${weapon_skill}.${lb}${number} of ${target}'s attributes is drained." color="H" suffix="attributes" />
  <o id="370" en="${actor} uses ${weapon_skill}.${lb}${number} status effect is drained from ${target}." color="56" suffix="status effect" />
  <o id="371" en="${actor} gains ${number} limit points." color="131" suffix="limit points" />
  <o id="372" en="Limit chain #${number}!${lb}${actor} gains ${number} limit points." color="131" suffix="limit points" />
  <o id="373" en="${actor} hits ${target}.${lb}${target} recovers ${number} hit points!" color="H" suffix="HP" />
  <o id="374" en="Striking ${target}'s armor causes ${actor} to become ${status}." color="1" />
  <o id="375" en="${actor} uses a ${item}.${lb}${target} receives the effect of ${status}." color="81" />
  <o id="376" en="${actor} uses a ${item}.${lb}${target} obtains a ${item2}." color="81" />
  <o id="377" en="${actor} uses a ${item}.${lb}${target} obtains ${item2}." color="81" />
  <o id="378" en="${actor} uses a ${item}.${lb}${target}'s ${status} effect disappears!" color="81" />
  <o id="379" en="${actor} uses ${ability}.${lb}Magic Burst!${lb}${target} takes ${number} points of damage." color="D" />
  <o id="380" en="${merit skill} modification has risen to level ${number}." color="1" />
  <o id="381" en="${merit skill} modification has dropped to level ${number}." color="1" />
  <o id="382" en="${actor}'s ranged attack hits ${target}.${lb}${target} recovers ${number} hit points!" color="H" suffix="HP" />
  <o id="383" en="${target}'s spikes restore ${number} HP to ${actor}." color="1" suffix="HP" />
  <o id="384" en="Additional effect: ${target} recovers ${number} HP." color="H" suffix="HP" />
  <o id="385" en="Skillchain: Light.${lb}${target} recovers ${number} hit points!" color="H" suffix="HP" />
  <o id="386" en="Skillchain: Darkness.${lb}${target} recovers ${number} hit points!" color="H" suffix="HP" />
  <o id="387" en="Skillchain: Gravitation.${lb}${target} recovers ${number} hit points!" color="H" suffix="HP" />
  <o id="388" en="Skillchain: Fragmentation.${lb}${target} recovers ${number} hit points!" color="H" suffix="HP" />
  <o id="389" en="Skillchain: Distortion.${lb}${target} recovers ${number} hit points!" color="H" suffix="HP" />
  <o id="390" en="Skillchain: Fusion.${lb}${target} recovers ${number} hit points!" color="H" suffix="HP" />
  <o id="391" en="Skillchain: Compression.${lb}${target} recovers ${number} hit points!" color="H" suffix="HP" />
  <o id="392" en="Skillchain: Liquefaction.${lb}${target} recovers ${number} hit points!" color="H" suffix="HP" />
  <o id="393" en="Skillchain: Induration.${lb}${target} recovers ${number} hit points!" color="H" suffix="HP" />
  <o id="394" en="Skillchain: Reverberation.${lb}${target} recovers ${number} hit points!" color="H" suffix="HP" />
  <o id="395" en="Skillchain: Transfixion.${lb}${target} recovers ${number} hit points!" color="H" suffix="HP" />
  <o id="396" en="Skillchain: Scission.${lb}${target} recovers ${number} hit points!" color="H" suffix="HP" />
  <o id="397" en="Skillchain: Detonation.${lb}${target} recovers ${number} hit points!" color="H" suffix="HP" />
  <o id="398" en="Skillchain: Impaction.${lb}${target} recovers ${number} hit points!" color="H" suffix="HP" />
  <o id="399" en="${actor} uses a ${item}.${lb}All of ${target}'s Petras vanish!" color="1" />
  <o id="400" en="${actor} uses a ${item}.${lb}${number} of ${target}'s status ailments disappears!" color="81" />
  <o id="401" en="${actor} uses a ${item}.${lb}${number} of ${target}'s effects disappears!" color="81" />
  <o id="402" en="${actor} uses ${weapon_skill}.${lb}${target}'s magic defense is enhanced." color="56" />
  <o id="403" en="${number} of ${target}'s attributes is drained." color="1" />
  <o id="404" en="${number} status effect is drained from ${target}." color="1" />
  <o id="405" en="${actor} uses ${weapon_skill}.${lb}${number} of ${target}'s effects disappears!" color="56" />
  <o id="406" en="${actor} uses ${weapon_skill}.${lb}${target} falls to the ground." color="166" />
  <o id="407" en="${actor} uses a ${item}.${lb}${target}'s TP is reduced." color="81" suffix="TP" />
  <o id="408" en="${actor} uses a ${item}.${lb}No effect on ${target}." color="R" />
  <o id="409" en="${actor} uses ${weapon_skill}.${lb}${target}'s TP is increased to ${number}." color="H" suffix="TP" />
  <o id="410" en="No target available.${lb}Unable to use item." color="1" />
  <o id="411" en="${actor} attempts to use the ${item}, but lacks the required number of Ballista Points.${lb}You currently have ${number} Ballista points." color="1" />
  <o id="412" en="${actor} uses a ${item}.${lb}${target} receives the effect of ${status}." color="81" />
  <o id="413" en="${actor} uses a ${item}.${lb}${target} takes ${number} points of damage." color="D" />
  <o id="414" en="${actor} uses ${ability}.${lb}${target} receives the effect of Magic Attack Boost and Magic Defense Boost." color="101" />
  <o id="415" en="${target} receives the effect of Magic Attack Boost and Magic Defense Boost." color="101" />
  <o id="416" en="${actor} uses ${weapon_skill}.${lb}${target} receives the effect of Magic Attack Boost and Magic Defense Boost." color="56" />
  <o id="417" en="${actor} uses ${ability}.${lb}${number} of ${target}'s attributes is drained." color="101" />
  <o id="418" en="${actor} uses ${weapon_skill} on ${target}.${lb}${target}'s target switches to ${actor}!" color="56" />
  <o id="419" en="${target} learns ${spell}!" color="81" />
  <o id="420" en="${actor} uses ${ability}. The total comes to ${number}!${lb}${target} receives the effect of ${ability}." color="101" />
  <o id="421" en="${target} receives the effect of ${ability}." color="111" />
  <o id="422" en="${actor} uses ${ability}.${lb}The total comes to ${number}!${lb}No effect on ${target}." color="R" />
  <o id="423" en="No effect on ${target}." color="R" />
  <o id="424" en="${actor} uses Double-Up.${lb}The total for ${ability} increases to ${number}!${lb}${target} receives the effect of ${ability}." color="101" />
  <o id="425" en="${actor} uses Double-Up.${lb}The total for ${ability} increases to ${number}!${lb}No effect on ${target}." color="R" />
  <o id="426" en="${actor} uses Double-Up.${lb}Bust!${lb}${target} loses the effect of ${ability}." color="102" />
  <o id="427" en="${target} loses the effect of ${ability}." color="112" />
  <o id="428" en="There are no rolls eligible for Double-Up.${lb}Unable to use ability." color="1" />
  <o id="429" en="The same roll is already active on ${actor}." color="1" />
  <o id="430" en="${actor} casts ${spell}.${lb}1 of ${target}'s attributes is drained." color="1" />
  <o id="431" en="${actor} casts ${spell}.${lb}${target}'s TP is reduced." color="56" suffix="TP" />
  <o id="432" en="${actor} casts ${spell}.${lb}${target} receives the effect of Accuracy Boost and Evasion Boost." color="101" />
  <o id="433" en="${actor} casts ${spell}.${lb}${target} receives the effect of Magic Attack Boost and Magic Defense Boost." color="101" />
  <o id="434" en="You cannot customize an activated automaton." color="1" />
  <o id="435" en="${actor} uses ${ability}!${lb}${target}'s abilities are recharged." color="101" />
  <o id="436" en="${target}'s abilities are recharged." color="111" />
  <o id="437" en="${actor} uses ${ability}!${lb}${target}'s abilities are recharged.${lb}${target}'s TP is increased." color="101" />
  <o id="438" en="${target}'s abilities are recharged.${lb}${target}'s TP is increased." color="111" />
  <o id="439" en="${actor} uses ${ability}!${lb}All of ${target}'s abilities are recharged.${lb}${target} regains MP." color="101" />
  <o id="440" en="All of ${target}'s abilities are recharged.${lb}${target} regains MP." color="111" suffix="MP" />
  <o id="441" en="${actor} uses ${ability}.${lb}${target} receives the effect of ${ability}." color="101" />
  <o id="442" en="${actor} learns a new ability!" color="81" />
  <o id="443" en="You cannot learn ${ability}.${lb}You do not meet the job or level requirements." color="1" />
  <o id="444" en="You already know ${ability}." color="1" />
  <o id="445" en="You cannot use items at this time." color="1" />
  <o id="446" en="You cannot attack that target." color="1" />
  <o id="447" en="You are provoked and unable to change your target." color="1" />
  <o id="448" en="Time allowed in Dynamis has been extended by ${number} minute." color="1" />
  <o id="449" en="---== WARNING ==---- Time remaining in Dynamis: ${number} minute." color="1" />
  <o id="450" en="WATCH${number} ${target}:${number}" color="1" />
  <o id="451" en="${actor} uses ${ability}.${lb}${target} regains ${number} MP." color="H" suffix="MP" />
  <o id="452" en="${actor} uses ${ability}.${lb}${target} regains ${number} TP." color="H" suffix="TP" />
  <o id="453" en="${actor} uses ${ability}.${lb}${actor} steals the effect of ${status} from ${target}." color="101" />
  <o id="454" en="${actor} casts ${spell}.${lb}${number} TP drained from ${target}." color="H" suffix="TP" />
  <o id="455" en="Debug : Fishing skill check: ${item} : ???${number}" color="1" />
  <o id="456" en="Debug : Level Restriction on.${lb}PetType ${number}/ID ${number}" color="1" />
  <o id="457" en="Debug : Level restriction off.${lb}PetType ${number}/ID ${number}" color="1" />
  <o id="458" en="Debug : Dif - Now } ${number} RATE ${number}/10" color="1" />
  <o id="459" en="Self-destruct check: skipping calculation of ${target}'s self-destruct process md_no${number}/cmd_arg${number}!" color="1" />
  <o id="460" en="EXP Check: ${actor} } ${target} XP:${number}/LvUp${number}" color="1" />
  <o id="461" en="${target}:STR ${number}/${number}" color="1" />
  <o id="462" en="${target}:DEX ${number}/${number}" color="1" />
  <o id="463" en="${target}:VIT ${number}/${number}" color="1" />
  <o id="464" en="${target}:AGI ${number}/${number}" color="1" />
  <o id="465" en="${target}:INT ${number}/${number}" color="1" />
  <o id="466" en="${target}:MND ${number}/${number}" color="1" />
  <o id="467" en="${target}:CHR ${number}/${number}" color="1" />
  <o id="468" en="Wyvern: JobLv${${number}} TaskLv${${number}}" color="1" />
  <o id="469" en="ID: Master${${number}} Pet${${number}}" color="1" />
  <o id="470" en="Wyvern routine type: Master${${number}} Pet${${number}}" color="1" />
  <o id="471" en="Avatar type: Master${${number}} Pet${${number}}" color="1" />
  <o id="472" en="Avatar MP: Master${${number}} Pet${${number}}" color="1" />
  <o id="473" en="Avatar HP: Master${${number}} Pet${${number}}" color="1" />
  <o id="474" en="Avatar level: Master${${number}} Pet${${number}}" color="1" />
  <o id="475" en="Avatar No.: Master${${number}} Pet${${number}}" color="1" />
  <o id="476" en="Probability of ${target} dropping ${item}: ${number}/10" color="1" />
  <o id="477" en="Unable to target ${target}.${lb}You have not received the level cap status." color="1" />
  <o id="478" en="Height differential between ${actor} and ${target}: ${number}mm." color="1" />
  <o id="479" en="Damage taken." color="1" />
  <o id="480" en="Number of Targets (${number}) Damage (${number})" color="1" />
  <o id="481" en="Overall: Number of Attacks (${number}) Misses (${number})" color="1" />
  <o id="482" en="Number of Targets (${number}) Damage (${number})" color="1" />
  <o id="483" en="Ranged Attack: Number of Attacks (${number}) Misses (${number})" color="1" />
  <o id="484" en="Number of Targets (${number}) Damage (${number})" color="1" />
  <o id="485" en="JA: Number of Attacks (${number}) Misses (${number})" color="1" />
  <o id="486" en="Number of Targets (${number}) Damage (${number})" color="1" />
  <o id="487" en="Weapon Skill: Number of Attacks (${number}) Misses (${number})" color="1" />
  <o id="488" en="Number of Targets (${number}) Damage(${number})" color="1" />
  <o id="489" en="Spell: Number of Attacks (${number}) Misses (${number})" color="1" />
  <o id="490" en="Number of Targets (${number}) Damage(${number})" color="1" />
  <o id="491" en="AA: Number of Attacks (${number}) Misses (${number})" color="1" />
  <o id="492" en="Time: ${number}" color="1" />
  <o id="493" en="${actor}'s log" color="1" />
  <o id="494" en="??????:${number} ??????:${number}" color="1" />
  <o id="495" en="${actor}???:${skill}}????${number}%" color="1" />
  <o id="496" en="${actor}???:${skill}}?????${number}%" color="1" />
  <o id="497" en="??????${actor} : ??+${number}/??+${number}%" color="1" />
  <o id="498" en="????? ${actor} } ${target}" color="1" />
  <o id="499" en="Hate : ${actor}}${target} ${number}/${number}" color="1" />
  <o id="500" en="????to?? ${actor}:CODE ${number}/${number}" color="1" />
  <o id="501" en="StatusGet(${target}:${number}/${number})" color="1" />
  <o id="502" en="StatusSet(${target}:${number}/${number})" color="1" />
  <o id="503" en="${target}: Skillchain Element ${number}(${number})" color="1" />
  <o id="504" en="${target}:???????????(${number}?????${number}%)" color="1" />
  <o id="505" en="${target}:????????(${number})???????(${number})?" color="1" />
  <o id="506" en="${target}:????????(${number})???????(${number})?" color="1" />
  <o id="507" en="${target}:??????????=${number}/?????????=${number}" color="1" />
  <o id="508" en="${target}:??????${number}%,PS${number}" color="1" />
  <o id="509" en="${target}:${ ${number}/${number} }" color="1" />
  <o id="510" en="DEBUG:${target}}${skill} = ${number}%" color="1" />
  <o id="511" en="DEBUG:${target}}${number}%?????(${number})?" color="1" />
  <o id="512" en="You must have a two-handed weapon equipped in the main weapon slot in order to equip a grip." color="1" />
  <o id="513" en="This grip is not compatible with the two-handed weapon you currently have equipped." color="1" />
  <o id="514" en="You do not have the proper items equipped to use the ${item}." color="1" />
  <o id="515" en="${actor} has successfully recorded the target's image onto a ${item}." color="1" />
  <o id="516" en="${actor} was unable to capture the target's image." color="1" />
  <o id="517" en="The ${item} cannot be used on that target." color="1" />
  <o id="518" en="The ${item} cannot be used while under the effect of Invisible or Sneak." color="1" />
  <o id="519" en="${actor} uses ${ability}.${lb}${target} is afflicted with Lethargic Daze (lv.${number})." color="101" prefix="lv." />
  <o id="520" en="${actor} uses ${ability}.${lb}${target} is afflicted with Sluggish Daze (lv.${number})." color="101" prefix="lv." />
  <o id="521" en="${actor} uses ${ability}.${lb}${target} is afflicted with Weakened Daze (lv.${number})." color="101" prefix="lv." />
  <o id="522" en="${actor} uses ${ability}.${lb}${target} takes ${number} points of damage and is stunned." color="D" suffix="stun" />
  <o id="523" en="The same effect is already active on ${actor}." color="122" />
  <o id="524" en="You have not earned enough finishing moves to perform that action." color="1" />
  <o id="525" en="${ability} can only be performed during battle." color="1" />
  <o id="526" en="${actor} uses ${ability}.${lb}Enmity is stolen from ${target}." color="101" />
  <o id="527" en="${actor} uses ${ability}.${lb}Ranged attack power and speed are increased.${lb}Melee attack power and speed are reduced." color="101" />
  <o id="528" en="${actor} uses ${ability}.${lb}Enmity is transferred to ${actor}'s pet." color="101" />
  <o id="529" en="${actor} uses ${ability}.${lb}${target} is chainbound." color="101" />
  <o id="530" en="${target}'s petrification counter is now down to ${number}." color="101" />
  <o id="531" en="${target} is no longer ${status}." color="191" />
  <o id="532" en="${actor} uses ${ability}.${lb}${target} receives the effect of Sneak and Invisible." color="101" />
  <o id="533" en="${actor} casts ${spell}.${lb}${target}'s Accuracy is drained." color="1" />
  <o id="534" en="${actor} casts ${spell}.${lb}${target}'s Attack is drained." color="1" />
  <o id="535" en="${target} retaliates.${lb}${number} of ${actor}'s shadows absorbs the damage and disappears." color="29" suffix="shadow" />
  <o id="536" en="${target} retaliates.${lb}${actor} takes ${number} points of damage." color="D" />
  <o id="537" en="${target}'s TP is increased to ${number}%." color="H" suffix="TP" />
  <o id="538" en="A protective energy absorbs the malice of your enemy!" color="1" />
  <o id="539" en="${actor} uses ${weapon_skill}.${lb}${target} regains HP." color="H" suffix="HP" />
  <o id="540" en="Level Sync activated.${lb}Your level has been restricted to ${number}.${lb}Equipment affected by the level restriction will be adjusted accordingly.${lb}Experience points will become unavailable for all party members should the Level Sync designee stray too far from the enemy." color="1" />
  <o id="541" en="Level Sync could not be activated.${lb}The designated player is below level 10." color="1" />
  <o id="542" en="Level Sync could not be activated.${lb}The designated player is in a different area." color="1" />
  <o id="543" en="Level Sync could not be activated.${lb}One or more party members are currently under the effect of a status which prevents synchronization." color="1" />
  <o id="544" en="Level synchronization will be removed in ${number} seconds." color="1" />
  <o id="545" en="No experience points gained...${lb}The Level Sync designee is either too far from the enemy, or unconscious." color="1" />
  <o id="546" en="Your ${status} effect duration has been extended." color="1" />
  <o id="547" en="This ability can only be used on targets under the effect of a helix." color="1" />
  <o id="548" en="The party member you have selected is incapable of receiving experience points, and as such cannot be a Level Sync designee." color="1" />
  <o id="549" en="No experience points gained...${lb}The Level Sync designee is incapable of receiving experience points." color="1" />
  <o id="550" en="Level Sync will be deactivated in ${number} seconds.${lb}One or more party members have received the effect of a status which prevents synchronization." color="1" />
  <o id="551" en="Level Sync will be deactivated in ${number} seconds.${lb}The party leader or the Level Sync designee has left the area." color="1" />
  <o id="552" en="Level Sync will be deactivated in ${number} seconds.${lb}Less than two party members fulfill the requirements for Level Sync." color="1" />
  <o id="553" en="Level Sync will be deactivated in ${number} seconds.${lb}The party leader has removed synchronization, or the Level Sync designee has left the party." color="1" />
  <o id="554" en="Level Sync will be deactivated in ${number} seconds.${lb}The Level Sync designee has fallen below level 10." color="1" />
  <o id="555" en="Level Sync will be deactivated in ${number} seconds.${lb}A party member has undergone a job change." color="1" />
  <o id="556" en="Level Sync will be deactivated in ${number} seconds.${lb}The Level Sync designee is incapable of receiving experience points." color="1" />
  <o id="557" en="${target} receives ${number} piece of alexandrite." color="101" />
  <o id="558" en="You defeated a designated target.${lb}(Progress: ${number}/${number2})" color="122" />
  <o id="559" en="You have successfully completed the training regime." color="122" />
  <o id="560" en="${actor} uses ${ability}. Finishing move now ${number}." color="101" suffix="FM" />
  <o id="561" en="Unable to perform that action.${lb}Your have already earned the maximum number of finishing moves." color="122" />
  <o id="562" en="The status parameters of ${target} have increased." color="122" />
  <o id="563" en="${actor} destroys ${target}." color="101" />
  <o id="564" en="${target} were destroyed." color="101" />
  <o id="565" en="${target} obtains ${gil}." color="1" />
  <o id="566" en="${target} obtains ${number} tab.${lb}(Total: ${number})" color="1" />
  <o id="567" en="${actor} stowed away a ${item} in ?Unknown Parameter (Type: 90) 91?his/her] tattered Maze Monger pouch." color="1" />
  <o id="568" en="Your tattered Maze Monger pouch already contains a ${item} and cannot hold another." color="1" />
  <o id="569" en="Your current status prevents you from using that ability." color="1" />
  <o id="570" en="${actor} casts ${spell}.${lb}${number} of ${target}'s status ailments disappears!" color="81" />
  <o id="571" en="${number} of ${target}'s status ailments disappears!" color="81" />
  <o id="572" en="${actor} casts ${spell}.${lb}${actor} absorbs ${number} of ${target}'s status ailments." color="81" />
  <o id="573" en="${actor} or a alliance member is participating in a union.${lb}Ineligible to obtain treasure from this enemy." color="1" />
  <o id="574" en="${actor}'s pet is currently unable to perform that action." color="1" />
  <o id="575" en="${actor}'s pet does not have enough TP to perform that action." color="122" />
  <o id="576" en="${actor}'s ranged attack hits ${target} squarely for ${number} points of damage!" color="D" />
  <o id="577" en="${actor}'s ranged attack strikes true, pummeling ${target} for ${number} points of damage!" color="D" />
  <o id="578" en="Hunt objective fulfilled!${lb}Please report to a hunt registry to collect your reward." color="1" />
  <o id="579" en="Unable to use the ${item}.${lb}Party leaders or those not in a party cannot use a ${item}." color="1" />
  <o id="580" en="Unable to use the ${item}.${lb}The party leader is in either a area beyond warping range or a place you have yet to visit." color="1" />
  <o id="581" en="Unable to cast ${spell}.${lb}Astral Flow must be in effect to cast this spell." color="1" />
  <o id="582" en="${actor} obtains ${gil}." color="1" />
  <o id="583" en="Trial ${number}: ${number} objective remains." color="1" />
  <o id="584" en="You have completed Trial ${number}.${lb}Report your success to a Magian Moogle." color="1" />
  <o id="585" en="${actor} uses ${ability}.${lb}${target}'s enmity towards ${actor} is ${number}%." color="101" suffix="%%" />
  <o id="586" en="Towards ${target} is ${number}%." color="101" suffix="%%" />
  <o id="587" en="${target} regains ${number} HP." color="H" suffix="HP" />
  <o id="588" en="${target} regains ${number} MP." color="H" suffix="MP" />
  <o id="589" en="${target} have been healed of ${number} status ailments." color="1" />
  <o id="590" en="You can now perform ${weapon_skill}." color="1" />
  <o id="591" en="${actor} uses ${ability}.${lb}${target} is afflicted with Bewildered Daze (lv.${number})." color="101" prefix="lv." />
  <o id="592" en="${target} attempts to counter ${actor}'s attack, but misses." color="M" suffix="(miss)" />
  <o id="593" en="${actor} uses ${ability}.${lb}${actor} steals a ${item} from ${target}.${lb}Additional effect: ${target} is afflicted with Attack Down." color="101" />
  <o id="594" en="${actor} uses ${ability}.${lb}${actor} steals a ${item} from ${target}.${lb}Additional effect: ${target} is afflicted with Defense Down." color="101" />
  <o id="595" en="${actor} uses ${ability}.${lb}${actor} steals a ${item} from ${target}.${lb}Additional effect: ${target} is afflicted with Magic Atk. Down." color="101" />
  <o id="596" en="${actor} uses ${ability}.${lb}${actor} steals a ${item} from ${target}.${lb}Additional effect: ${target} is afflicted with Magic Def. Down." color="101" />
  <o id="597" en="${actor} uses ${ability}.${lb}${actor} steals a ${item} from ${target}.${lb}Additional effect: ${target} is afflicted with Evasion Down." color="101" />
  <o id="598" en="${actor} uses ${ability}.${lb}${actor} steals a ${item} from ${target}.${lb}Additional effect: ${target} is afflicted with Accuracy Down." color="101" />
  <o id="599" en="${actor} uses ${ability}.${lb}${actor} steals a ${item} from ${target}.${lb}Additional effect: ${target} is afflicted with Slow." color="101" />
  <o id="600" en="${actor} eats a ${item}.${lb}${actor} finds a ${item2} inside!" color="1" />
  <o id="601" en="Objective fulfilled!${lb}Please report to a Dominion Sergeant to collect your reward." color="122" />
  <o id="602" en="${actor} uses ${ability}.${lb}${target} receives the effect of ${ability}." color="101" />
  <o id="603" en="Additional effect: Treasure Hunter effectiveness against ${target} increases to ${number}." color="501" />
  <o id="604" en="${actor} eats a ${item}, but finds nothing inside..." color="1" />
  <o id="605" en="Additional effect: ${target} falls to the ground." color="56" />
  <o id="606" en="${actor}'s absorbs ${target}'s counter.${lb}${actor} recovers ${number} HP." color="H" suffix="HP" />
  <o id="607" en="${actor} uses ${weapon_skill}.${lb}${number} of ${target}'s status ailments disappears!" color="H" />
  <o id="608" en="${actor} uses ${ability}.${lb}Treasure Hunter effectiveness against ${target} increases to ${number}." color="501" />
  <o id="609" en="Prowess attained: Increased treasure casket discovery." color="122" />
  <o id="610" en="Prowess attained: Increased combat and magic skill gain." color="122" />
  <o id="611" en="Prowess attained: Increased crystal yield." color="122" />
  <o id="612" en="Prowess attained: Treasure Hunter bonus." color="122" />
  <o id="613" en="Prowess attained: Increased attack speed." color="122" />
  <o id="614" en="Prowess attained: Increased HP and MP." color="122" />
  <o id="615" en="Prowess attained: Enhanced accuracy and ranged accuracy." color="122" />
  <o id="616" en="Prowess attained: Enhanced attack and ranged attack." color="122" />
  <o id="617" en="Prowess attained: Enhanced magic accuracy and magic attack." color="122" />
  <o id="618" en="Prowess attained: Enhanced &quot;Cure&quot; potency." color="122" />
  <o id="619" en="Prowess attained: Increased weapon skill damage." color="122" />
  <o id="620" en="Prowess attained: &quot;Killer&quot; effects bonus." color="122" />
  <o id="625" en="Prowess boosted: Increased treasure casket discovery." color="122" />
  <o id="626" en="Prowess boosted: Increased combat and magic skill gain." color="122" />
  <o id="627" en="Prowess boosted: Increased crystal yield." color="122" />
  <o id="628" en="Prowess boosted: Treasure Hunter bonus." color="122" />
  <o id="629" en="Prowess boosted: Increased attack speed." color="122" />
  <o id="630" en="Prowess boosted: Increased HP and MP." color="122" />
  <o id="631" en="Prowess boosted: Enhanced accuracy and ranged accuracy." color="122" />
  <o id="632" en="Prowess boosted: Enhanced attack and ranged attack." color="122" />
  <o id="633" en="Prowess boosted: Enhanced magic accuracy and magic attack." color="122" />
  <o id="634" en="Prowess boosted: Enhanced &quot;Cure&quot; potency." color="122" />
  <o id="635" en="Prowess boosted: Increased weapon skill damage." color="122" />
  <o id="636" en="Prowess boosted: &quot;Killer&quot; effects bonus." color="122" />
  <o id="641" en="Additional effect: 1 of ${target}'s attributes is drained." color="1" />
  <o id="642" en="${actor} casts ${spell}.${lb}${actor} absorbs ${number} of ${target}'s status benefits." color="1" />
  <o id="643" en="Your current training regime will begin anew!" color="122" />
  <o id="644" en="${actor} uses ${ability}.${lb}${number} of ${target}'s status effects are removed." color="H" suffix="buffs" />
  <o id="645" en="${actor} uses ${ability}.${lb}${target} is ${status}." color="65" />
  <o id="646" en="${actor} uses ${ability}.${lb}${target} falls to the ground." color="56" />
  <o id="647" en="${actor} casts ${ability}.${lb}${target}'s ${status} effect disappears!" color="81" />
  <o id="648" en="${actor} leads the casting of ${spell}.${lb}${target} takes ${number} points of damage." color="D" />
  <o id="649" en="A member of another party is readying ${spell} against your target.${lb}You cannot cast the same spell at this time." color="1" />
  <o id="650" en="${actor} leads the casting of ${spell}.${lb}Magic Burst!${lb}${target} takes ${number} points of damage." color="D" />
  <o id="651" en="${actor} leads the casting of ${spell}.${lb}${target} recovers ${number} hit points!" color="H" suffix="HP" />
  <o id="652" en="Additional effect: ${target} loses ${number} TP." color="56" suffix="TP" />
  <o id="653" en="${actor} casts ${spell}.${lb}${target} resists the spell.${lb}Immunobreak!" color="R" />
  <o id="654" en="${target} resists the spell.${lb}Immunobreak!" color="R" />
  <o id="655" en="${actor} casts ${spell}.${lb}${target} completely resists the spell." color="R" />
  <o id="656" en="${target} completely resists the spell." color="R" />
  <o id="657" en="${actor} uses ${ability}.${lb}All enmity is transferred to ${target}." color="101" />
  <o id="658" en="${actor} uses ${ability}, but misses ${target}." color="M" suffix="(miss)" />
  <o id="659" en="No effect on ${target}." color="R" />
  <o id="660" en="The same effect is already active on that luopan!" color="122" />
  <o id="661" en="${actor} has already placed a luopan.${lb}Unable to use ability." color="122" />
  <o id="662" en="This action requires a luopan." color="122" />
  <o id="663" en="${actor} uses ${ability}.${lb}The luopan's HP consumption rate has been reduced." color="101" />
  <o id="664" en="${actor} uses ${ability}.${lb}The effects of the luopan and its HP consumption rate have increased." color="101" />
  <o id="665" en="${actor} has a pet.${lb}Unable to use ability." color="1" />
  <o id="666" en="This action requires the ability Rune Enchantment." color="1" />
  <o id="667" en="${actor} uses ${ability}.${lb}Accuracy and evasion are enhanced." color="101" />
  <o id="668" en="${actor} uses ${ability}.${lb}${target} receives the effect of Vallation, reducing damage taken from certain elemental magic spells." color="101" />
  <o id="669" en="Magic damage of a certain element is reduced for ${target}." color="101" />
  <o id="670" en="${actor} uses ${ability}.${lb}${target} can now absorb magic damage of a certain element." color="101" />
  <o id="671" en="${actor} uses ${ability}.${lb}${target} now has enhanced resistance." color="101" />
  <o id="672" en="${actor} uses ${ability}.${lb}${target} receives the effect of Gambit, reducing defense against magic of a certain element." color="101" />
  <o id="673" en="${actor} obtains ${number} corpuscles of menace plasm." color="127" />
  <o id="674" en="${actor} uses ${ability}, and finds ${number} ${item2}." color="101" />
  <o id="675" en="${actor} readies ${weapon_skill}." color="110" />
  <o id="676" en="${target}'s movement speed increases." color="101" />
  <o id="677" en="You are now able to shapeshift into a new monster!" color="91" />
  <o id="678" en="You have learned a new instinct!" color="91" />
  <o id="679" en="${actor} will return to the Feretory in: ${number2}." color="101" />
  <o id="680" en="A newfound puissance courses through your veins." color="91" />
  <o id="681" en="Your muscles ripple with an immensely powerful and invigorating force." color="91" />
  <o id="682" en="Your puissance withers slightly." color="91" />
  <o id="683" en="You have claimed {$target}!" color="91" />
  <o id="684" en="{$target} has been claimed!" color="91" />
  <o id="685" en="The enemy you are battling will no longer be claimed in: {$number}." color="91" />
  <o id="686" en="The enemy you were battling is no longer claimed." color="91" />
  <o id="687" en="${actor} captured the ${target}." color="91" />
  <o id="688" en="${actor} has fled!" color="91" />
  <o id="689" en="${actor} captured the ${target}." color="91" />
  <o id="690" en="You have completed the following Records of Eminence objective: ${regime}." color="91" />
  <o id="691" en="This objective may be repeated, and can be canceled from the menu." color="91" />
  <o id="692" en="You receive ${number} sparks of eminence and now possess a total of ${number2}." color="91" />
  <o id="693" en="As a special bonus for your valiant efforts, you have been awarded ${item}." color="91" />
  <o id="694" en="As a special bonus for your valiant efforts, you have been awarded ${number} sparks of eminence." color="91" />
  <o id="695" en="Unable to receive special bonus. Make room in your inventory and receive your reward from the Records of Eminence menu." color="123" />
  <o id="696" en="You have yet to receive certain special bonuses from objectives you have completed. Make room in your inventory and receive your rewards from the Records of Eminence menu." color="123" />
  <o id="697" en="Records of Eminence: ${regime}." color="91" />
  <o id="698" en="Progress: ${number}/${number2}." color="91" />
  <o id="699" en="A new objective has been added!" color="91" />
  <o id="700" en="You are unable to use Trust magic at this time." color="121" />
  <o id="701" en="There's no time to do that now!" color="91" />
  <o id="704" en="You have undertaken &quot;${regime}.&quot;" color="91" />
  <o id="705" en="You have undertaken the limited-time Records of Eminence challenge &quot;${regime}.&quot;." color="91" />
  <o id="706" en="You have obtained a ${item} as a special reward." color="91" />
  <o id="707" en="As a first-time bonus, you receive ${number} sparks of eminence for a total of ${number2}!" color="91" />
  <o id="708" en="This place is now known as a location that brings memories flooding back to ${actor}." color="91" />
  <o id="709" en="As a special bonus for your valiant efforts, you have been awarded the following: ${item}" color="91" />
  <o id="710" en="You are cleared to fulfill this objective again." color="91" />
  <o id="711" en="(${actor}) ${item}" color="91" />
  <o id="712" en="Primary Accuracy: ${number} / Primary Attack: ${number2}" color="91" />
  <o id="713" en="Auxiliary Accuracy: ${number} / Auxiliary Attack: ${number2}" color="91" />
  <o id="714" en="Ranged Accuracy: ${number} / Ranged Attack: ${number2}" color="91" />
  <o id="715" en="Evasion: ${number} / Defense: ${number2}" color="91" />
  <o id="716" en="${actor} starts casting ${spell}." color="50" />
  <o id="717" en="You cannot call forth alter egos here." color="121" />
  <o id="718" en="${actor} gains ${number} capacity points." color="121" />
  <o id="719" en="${actor} earns a job point!" color="121" />
  <o id="720" en="Your ${job_point_skill} modification has risen to level ${number}" color="121" />
  <o id="721" en="You receive a bonus of ${number} fishing guild points!" color="121" />
  <o id="722" en="You receive a bonus of ${number} woodworking guild points!" color="121" />
  <o id="723" en="You receive a bonus of ${number} smithing guild points!" color="121" />
  <o id="724" en="You receive a bonus of ${number} goldsmithing guild points!" color="121" />
  <o id="725" en="You receive a bonus of ${number} clothcraft guild points!" color="121" />
  <o id="726" en="You receive a bonus of ${number} leathercraft guild points!" color="121" />
  <o id="727" en="You receive a bonus of ${number} bonecraft guild points!" color="121" />
  <o id="728" en="You receive a bonus of ${number} alchemy guild points!" color="121" />
  <o id="729" en="You receive a bonus of ${number} cooking guild points!" color="121" />
  <o id="730" en="${actor} uses ${ability}${lb}${target}'s TP is reduced to ${number}." color="101" />
  <o id="731" en="Average item level: ${number}." color="101" />
  <o id="732" en="Skillchain: Universal Enlightenment.${lb}${target} takes ${number} points of damage" color="D" />
  <o id="733" en="${target}:" color="91" />
  <o id="734" en="${actor} uses ${ability} on ${target}." color="91" />
  <o id="735" en="Capacity chain #${number}!${lb}${actor} gains ${number2} capacity points." color="91" />
  <o id="736" en="${actor} uses ${ability}.${lb}${number} HP drained from ${target}." color="101" />
  <o id="737" en="${actor} uses ${ability}. ${lb}${number} of ${target} magic effects is drained." color="101" />
  <o id="738" en="${actor} uses ${ability}." color="101" />
  <o id="739" en="${target} receives ${number} magical effects." color="1" />
  <o id="740" en="${target}: $lt; ${number}/${number2}" color="1 $gt;" />
  <o id="741" en="You receive ${number} Unity accolades for a total of ${number2}!" color="1" />
  <o id="742" en="You are currently unable to undertake this objective." color="1" />
  <o id="743" en="${actor} uses ${ability}.${lb}${target}'s enmity decreases." color="101" />
  <o id="744" en="${actor}奄" color="1" />
  <o id="745" en="Your automaton exceeds one or more elemental capacity values and cannot be activated." color="1" />
  <o id="746" en="${actor} uses ${ability}.${lb}${number} TP drained from ${target}." color="1" />
  <o id="747" en="${actor} uses ${spell}.${lb}Magic Burst! ${target} takes ${number} points of damage." color="1" />
  <o id="748" en="${actor} uses ${spell}.${lb}Magic Burst! ${number} HP drained from ${target}." color="1" />
  <o id="749" en="Magic Burst! ${number} HP drained from ${target}." color="1" />
  <o id="750" en="${actor} uses ${spell}.${lb}Magic Burst! ${number} MP drained from ${target}." color="1" />
  <o id="751" en="Magic Burst! ${number} MP drained from ${target}." color="1" />
  <o id="752" en="${actor} uses ${spell}.${lb}Magic Burst! ${number} TP drained from ${target}." color="1" />
  <o id="753" en="Magic Burst! ${number} TP drained from ${target}." color="1" />
  <o id="754" en="${actor} uses ${spell}.${lb}Magic Burst! ${target} is ${status}." color="1" />
  <o id="755" en="${actor} uses ${spell}.${lb}Magic Burst! ${target} receives the effect of ${status}." color="1" />
  <o id="756" en="${target}'s spikes cause ${target} to fall to the ground." color="1" />
  <o id="757" en="${number} of ${target}'s effects disappears!" color="101" />
  <o id="758" en="${actor} uses ${item}.${lb}→Obtained key item: ${key_item}." color="1" />
  <o id="759" en="You already have key item: ${key_item}." color="1" />
  <o id="760" en="{You are only able to possess one ${item} and thus are unable to receive your just reward. Clear out your inventory and receive the item from the Records of Eminence Menu." color="1" />
  <o id="761" en="{You were unable to receive your just reward because you need ${number} free spaces in your inventory. Clear out your bags and receive your item from the Records of Eminence Menu." color="1" />
  <o id="762" en="${actor} uses ${spell}.${lb}All of ${target}'s status parameters are boosted." color="1" />
  <o id="763" en="${actor} uses ${spell}.${lb}${target} has grown noticeably bored." color="1" />
  <o id="764" en="${actor} uses ${spell}.${lb}${target} feels the Fever!" color="1" />
  <o id="765" en="${actor} uses ${item}.${lb}${target} obtains ${number} escha silt." color="1" />
  <o id="766" en="${actor} uses ${item}.${lb}${target} obtains ${number} escha beads." color="1" />
  <o id="767" en="Skillchain: Radiance.${lb}${target} takes ${number} points of damage." color="D" />
  <o id="768" en="Skillchain: Umbra.${lb}${target} takes ${number} points of damage." color="D" />
  <o id="769" en="Skillchain: Radiance.${lb}${target} recovers ${number} hit points!" color="H" />
  <o id="770" en="Skillchain: Umbra.${lb}${target} recovers ${number} hit points!" color="H" />
  <o id="771" en="Congratulations! Your deeds of valor will ring throughout the ages, providing inspiration for generations to come." color="1" />
  <o id="772" en="${actor} stands resolute thanks to the power of the bonds that tie you!" color="1" />
  <o id="773" en="You are unable to call forth your mount because your main job level is not at least ≺Possible Special Code: 12≻≺Possible Special Code: 00≻." color="1" />
  <o id="774" en="You already possess that item and are unable to receive your just reward!" color="1" />
  <o id="775" en="A new objective has been added in the Contents &gt; Content (Ambuscade) Records of Eminence category!" color="1" />
  <o id="776" en="Additional effect: ${target} is chainbound." color="1" />
  <o id="777" en="You cannot mount at this time." color="1" />
  <o id="778" en="${actor} uses ${ability}.${lb}${actor} copies ${number} magical effects from ${target}." color="1" />
  <o id="779" en="${actor} uses ${ability}.${lb}A barrier begins to pulsate around ${target}." color="1" />
  <o id="780" en="${actor} uses ${ability}.${lb}${actor} takes aim at ${target}!" color="1" />
  <o id="781" en="${target} retaliates, absorbing ${number} TP from ${actor}." color="101" />
</action_messages>