﻿<?xml version="1.0" encoding="utf-8"?>
<bags>
  <o id="0" en="Inventory" access="Everywhere" command="inventory" equippable="true" />
  <o id="1" en="Safe" access="Mog House" command="bank" equippable="false" />
  <o id="2" en="Storage" access="Mog House" command="storage" equippable="false" />
  <o id="3" en="Temporary" access="Situational" command="temporary" equippable="false" />
  <o id="4" en="Locker" access="Mog House" command="locker" equippable="false" />
  <o id="5" en="Satchel" access="Everywhere" command="satchel" equippable="false" />
  <o id="6" en="Sack" access="Everywhere" command="sack" equippable="false" />
  <o id="7" en="Case" access="Everywhere" command="case" equippable="false" />
  <o id="8" en="Wardrobe" access="Everywhere" command="wardrobe" equippable="true" />
  <o id="9" en="Safe 2" access="Mog House" command="bank2" equippable="false" />
  <o id="10" en="Wardrobe 2" access="Everywhere" command="wardrobe2" equippable="true" />
  <o id="11" en="Wardrobe 3" access="Everywhere" command="wardrobe3" equippable="true" />
  <o id="12" en="Wardrobe 4" access="Everywhere" command="wardrobe4" equippable="true" />
</bags>