﻿<?xml version="1.0" encoding="utf-8"?>
<chat>
  <o id="0" en="say" incoming="9" outgoing="1" />
  <o id="1" en="shout" incoming="10" outgoing="2" />
  <o id="3" en="tell" incoming="12" outgoing="4" />
  <o id="4" en="party" incoming="13" outgoing="5" />
  <o id="5" en="linkshell" incoming="14" outgoing="6" />
  <o id="8" en="emote" incoming="15" outgoing="7" />
  <o id="26" en="yell" incoming="11" outgoing="3" />
  <o id="27" en="linkshell2" incoming="214" outgoing="213" />
  <o id="33" en="unity" incoming="212" outgoing="212" />
</chat>