﻿<?xml version="1.0" encoding="utf-8"?>
<emotes>
  <o id="1" command="bow" />
  <o id="2" command="salute" />
  <o id="3" command="kneel" />
  <o id="4" command="laugh" />
  <o id="5" command="cry" />
  <o id="6" command="no" />
  <o id="7" command="yes" />
  <o id="8" command="wave" />
  <o id="9" command="goodbye" alternative="farewell" />
  <o id="10" command="welcome" />
  <o id="11" command="joy" />
  <o id="12" command="cheer" />
  <o id="13" command="clap" />
  <o id="14" command="praise" />
  <o id="15" command="smile" />
  <o id="16" command="poke" />
  <o id="17" command="slap" />
  <o id="18" command="stagger" />
  <o id="19" command="sigh" />
  <o id="20" command="comfort" />
  <o id="21" command="surprised" />
  <o id="22" command="amazed" />
  <o id="23" command="stare" />
  <o id="24" command="blush" />
  <o id="25" command="angry" />
  <o id="26" command="disgusted" alternative="upset" />
  <o id="27" command="muted" />
  <o id="28" command="doze" />
  <o id="29" command="panic" />
  <o id="30" command="grin" />
  <o id="31" command="dance" />
  <o id="32" command="think" />
  <o id="33" command="fume" />
  <o id="34" command="doubt" />
  <o id="35" command="sulk" />
  <o id="36" command="psych" />
  <o id="37" command="huh" />
  <o id="38" command="shocked" />
  <o id="43" command="hurray" />
  <o id="44" command="toss" />
  <o id="65" command="dance1" />
  <o id="66" command="dance2" />
  <o id="67" command="dance3" />
  <o id="68" command="dance4" />
  <o id="74" command="jobemote WAR" />
  <o id="75" command="jobemote MNK" />
  <o id="76" command="jobemote WHM" />
  <o id="77" command="jobemote BLM" />
  <o id="78" command="jobemote RDM" />
  <o id="79" command="jobemote THF" />
  <o id="80" command="jobemote PLD" />
  <o id="81" command="jobemote DRK" />
  <o id="82" command="jobemote BST" />
  <o id="83" command="jobemote BRD" />
  <o id="84" command="jobemote RNG" />
  <o id="85" command="jobemote SAM" />
  <o id="86" command="jobemote NIN" />
  <o id="87" command="jobemote DRG" />
  <o id="88" command="jobemote SMN" />
  <o id="89" command="jobemote BLU" />
  <o id="90" command="jobemote COR" />
  <o id="91" command="jobemote PUP" />
  <o id="92" command="jobemote DNC" />
  <o id="93" command="jobemote SCH" />
  <o id="94" command="jobemote GEO" />
  <o id="95" command="jobemote RUN" />
</emotes>