﻿<?xml version="1.0" encoding="utf-8"?>
<job_traits>
  <o id="1" element="4" icon_id="44" targets="0" range="0" en="Accuracy Bonus" ja="物理命中率アップ" />
  <o id="2" element="2" icon_id="42" targets="0" range="0" en="Evasion Bonus" ja="物理回避率アップ" />
  <o id="3" element="0" icon_id="40" targets="0" range="0" en="Attack Bonus" ja="物理攻撃力アップ" />
  <o id="4" element="3" icon_id="43" targets="0" range="0" en="Defense Bonus" ja="物理防御力アップ" />
  <o id="5" element="6" icon_id="46" targets="0" range="0" en="Magic Atk. Bonus" ja="魔法攻撃力アップ" />
  <o id="6" element="6" icon_id="46" targets="0" range="0" en="Magic Def. Bonus" ja="魔法防御力アップ" />
  <o id="7" element="6" icon_id="46" targets="0" range="0" en="Max HP Boost" ja="HPmaxアップ" />
  <o id="8" element="6" icon_id="46" targets="0" range="0" en="Max MP Boost" ja="MPmaxアップ" />
  <o id="9" element="6" icon_id="46" targets="0" range="0" en="Auto Regen" ja="オートリジェネ" />
  <o id="10" element="6" icon_id="46" targets="0" range="0" en="Auto Refresh" ja="オートリフレシュ" />
  <o id="11" element="2" icon_id="42" targets="0" range="0" en="Rapid Shot" ja="ラピッドショット" />
  <o id="12" element="6" icon_id="46" targets="0" range="0" en="Fast Cast" ja="ファストキャスト" />
  <o id="13" element="6" icon_id="46" targets="0" range="0" en="Conserve MP" ja="コンサーブMP" />
  <o id="14" element="6" icon_id="46" targets="0" range="0" en="Store TP" ja="ストアTP" />
  <o id="15" element="6" icon_id="46" targets="0" range="0" en="Double Attack" ja="ダブルアタック" />
  <o id="16" element="6" icon_id="46" targets="0" range="0" en="Triple Attack" ja="トリプルアタック" />
  <o id="17" element="6" icon_id="46" targets="0" range="0" en="Counter" ja="カウンター" />
  <o id="18" element="6" icon_id="46" targets="0" range="0" en="Dual Wield" ja="二刀流" />
  <o id="19" element="6" icon_id="46" targets="0" range="0" en="Treasure Hunter" ja="トレジャーハンター" />
  <o id="20" element="6" icon_id="46" targets="0" range="0" en="Gilfinder" ja="ギルスティール" />
  <o id="21" element="6" icon_id="46" targets="0" range="0" en="Alertness" ja="警戒" />
  <o id="22" element="6" icon_id="46" targets="0" range="0" en="Stealth" ja="ステルス" />
  <o id="23" element="2" icon_id="42" targets="0" range="0" en="Martial Arts" ja="マーシャルアーツ" />
  <o id="24" element="1" icon_id="41" targets="0" range="0" en="Clear Mind" ja="クリアマインド" />
  <o id="25" element="6" icon_id="46" targets="0" range="0" en="Shield Mastery" ja="シールドマスタリー" />
  <o id="32" element="6" icon_id="46" targets="0" range="0" en="Beast Killer" ja="ビーストキラー" />
  <o id="33" element="6" icon_id="46" targets="0" range="0" en="Plantoid Killer" ja="プラントイドキラー" />
  <o id="34" element="6" icon_id="46" targets="0" range="0" en="Vermin Killer" ja="ヴァーミンキラー" />
  <o id="35" element="6" icon_id="46" targets="0" range="0" en="Lizard Killer" ja="リザードキラー" />
  <o id="36" element="6" icon_id="46" targets="0" range="0" en="Bird Killer" ja="バードキラー" />
  <o id="37" element="6" icon_id="46" targets="0" range="0" en="Amorph Killer" ja="アモルフキラー" />
  <o id="38" element="6" icon_id="46" targets="0" range="0" en="Aquan Killer" ja="アクアンキラー" />
  <o id="39" element="6" icon_id="46" targets="0" range="0" en="Undead Killer" ja="アンデッドキラー" />
  <o id="41" element="7" icon_id="47" targets="0" range="0" en="Arcana Killer" ja="アルカナキラー" />
  <o id="42" element="6" icon_id="46" targets="0" range="0" en="Demon Killer" ja="デーモンキラー" />
  <o id="43" element="7" icon_id="47" targets="0" range="0" en="Dragon Killer" ja="ドラゴンキラー" />
  <o id="48" element="6" icon_id="46" targets="0" range="0" en="Resist Sleep" ja="レジストスリープ" />
  <o id="49" element="4" icon_id="44" targets="0" range="0" en="Resist Poison" ja="レジストポイズン" />
  <o id="50" element="0" icon_id="40" targets="0" range="0" en="Resist Paralyze" ja="レジストパライズ" />
  <o id="51" element="6" icon_id="46" targets="0" range="0" en="Resist Blind" ja="レジストブライン" />
  <o id="52" element="1" icon_id="41" targets="0" range="0" en="Resist Silence" ja="レジストサイレス" />
  <o id="53" element="2" icon_id="42" targets="0" range="0" en="Resist Petrify" ja="レジストペトリ" />
  <o id="54" element="5" icon_id="45" targets="0" range="0" en="Resist Virus" ja="レジストウィルス" />
  <o id="55" element="6" icon_id="46" targets="0" range="0" en="Resist Curse" ja="レジストカーズ" />
  <o id="56" element="0" icon_id="40" targets="0" range="0" en="Resist Stun" ja="レジストスタン" />
  <o id="57" element="0" icon_id="40" targets="0" range="0" en="Resist Bind" ja="レジストバインド" />
  <o id="58" element="1" icon_id="41" targets="0" range="0" en="Resist Gravity" ja="レジストグラビティ" />
  <o id="59" element="2" icon_id="42" targets="0" range="0" en="Resist Slow" ja="レジストスロウ" />
  <o id="60" element="6" icon_id="46" targets="0" range="0" en="Resist Charm" ja="レジストチャーム" />
  <o id="63" element="5" icon_id="45" targets="0" range="0" en="Resist Amnesia" ja="レジストアムネジア" />
  <o id="64" element="6" icon_id="46" targets="0" range="0" en="Treasure Hunter II" ja="トレジャーハンターII" />
  <o id="65" element="6" icon_id="46" targets="0" range="0" en="Treas. Hunter III" ja="トレジャーハンターIII" />
  <o id="66" element="6" icon_id="46" targets="0" range="0" en="Kick Attacks" ja="蹴撃" />
  <o id="67" element="2" icon_id="42" targets="0" range="0" en="Subtle Blow" ja="モクシャ" />
  <o id="68" element="2" icon_id="42" targets="0" range="0" en="Assassin" ja="アサシン" />
  <o id="69" element="6" icon_id="46" targets="0" range="0" en="Divine Veil" ja="女神の慈悲" />
  <o id="70" element="6" icon_id="46" targets="0" range="0" en="Zanshin" ja="残心" />
  <o id="71" element="6" icon_id="46" targets="0" range="0" en="Savagery" ja="サベッジリ" />
  <o id="72" element="6" icon_id="46" targets="0" range="0" en="Aggressive Aim" ja="アグレシブエイム" />
  <o id="73" element="6" icon_id="46" targets="0" range="0" en="Invigorate" ja="練気" />
  <o id="74" element="6" icon_id="46" targets="0" range="0" en="Penance" ja="発剄" />
  <o id="75" element="6" icon_id="46" targets="0" range="0" en="Aura Steal" ja="オーラスティール" />
  <o id="76" element="6" icon_id="46" targets="0" range="0" en="Ambush" ja="アンブッシュ" />
  <o id="77" element="6" icon_id="46" targets="0" range="0" en="Iron Will" ja="アイアンウィル" />
  <o id="78" element="6" icon_id="46" targets="0" range="0" en="Guardian" ja="ガーディアン" />
  <o id="79" element="6" icon_id="46" targets="0" range="0" en="Muted Soul" ja="ミューテッドソウル" />
  <o id="80" element="6" icon_id="46" targets="0" range="0" en="Desperate Blows" ja="デスペレートブロー" />
  <o id="81" element="6" icon_id="46" targets="0" range="0" en="Beast Affinity" ja="ビーストアフニティ" />
  <o id="82" element="6" icon_id="46" targets="0" range="0" en="Beast Healer" ja="ビーストヒーラー" />
  <o id="83" element="6" icon_id="46" targets="0" range="0" en="Snapshot" ja="スナップショット" />
  <o id="84" element="6" icon_id="46" targets="0" range="0" en="Recycle" ja="リサイクル" />
  <o id="85" element="6" icon_id="46" targets="0" range="0" en="Ikishoten" ja="意気衝天" />
  <o id="86" element="6" icon_id="46" targets="0" range="0" en="Overwhelm" ja="正正堂堂" />
  <o id="87" element="6" icon_id="46" targets="0" range="0" en="Ninja Tool Expert." ja="忍具の知識" />
  <o id="88" element="6" icon_id="46" targets="0" range="0" en="Empathy" ja="エンパシー" />
  <o id="89" element="6" icon_id="46" targets="0" range="0" en="Strafe" ja="ストレイフ" />
  <o id="90" element="6" icon_id="46" targets="0" range="0" en="Enchainment" ja="エンチェーンメント" />
  <o id="91" element="6" icon_id="46" targets="0" range="0" en="Assimilation" ja="アシミレーション" />
  <o id="92" element="6" icon_id="46" targets="0" range="0" en="Winning Streak" ja="ウィニングストリーク" />
  <o id="93" element="6" icon_id="46" targets="0" range="0" en="Loaded Deck" ja="ローデッドデッキ" />
  <o id="94" element="6" icon_id="46" targets="0" range="0" en="Fine-Tuning" ja="微調整" />
  <o id="95" element="6" icon_id="46" targets="0" range="0" en="Optimization" ja="最適化" />
  <o id="96" element="6" icon_id="46" targets="0" range="0" en="Closed Position" ja="Ｃ・ポジション" />
  <o id="97" element="6" icon_id="46" targets="0" range="0" en="Stormsurge" ja="陣頭指揮" />
  <o id="98" element="6" icon_id="46" targets="0" range="0" en="Crit. Atk. Bonus" ja="C.インクリース" />
  <o id="99" element="6" icon_id="46" targets="0" range="0" en="Crit. Def. Bonus" ja="C.リデュース" />
  <o id="100" element="6" icon_id="46" targets="0" range="0" en="Tactical Parry" ja="タクティカルパリー" />
  <o id="101" element="6" icon_id="46" targets="0" range="0" en="Tactical Guard" ja="タクティカルガード" />
  <o id="102" element="6" icon_id="46" targets="0" range="0" en="Shield Def. Bonus" ja="エクストリームガード" />
  <o id="103" element="6" icon_id="46" targets="0" range="0" en="Stout Servant" ja="スタウトサーヴァント" />
  <o id="104" element="6" icon_id="46" targets="0" range="0" en="True Shot" ja="トゥルーショット" />
  <o id="105" element="6" icon_id="46" targets="0" range="0" en="Blood Boon" ja="ブラッドブーン" />
  <o id="106" element="6" icon_id="46" targets="0" range="0" en="Skillchain Bonus" ja="連携ボーナス" />
  <o id="107" element="6" icon_id="46" targets="0" range="0" en="Fencer" ja="フェンサー" />
  <o id="108" element="6" icon_id="46" targets="0" range="0" en="Conserve TP" ja="コンサーブTP" />
  <o id="109" element="6" icon_id="46" targets="0" range="0" en="Occult Acumen" ja="マジックアキュメン" />
  <o id="110" element="6" icon_id="46" targets="0" range="0" en="Mag. Burst Bonus" ja="MB.ボーナス" />
  <o id="111" element="6" icon_id="46" targets="0" range="0" en="Divine Benison" ja="ディバインベニゾン" />
  <o id="112" element="7" icon_id="47" targets="0" range="0" en="Elemental Celerity" ja="エレメントセレリティ" />
  <o id="113" element="6" icon_id="46" targets="0" range="0" en="Dead Aim" ja="デッドエイム" />
  <o id="114" element="6" icon_id="46" targets="0" range="0" en="Tranquil Heart" ja="トランキルハート" />
  <o id="115" element="7" icon_id="47" targets="0" range="0" en="Stalwart Soul" ja="ストルワートソウル" />
  <o id="116" element="6" icon_id="46" targets="0" range="0" en="Cardinal Chant" ja="カーディナルチャント" />
  <o id="117" element="6" icon_id="46" targets="0" range="0" en="Tenacity" ja="テナシティ" />
  <o id="118" element="6" icon_id="46" targets="0" range="0" en="Inquartata" ja="インクァルタタ" />
  <o id="119" element="6" icon_id="46" targets="0" range="0" en="C. Recantation" ja="キュアリカント" />
  <o id="120" element="7" icon_id="47" targets="0" range="0" en="Primeval Zeal" ja="プライムジール" />
  <o id="121" element="6" icon_id="46" targets="0" range="0" en="Inspiration" ja="インスパイア" />
  <o id="122" element="2" icon_id="42" targets="0" range="0" en="Sleight of Sword" ja="スライトソード" />
  <o id="123" element="6" icon_id="46" targets="0" range="0" en="Daken" ja="打剣" />
  <o id="124" element="6" icon_id="46" targets="0" range="0" en="Superior" ja="スペリア" />
  <o id="125" element="6" icon_id="46" targets="0" range="0" en="Magic Acc. Bonus" ja="魔法命中率アップ" />
  <o id="126" element="7" icon_id="47" targets="0" range="0" en="Magic Eva. Bonus" ja="魔法回避率アップ" />
  <o id="127" element="0" icon_id="40" targets="0" range="0" en="Smite" ja="スマイト" />
</job_traits>