﻿<?xml version="1.0" encoding="utf-8"?>
<job_points>
  <o id="64" en="Mighty Strikes Effect" ja="マイティストライク効果アップ" endesc="Increases physical accuracy while under the effects of Mighty Strikes.&#xA;Increase physical accuracy by 2." jadesc="マイティストライク中、物理命中をアップします。&#xA;能力値1で物理命中を+2します。" />
  <o id="66" en="Berserk Effect" ja="バーサク効果アップ" endesc="Increases physical attack while under the effects of Berserk.&#xA;Increase physical attack by 2." jadesc="バーサク中、物理攻撃力をアップします。&#xA;能力値1で物理攻撃力を+2します。" />
  <o id="68" en="Brazen Rush Effect" ja="ブラーゼンラッシュ効果アップ" endesc="Increases physical attack while under the effects of Brazen Rush.&#xA;Increase physical attack by 4." jadesc="ブラーゼンラッシュ中、物理攻撃力をアップします。&#xA;能力値1で物理攻撃力を+4します。" />
  <o id="70" en="Defender Effect" ja="ディフェンダー効果アップ" endesc="Increases physical defense while under the effects of Defender.&#xA;Increase physical defense by 3." jadesc="ディフェンダー中、物理防御力をアップします。&#xA;能力値1で物理防御力を+3します。" />
  <o id="72" en="Warcry Effect" ja="ウォークライ効果アップ" endesc="Increases physical attack while under the effects of Warcry.&#xA;Increase physical attack by 3." jadesc="ウォークライ中、物理攻撃力をアップします。&#xA;能力値1で物理攻撃力を+3します。" />
  <o id="74" en="Aggressor Effect" ja="アグレッサー効果アップ" endesc="Increases physical accuracy while under the effects of Aggressor.&#xA;Increase physical accuracy by 1." jadesc="アグレッサー中、物理命中をアップします。&#xA;能力値1で物理命中を+1します。" />
  <o id="76" en="Retaliation Effect" ja="リタリエーション効果アップ" endesc="Increases chance of retaliating against attacks while under the effects of Retaliation.&#xA;Increase chance by 1." jadesc="リタリエーション中、攻撃し返す確率をアップします&#xA;能力値1で攻撃し返す確率を+1します。" />
  <o id="78" en="Restraint Effect" ja="リストレント効果アップ" endesc="Decreases the amount of time it takes to reach the maximum weapon skill attack bonus while under the effects of Restraint.&#xA;Decrease time by 2 percent." jadesc="リストレント中、ウェポンスキルの攻撃力ボーナスの&#xA;上限に到達する時間を短縮します。&#xA;能力値1で到達時間を-2%します。" />
  <o id="80" en="Blood Rage Effect" ja="ブラッドレイジ効果アップ" endesc="Increases the critical hit rate of attacks while under the effects of Blood Rage.&#xA;Increase critical hit rate by 1." jadesc="ブラッドレイジ中、クリティカル率をアップします。&#xA;能力値1でクリティカル率を+1します。" />
  <o id="82" en="Double Attack Effect" ja="ダブルアタック効果アップ" endesc="Increases physical attack from double attacks.&#xA;Increase physical attack by 1." jadesc="ダブルアタックの物理攻撃力をアップします。&#xA;能力値1で物理攻撃力を+1します。" />
  <o id="128" en="Hundred Fists Effect" ja="百烈拳効果アップ" endesc="Increases physical accuracy while under the effects of Hundred Fists.&#xA;Increase physical accuracy by 2." jadesc="百烈拳中、物理命中をアップします。&#xA;能力値1で物理命中を+2します。" />
  <o id="130" en="Dodge Effect" ja="回避効果アップ" endesc="Increases evasion while under the effects of Dodge.&#xA;Increase evasion by 2." jadesc="回避中、物理回避をアップします。&#xA;能力値1で物理回避を+2します。" />
  <o id="132" en="Inner Strength Effect" ja="インナーストレングス効果アップ" endesc="Increases the amount of HP recovered while under the effects of Inner Strength.&#xA;Increase amount of HP recovered by 2 percent." jadesc="インナーストレングス使用時、HP回復量をアップ&#xA;します。&#xA;能力値1でHP回復量を+2%します。" />
  <o id="134" en="Focus Effect" ja="集中効果アップ" endesc="Increases accuracy while under the effects of Focus.&#xA;Increase accuracy by 1." jadesc="集中中、物理命中をアップします。&#xA;能力値1で物理命中を+1します。" />
  <o id="136" en="Chakra Effect" ja="チャクラ効果アップ" endesc="Increases the amount of HP recovered when Chakra is activated.&#xA;Increase amount of HP recovered by 10." jadesc="チャクラ使用時、HP回復量をアップします。&#xA;能力値1でHP回復量を+10します。" />
  <o id="138" en="Counterstance Effect" ja="かまえる効果アップ" endesc="Increases attack power of counterattacks while under the effects of Counterstance.&#xA;Increase DEX bonus by 2 percent." jadesc="かまえる中、カウンターの攻撃力をアップします。&#xA;能力値1でDEXボーナスを+2%します。" />
  <o id="140" en="Footwork Effect" ja="猫足立ち効果アップ" endesc="Increases the damage of kick attacks while under the effects of Footwork.&#xA;Increase damage by 1." jadesc="猫足立ち中、蹴撃のD値をアップします。&#xA;能力値1でD値を+1します。" />
  <o id="142" en="Perfect Counter Effect" ja="絶対カウンター効果アップ" endesc="Increases the vitality bonus of Perfect Counter.&#xA;Increase vitality bonus by 1." jadesc="絶対カウンターのVITボーナスをアップします。&#xA;能力値1でVITボーナスを+1%します。" />
  <o id="144" en="Impetus Effect" ja="インピタス効果アップ" endesc="Increases the maximum damage of physical attacks while under the effects of Impetus.&#xA;Increase maximum physical attack by 2." jadesc="インピタス中、物理攻撃力の上限値をアップします&#xA;能力値1で物理攻撃力の上限を+2します。" />
  <o id="146" en="Kick Attacks Effect" ja="蹴撃効果アップ" endesc="Increases the physical attack and accuracy of kick attacks.&#xA;Increase physical attack by 2 and accuracy by 1." jadesc="蹴撃の物理攻撃力と物理命中をアップします。&#xA;能力値1で物理攻撃力を+2、物理命中を+1します。" />
  <o id="192" en="Benediction Effect" ja="女神の祝福効果アップ" endesc="Recovers caster's MP when Benediction is activated.&#xA;Increase amount of MP recovered by 1 percent." jadesc="女神の祝福使用時、MPを回復します。&#xA;能力値1でMP回復量を+1%します。" />
  <o id="194" en="Divine Seal Effect" ja="女神の印効果アップ" endesc="Reduces the amount of enmity accrued by casting Cure spells while under the effects of Divine Seal.&#xA;Reduce enmity by 3." jadesc="女神の印中、ケアルによる敵対心を減少します。&#xA;能力値1で敵対心を-3します。" />
  <o id="196" en="Asylum Effect" ja="女神の羽衣効果アップ" endesc="Increases magic evasion while under the effects of Asylum.&#xA;Increase magic evasion by 4." jadesc="女神の羽衣中、魔法回避をアップします。&#xA;能力値1で魔法回避を+4します。" />
  <o id="198" en="Magic Accuracy Bonus" ja="魔法命中アップ" endesc="Increases magic accuracy.&#xA;Increase magic accuracy by 1." jadesc="魔法命中をアップします。&#xA;能力値1で魔法命中を+1します。" />
  <o id="200" en="Afflatus Solace Effect" ja="ハートオブソラス効果アップ" endesc="Increases potency of Cure while under the effects of Afflatus Solace.&#xA;Increase Cure potency by 2." jadesc="ハートオブソラス中、ケアル回復量をアップします。&#xA;能力値1でケアル回復量を+2します。" />
  <o id="202" en="Afflatus Misery Effect" ja="ハートオブミゼリ効果アップ" endesc="Increases the potency of Banish and Auspice while under the effects of Afflatus Misery.&#xA;Increase magic damage dealt by Banish by 2.&#xA;Increase both the physical accuracy bonus when missing target and additional damage by 1." jadesc="ハートオブミゼリ中、バニシュとオースピスの効果を&#xA;アップします。&#xA;能力値1でバニシュは魔法ダメージを+2します。&#xA;オースピスは追加ダメージとミスした際の物理命中を&#xA;+1します。" />
  <o id="204" en="Divine Caress Duration" ja="女神の愛撫時間延長" endesc="Increases the duration of strong resistance to status ailments dispelled while under the effects of Divine Caress.&#xA;Increase duration by 2 seconds." jadesc="女神の愛撫中、回復した状態異常に対して強い耐性を&#xA;得ている時の効果時間を延長します。&#xA;能力値1で効果時間を+2秒します。" />
  <o id="206" en="Sacrosanctity Effect" ja="女神の聖域効果アップ" endesc="Increases the minimum value of magic defense that weakens over time while under the effects of Sacrosanctity.&#xA;Increase minimum value by 1." jadesc="女神の聖域中、時間で減衰する魔法防御力の下限値をアップします。&#xA;能力値1で魔法防御力の下限値を+1します。" />
  <o id="208" en="Regen Duration" ja="リジェネ効果時間延長" endesc="Increases the effect duration of Regen.&#xA;Increase duration by 3 seconds." jadesc="リジェネの効果時間を延長します。&#xA;能力値1で効果時間を+3秒します。" />
  <o id="210" en="Bar Spell Effect" ja="属性耐性魔法効果アップ" endesc="Increases potency of Bar spells.&#xA;Increase effect resistance by 2." jadesc="属性耐性魔法の効果をアップします。&#xA;能力値1で属性耐性を+2します。" />
  <o id="256" en="Manafont Effect" ja="魔力の泉効果アップ" endesc="Increases elemental magic damage while under the effects of Manafont.&#xA;Increase elemental magic damage by 3." jadesc="魔力の泉中、精霊魔法のダメージをアップします。&#xA;能力値1で魔法ダメージを+3します。" />
  <o id="258" en="Elemental Seal Effect" ja="精霊の印効果アップ" endesc="Reduces enmity accrued by casting elemental magic while under the effects of Elemental Seal.&#xA;Reduce enmity by 3." jadesc="精霊の印中、精霊魔法による敵対心を減少します。&#xA;能力値1で敵対心を-3します。" />
  <o id="260" en="Subtle Sorcery Effect" ja="サテルソーサリー効果アップ" endesc="Reduces the casting time of spells while under the effects of Subtle Sorcery.&#xA;Reduce spellcasting time by 1 percent." jadesc="サテルソーサリー中、魔法の詠唱時間を短縮します。&#xA;能力値1で詠唱時間を-1%します。" />
  <o id="262" en="Magic Burst Damage Bonus" ja="マジックバーストダメージアップ" endesc="Increases magic burst damage.&#xA;Increase magic burst damage by 1 percent." jadesc="マジックバーストのダメージをアップします。&#xA;能力値1でマジックバーストのダメージを+1%します" />
  <o id="264" en="Mana Wall Effect" ja="マナウォール効果アップ" endesc="Reduces MP consumed when transferring damage while under the effects of Mana Wall.&#xA;Reduce MP consumed by 1 percent." jadesc="マナウォール中、被ダメージによるMP消費量を&#xA;軽減します。&#xA;能力値1でMP消費量を-1%します。" />
  <o id="266" en="Magic Accuracy Bonus" ja="魔法命中アップ" endesc="Increases magic accuracy.&#xA;Increase magic accuracy by 1." jadesc="魔法命中をアップします。&#xA;能力値1で魔法命中を+1します。" />
  <o id="268" en="Enmity Douse Recast" ja="エンミティダウス使用間隔短縮" endesc="Reduces the recast time of Enmity Douse.&#xA;Reduce recast by 2 seconds." jadesc="エンミティダウスの使用間隔を短縮します。&#xA;能力値1で使用間隔を-2秒します。" />
  <o id="270" en="Manawell Effect" ja="魔力の雫効果アップ" endesc="Increases elemental magic damage while under the effects of Manawell.&#xA;Increase magic damage by 1." jadesc="魔力の雫中、精霊魔法のダメージをアップします。&#xA;能力値1で魔法ダメージを+1します。" />
  <o id="272" en="Magic Burst Enmity Decrease" ja="マジックバースト敵対心ダウン" endesc="Reduces enmity generated by magic bursts.&#xA;Reduce enmity by 1." jadesc="マジックバーストによる敵対心を軽減します。&#xA;能力値1で敵対心を-1します。" />
  <o id="274" en="Magic Damage Bonus" ja="魔法ダメージアップ" endesc="Increases magic damage.&#xA;Increase damage by 1." jadesc="魔法ダメージをアップします。&#xA;能力値1で魔法ダメージを+1します。" />
  <o id="320" en="Chainspell Effect" ja="連続魔効果アップ" endesc="Increases elemental magic damage while under the effects of Chainspell.&#xA;Increase elemental magic damage by 2." jadesc="連続魔中、精霊魔法のダメージをアップします。&#xA;能力値1で魔法ダメージを+2します。" />
  <o id="322" en="Convert Effect" ja="コンバート効果アップ" endesc="Reduces the amount of HP consumed when using Convert.&#xA;Reduce the amount of HP consumed by 1 percent." jadesc="コンバート使用時のHP消費量を軽減します。&#xA;能力値1でHP減少量を-1%します。" />
  <o id="324" en="Stymie Effect" ja="スタイミー効果アップ" endesc="Increases the effect duration of enfeebling magic spells while under the effects of Stymie.&#xA;Increase the effect duration by 1 second." jadesc="スタイミー中、弱体魔法の効果時間を延長します。&#xA;能力値1で効果時間を+1秒します。" />
  <o id="326" en="Magic Accuracy Bonus" ja="魔法命中アップ" endesc="Increases magic accuracy.&#xA;Increase magic accuracy by 1." jadesc="魔法命中をアップします。&#xA;能力値1で魔法命中を+1します。" />
  <o id="328" en="Composure Effect" ja="コンポージャー効果アップ" endesc="Increases physical accuracy while under the effects of Composure.&#xA;Increase physical accuracy by 1." jadesc="コンポージャー中、物理命中をアップします。&#xA;能力値1で物理命中を+1します。" />
  <o id="330" en="Magic Atk. Bonus" ja="魔法攻撃力アップ" endesc="Enhances Magic Atk. Bonus.&#xA;Enhance Magic Atk. Bonus by 1." jadesc="魔法攻撃力をアップします。&#xA;能力値1で魔法攻撃力を+1します。" />
  <o id="332" en="Saboteur Effect" ja="サボトゥール効果アップ" endesc="Increases enfeebling magic accuracy while under the effects of Saboteur.&#xA;Increase enfeebling magic accuracy by 2." jadesc="サボトゥール中、弱体魔法の命中をアップします。&#xA;能力値1で弱体魔法の命中を+2します。" />
  <o id="334" en="Enfeebling Magic Duration" ja="弱体魔法効果時間延長" endesc="Increases enfeebling magic effect duration.&#xA;Increase effect duration by 1." jadesc="弱体魔法の効果時間を延長します。&#xA;能力値1で効果時間を+1秒します。" />
  <o id="336" en="Quick Magic Effect" ja="クイックマジック効果アップ" endesc="Reduces MP consumption while under the effects of Quick Magic.&#xA;Reduce MP consumption by 2 percent." jadesc="クイックマジック中、MP消費量を軽減します。&#xA;能力値1でMP消費量を-2%します。" />
  <o id="338" en="Enhancing Magic Duration" ja="強化魔法効果時間延長" endesc="Increases enhancing magic effect duration.&#xA;Increase effect duration by 1 second." jadesc="強化魔法の効果時間を延長します。&#xA;能力値1で効果時間を+1秒します。" />
  <o id="384" en="Perfect Dodge Effect" ja="絶対回避効果アップ" endesc="Increases magic evasion while under the effects of Perfect Dodge.&#xA;Increase magic evasion by 3." jadesc="絶対回避中、魔法回避をアップします。&#xA;能力値1で魔法回避を+3します。" />
  <o id="386" en="Sneak Attack Effect" ja="不意打ち効果アップ" endesc="Increases the DEX bonus to Sneak Attack.&#xA;Increase DEX bonus by 1 percent." jadesc="不意打ちのDEXボーナスをアップします。&#xA;能力値1でDEXボーナスを+1%します。" />
  <o id="388" en="Larceny Duration" ja="ラーセニー効果時間延長" endesc="Increases the duration of effects stolen via Larceny.&#xA;Increase the effect duration by 1 second." jadesc="ラーセニーで奪取した効果の効果時間を延長します。&#xA;能力値1で効果時間を+1秒します。" />
  <o id="390" en="Trick Attack Effect" ja="だまし討ち効果アップ" endesc="Increases the AGI bonus to Trick Attack.&#xA;Increase AGI bonus by 1 percent." jadesc="だまし討ちのAGIボーナスをアップします。&#xA;能力値1でAGIボーナスを+1%します。" />
  <o id="392" en="Steal Recast" ja="ぬすむ使用間隔短縮" endesc="Reduces the recast time of Steal.&#xA;Reduce recast time by 2 seconds." jadesc="ぬすむの使用間隔を短縮します。&#xA;能力値1で使用間隔を-2秒します。" />
  <o id="394" en="Mug Effect" ja="かすめとる効果アップ" endesc="Steals HP when using Mug.&#xA;Steal HP equal to 5% of DEX and AGI.&#xA;Does not work on undead." jadesc="かすめとる使用時、HPをかすめとります。&#xA;能力値1でDEXとAGIの5%分かすめとります。&#xA;不死生物に対しては効果ありません。" />
  <o id="396" en="Despoil Effect" ja="ぶんどる効果アップ" endesc="Steals TP when using Despoil.&#xA;Steal 2% of target's TP." jadesc="ぶんどる使用時、TPをぶんどります。&#xA;能力値1で対象が持っているTPの2%をぶんどります。" />
  <o id="398" en="Conspirator Effect" ja="コンスピレーター効果アップ" endesc="Increases physical accuracy while under the effects of Conspirator.&#xA;Increase physical accuracy by 1." jadesc="コンスピレーター中、物理命中をアップします。&#xA;能力値1で物理命中を+1します。" />
  <o id="400" en="Bully Effect" ja="まどわす効果アップ" endesc="Increases the chance of the target becoming intimidated while under the effects of Bully.&#xA;Increase chance by 1 percent." jadesc="まどわす中、ひるむ確率をアップします。&#xA;能力値1でひるむ確率を+1します。" />
  <o id="402" en="Triple Attack Effect" ja="トリプルアタック効果アップ" endesc="Increases the physical attack of Triple Attack.&#xA;Increase physical attack by 1." jadesc="トリプルアタックの物理攻撃力をアップします。&#xA;能力値1で物理攻撃力を+1します。" />
  <o id="448" en="Invincible Effect" ja="インビンシブル効果アップ" endesc="Increases the amount of static enmity accrued from activating Invincible.&#xA;Increase static enmity by 100." jadesc="インビンシブルの敵対心をアップします。&#xA;能力値1で不揮発型の敵対心を+100します。" />
  <o id="450" en="Holy Circle Effect" ja="ホーリーサークル効果アップ" endesc="Reduces the amount of damage taken from undead while under the effects of Holy Circle.&#xA;Reduce damage taken by 1." jadesc="ホーリーサークル中、不死生物からのダメージを&#xA;軽減します。&#xA;能力値1で被ダメージを-1します。" />
  <o id="452" en="Intervene Effect" ja="インターヴィーン効果アップ" endesc="Increases damage dealt when using Intervene.&#xA;Increase damage dealt by 2 percent." jadesc="インターヴィーン使用時、与えるダメージをアップ&#xA;します。&#xA;能力値1でダメージを+2%します。" />
  <o id="454" en="Sentinel Effect" ja="センチネル効果アップ" endesc="Increases enmity while under the effects of Sentinel.&#xA;Increase enmity by 1." jadesc="センチネル中、敵対心をアップします。&#xA;能力値1で敵対心を+1します。" />
  <o id="456" en="Shield Bash Effect" ja="シールドバッシュ効果アップ" endesc="Increases damage dealt with Shield Bash.&#xA;Increase damage dealt by 10." jadesc="シールドバッシュのダメージをアップします。&#xA;能力値1でダメージを+10します。" />
  <o id="458" en="Cover Duration" ja="かばう効果時間延長" endesc="Increases the effect duration of Cover.&#xA;Increase effect duration by 1 second." jadesc="かばうの効果時間を延長します。&#xA;能力値1で効果時間を+1秒します。" />
  <o id="460" en="Divine Emblem Effect" ja="神聖の印効果アップ" endesc="Increases divine magic damage while under the effects of Divine Emblem.&#xA;Increase magic damage by 2." jadesc="神聖の印中、神聖魔法のダメージをアップします。&#xA;能力値1で魔法ダメージを+2します。" />
  <o id="462" en="Sepulcher Duration" ja="セプルカー効果時間延長" endesc="Increases the effect duration of Sepulcher.&#xA;Increase effect duration by 1 second." jadesc="セプルカーの効果時間を延長します。&#xA;能力値1で効果時間を+1秒します。" />
  <o id="464" en="Palisade Effect" ja="パリセード効果アップ" endesc="Increases chance of blocking with shield while under the effects of Palisade.&#xA;Increase chance by 1 percent." jadesc="パリセード中、盾で防ぐ確率をアップします。&#xA;能力値1で盾で防ぐ確率を+1します。" />
  <o id="466" en="Enlight Effect" ja="エンライト効果アップ" endesc="Increases additional light damage and physical accuracy while under the effects of Enlight.&#xA;Increase additional damage by 1 and physical accuracy by 1." jadesc="エンライト中、光の追加ダメージと物理命中を&#xA;アップします。&#xA;能力値1で追加ダメージを+1、物理命中を+1します。" />
  <o id="512" en="Blood Weapon Effect" ja="ブラッドウェポン効果アップ" endesc="Increases the amount of HP absorbed while under the effects of Blood Weapon.&#xA;Increase amount of HP absorbed by 2 percent." jadesc="ブラッドウェポン中、HP吸収量をアップします。&#xA;能力値1でHP吸収量を+2%します。" />
  <o id="514" en="Arcane Circle Effect" ja="アルケインサークル効果アップ" endesc="Reduces the amount of damage taken from arcana while under the effects of Arcane Circle.&#xA;Reduce damage taken by 1." jadesc="アルケインサークル中、魔法生物からのダメージを&#xA;軽減します。&#xA;能力値1で被ダメージを-1します。" />
  <o id="516" en="Soul Enslavement Effect" ja="ソールエンスレーヴ効果アップ" endesc="Increases the amount of TP absorbed while under the effects of Soul Enslavement.&#xA;Increase amount of TP absorbed by 1 percent." jadesc="ソールエンスレーヴ中、TP吸収量をアップします。&#xA;能力値1でTP吸収量を+1%します。" />
  <o id="518" en="Last Resort Effect" ja="ラストリゾート効果アップ" endesc="Increases physical attack while under the effects of Last Resort.&#xA;Increase physical attack by 2." jadesc="ラストリゾート中、物理攻撃力をアップします。&#xA;能力値1で物理攻撃力を+2します。" />
  <o id="520" en="Souleater Duration" ja="暗黒効果時間延長" endesc="Increases the effect duration of Souleater.&#xA;Increase effect duration by 1 second." jadesc="暗黒の効果時間を延長します。&#xA;能力値1で効果時間を+1秒します。" />
  <o id="522" en="Weapon Bash Effect" ja="ウェポンバッシュ効果アップ" endesc="Increases damage dealt with Weapon Bash.&#xA;Increase damage dealt by 10." jadesc="ウェポンバッシュのダメージをアップします。&#xA;能力値1でダメージを+10します。" />
  <o id="524" en="Nether Void Effect" ja="ネザーヴォイド効果アップ" endesc="Increases the amount absorbed by dark magic spells while under the effects of Nether Void.&#xA;Increase amount by 2 percent.&#xA;Increase the number of statuses absorbed by Absorb-Attri by 1 per 10 points." jadesc="ネザーヴォイド中、暗黒魔法の吸収量をアップします&#xA;能力値1で吸収量を+2%します。&#xA;アブゾアトリは能力値10で吸収するステータスの数&#xA;を+1します。" />
  <o id="526" en="Arcane Crest Duration" ja="アルケインクレスト効果時間延長" endesc="Increases effect duration of Arcane Crest.&#xA;Increase effect duration by 1 second." jadesc="アルケインクレストの効果時間を延長します。&#xA;能力値1で効果時間を+1秒します。" />
  <o id="528" en="Scarlet Delirium Duration" ja="レッドデリリアム効果時間延長" endesc="Increases effect duration of Scarlet Delirium.&#xA;Increase effect duration by 1 second." jadesc="レッドデリリアムの効果時間を延長します。&#xA;能力値1で効果時間を+1秒します。" />
  <o id="530" en="Endark Effect" ja="エンダーク効果アップ" endesc="Increases additional dark damage and physical attack while under the effects of Endark.&#xA;Increase damage and physical attack by 1." jadesc="エンダーク中、闇の追加ダメージと物理攻撃力を&#xA;アップします。&#xA;能力値1で追加ダメージを+1、物理攻撃力を+1します" />
  <o id="576" en="Familiar Effect" ja="使い魔効果アップ" endesc="Increases the deployed pet's attributes while under the effects of Familiar.&#xA;Increase attributes by 3." jadesc="使い魔中、使役しているペットのステータスをアップ&#xA;します。&#xA;能力値1でステータスを+3します。" />
  <o id="578" en="Pet Accuracy Bonus" ja="ペットの物理命中アップ" endesc="Increases the deployed pet's physical accuracy.&#xA;Increase physical accuracy by 1." jadesc="使役しているペットの物理命中をアップします。&#xA;能力値1で物理命中を+1します。" />
  <o id="580" en="Unleash Effect" ja="アンリーシュ効果アップ" endesc="Increases damage dealt by pet special attacks while under the effects of Unleash.&#xA;Increase special attack damage dealt by 2 percent." jadesc="アンリーシュ中、ペット技のダメージをアップします&#xA;能力値1でペット技のダメージを+2%します。" />
  <o id="582" en="Charm Success Rate" ja="あやつる成功率アップ" endesc="Increases the success rate of Charm.&#xA;Increase success rate by 1." jadesc="あやつるの成功率をアップします。&#xA;能力値1であやつるの成功率を+1します。" />
  <o id="584" en="Reward Effect" ja="いたわる効果アップ" endesc="Increases amount of pet's HP recovered when using Reward.&#xA;Increase amount of HP recovered by 1 percent." jadesc="いたわる使用時、ペットのHP回復量をアップします。&#xA;能力値1でHP回復量を+1%します。" />
  <o id="586" en="Pet Attack Speed" ja="ペットの攻撃間隔短縮" endesc="Increases attack speed of a called pet.&#xA;Increase pet attack speed by 1 percent." jadesc="よびだしたペットの攻撃間隔を短縮します。&#xA;能力値1で攻撃間隔を-1%します。" />
  <o id="588" en="Ready Effect" ja="しじをさせろ効果アップ" endesc="Increases pet special ability damage.&#xA;Increase damage by 1 percent." jadesc="よびだしたペットの技のダメージをアップします。&#xA;能力値1でダメージを+1%します。" />
  <o id="590" en="Spur Effect" ja="きばれ効果アップ" endesc="Increases pet physical attack while under the effects of Spur.&#xA;Increase physical attack by 3." jadesc="きばれ中、ペットの物理攻撃力をアップします。&#xA;能力値1で物理攻撃力を+3します。" />
  <o id="592" en="Run Wild Duration" ja="ふりしぼれ効果時間延長" endesc="Increases the effect duration of Run Wild.&#xA;Increase effect duration by 2 seconds." jadesc="ふりしぼれの効果時間を延長します。&#xA;能力値1で効果時間を+2秒します。" />
  <o id="594" en="Pet Enmity" ja="ペットの敵対心アップ" endesc="Increases the enmity of summoned pets.&#xA;Increase enmity by 1." jadesc="よびだしたペットの敵対心をアップします。&#xA;能力値1で敵対心を+1します。" />
  <o id="640" en="Soul Voice Effect" ja="ソウルボイス効果アップ" endesc="Reduces the casting time of songs while under the effects of Soul Voice.&#xA;Reduce song casting time by 2 percent." jadesc="ソウルボイス中、歌の詠唱時間を短縮します。&#xA;能力値1で詠唱時間を-2%します。" />
  <o id="642" en="Minne Effect" ja="ミンネ効果アップ" endesc="Increases physical defense granted by Minne.&#xA;Increase physical defense by 1." jadesc="ミンネの物理防御力をアップします。&#xA;能力値1で物理防御力を+1します。" />
  <o id="644" en="Clarion Call Effect" ja="クラリオンコール効果アップ" endesc="Increases the effect duration of songs while under the effects of Clarion Call.&#xA;Increase effect duration by 2 seconds." jadesc="クラリオンコール中、歌の効果時間を延長します。&#xA;能力値1で歌の効果時間を+2秒します。" />
  <o id="646" en="Minuet Effect" ja="メヌエット効果アップ" endesc="Increases the physical attack bonus granted by Minuet.&#xA;Increase physical attack by 1." jadesc="メヌエットの物理攻撃力をアップします。&#xA;能力値1で物理攻撃力を+1します。" />
  <o id="648" en="Pianissimo Effect" ja="ピアニッシモ効果アップ" endesc="Reduces the casting time of songs while under the effects of Pianissimo.&#xA;Reduce casting time by 2 percent." jadesc="ピアニッシモ中、歌の詠唱時間を短縮します。&#xA;能力値1で歌の詠唱時間を-2%します。" />
  <o id="650" en="Song Accuracy Bonus" ja="歌の命中アップ" endesc="Increases song accuracy.&#xA;Increase song accuracy by 1." jadesc="歌の命中をアップします。&#xA;能力値1で歌の命中を+1します。" />
  <o id="652" en="Tenuto Effect" ja="テヌート効果アップ" endesc="Increases the effect duration of songs while under the effects of Tenuto.&#xA;Increase effect duration by 2 seconds." jadesc="テヌート中、歌の効果時間を延長します。&#xA;能力値1で効果時間を+2秒します。" />
  <o id="654" en="Lullaby Duration" ja="ララバイ効果時間延長" endesc="Increases the effect duration of Lullaby.&#xA;Increase effect duration by 1 second." jadesc="ララバイの効果時間を延長します。&#xA;能力値1で効果時間を+1秒します。" />
  <o id="656" en="Marcato Effect" ja="マルカート効果アップ" endesc="Increases effect duration of songs while under the effects of Marcato.&#xA;Increase effect duration by 1 second." jadesc="マルカート中、歌の効果時間を延長します。&#xA;能力値1で効果時間を+1秒します。" />
  <o id="658" en="Requiem Effect" ja="レクイエム効果アップ" endesc="Increases damage over time of Requiem.&#xA;Increase damage over time by 3." jadesc="レクイエムのスリップダメージをアップします。&#xA;能力値1でスリップダメージを+3します。" />
  <o id="704" en="Eagle Eye Shot Effect" ja="イーグルアイ効果アップ" endesc="Increases damage from Eagle Eye Shot.&#xA;Increase damage by 3 percent." jadesc="イーグルアイのダメージをアップします。&#xA;能力値1でダメージを+3%します。" />
  <o id="706" en="Sharpshot Effect" ja="狙い撃ち効果アップ" endesc="Increases ranged attack while under the effects of Sharpshot.&#xA;Increase ranged attack by 2." jadesc="狙い撃ち中、遠隔攻撃力をアップします。&#xA;能力値1で遠隔攻撃力を+2します。" />
  <o id="708" en="Overkill Effect" ja="オーバーキル効果アップ" endesc="Reduces enmity while under the effects of Overkill.&#xA;Reduce enmity by 1." jadesc="オーバーキル中、敵対心を減少します。&#xA;能力値1で敵対心を-1します。" />
  <o id="710" en="Camouflage Effect" ja="カモフラージュ効果アップ" endesc="Increases the critical hit rate of ranged attacks while under the effects of Camouflage.&#xA;Increase critical hit rate by 1." jadesc="カモフラージュ中、遠隔攻撃のクリティカル率を&#xA;アップします。&#xA;能力値1でクリティカル率を+1します。" />
  <o id="712" en="Barrage Effect" ja="乱れ撃ち効果アップ" endesc="Increases ranged attack power while under the effects of Barrage.&#xA;Increase ranged attack power by 3." jadesc="乱れ撃ち中、遠隔攻撃力をアップします。&#xA;能力値1で遠隔攻撃力を+3します。" />
  <o id="714" en="Shadowbind Duration" ja="影縫い効果時間延長" endesc="Increases the effect duration of Shadowbind.&#xA;Increase effect duration by 1 second." jadesc="影縫いの効果時間を延長します。&#xA;能力値1で効果時間を+1秒します。" />
  <o id="716" en="Velocity Shot Effect" ja="ベロシティショット効果アップ" endesc="Increases ranged attack while under the effects of Velocity Shot.&#xA;Increase ranged attack by 2." jadesc="ベロシティショット中、遠隔攻撃力をアップします。&#xA;能力値1で遠隔攻撃力を+2します。" />
  <o id="718" en="Double Shot Effect" ja="ダブルショット効果アップ" endesc="Increases the chance of shooting twice while under the effects of Double Shot.&#xA;Increase chance by 1 percent." jadesc="ダブルショット中、ダブルショットの確率をアップ&#xA;します。&#xA;能力値1で確率を+1%します。" />
  <o id="720" en="Decoy Shot Effect" ja="デコイショット効果アップ" endesc="Increases the maximum amount of enmity transferable while under the effects of Decoy Shot.&#xA;Increase the volatile enmity limit by 15 and the cumulative enmity limit by 5." jadesc="デコイショット中、肩代わりさせられる敵対心の&#xA;上限値をアップします。&#xA;能力値1で揮発型の敵対心の上限を+15&#xA;不揮発型の敵対心の上限を+5します。" />
  <o id="722" en="Unlimited Shot Effect" ja="エンドレスショット効果アップ" endesc="Reduces enmity while under the effects of Unlimited Shot.&#xA;Reduce enmity by 2." jadesc="エンドレスショット中、敵対心を軽減します。&#xA;能力値1で敵対心を-2します。" />
  <o id="768" en="Meikyo Shisui Effect" ja="明鏡止水効果アップ" endesc="Increases skillchain damage while under the effects of Meikyo Shisui.&#xA;Increase skillchain damage by 2 percent." jadesc="明鏡止水中、連携ダメージをアップします。&#xA;能力値1で連携ダメージを+2%します。" />
  <o id="770" en="Warding Circle Effect" ja="護摩の守護円効果アップ" endesc="Reduces the amount of damage taken from demons while under the effects of Warding Circle.&#xA;Reduce damage taken by 1." jadesc="護摩の守護円中、デーモンからのダメージを軽減&#xA;します。&#xA;能力値1で被ダメージを-1します。" />
  <o id="772" en="Yaegasumi Effect" ja="八重霞効果アップ" endesc="Increases the TP bonus granted by Yaegasumi.&#xA;Increase TP bonus by 30." jadesc="八重霞中、TPボーナスをアップします。&#xA;能力値1でTPボーナスを+30します。" />
  <o id="774" en="Hasso Effect" ja="八双効果アップ" endesc="Increases STR while under the effects of Hasso.&#xA;Increase STR by 1." jadesc="八双中、STRをアップします。&#xA;能力値1でSTRを+1します。" />
  <o id="776" en="Meditate Effect" ja="黙想効果アップ" endesc="Increases the amount of TP gained per tick while under the effects of Meditate.&#xA;Increase amount of TP gained by 5." jadesc="黙想中、1回で得られるTPをアップします。&#xA;能力値1でTPを+5します。" />
  <o id="778" en="Seigan Effect" ja="星眼効果アップ" endesc="Increases physical defense while under the effects of Seigan.&#xA;Increase physical defense by 3." jadesc="星眼中、物理防御力をアップします。&#xA;能力値1で物理防御力を+3します。" />
  <o id="780" en="Konzen-ittai Effect" ja="渾然一体効果アップ" endesc="Increases skillchain damage while under the effects of Konzen-ittai.&#xA;Increase damage by 1 percent." jadesc="渾然一体中、連携ダメージをアップします。&#xA;能力値1で連携ダメージを+1%します。" />
  <o id="782" en="Hamanoha Duration" ja="破魔の刃効果時間延長" endesc="Increases the effect duration of Hamanoha.&#xA;Increase effect duration by 1 second." jadesc="破魔の刃の効果時間を延長します。&#xA;能力値1で効果時間を+1秒します。" />
  <o id="784" en="Hagakure Effect" ja="葉隠効果アップ" endesc="Increases TP bonus while under the effects of Hagakure.&#xA;Increase TP bonus by 10." jadesc="葉隠中、TPボーナスをアップします。&#xA;能力値1でTPボーナスを+10します。" />
  <o id="786" en="Zanshin Effect" ja="残心効果アップ" endesc="Increases the physical attack of Zanshin.&#xA;Increase physical attack by 2." jadesc="残心の物理攻撃力をアップします。&#xA;能力値1で物理攻撃力を+2します。" />
  <o id="832" en="Mijin Gakure Effect" ja="微塵がくれ効果アップ" endesc="Increases the damage dealt by Mijin Gakure.&#xA;Increase damage by 3 percent." jadesc="微塵がくれのダメージをアップします。&#xA;能力値1でダメージを+3%します。" />
  <o id="834" en="Yonin Effect" ja="陽忍効果アップ" endesc="Increases physical evasion when directly in front of the target while under the effects of Yonin.&#xA;Increase physical evasion by 2." jadesc="陽忍中、攻撃対象の正面にいる時の物理回避をアップ&#xA;します。&#xA;能力値1で物理回避を+2します。" />
  <o id="836" en="Mikage Effect" ja="身影効果アップ" endesc="Increases physical attack while under the effects of Mikage.&#xA;Increase physical attack by 3." jadesc="身影中、物理攻撃力をアップします。&#xA;能力値1で物理攻撃力を+3します。" />
  <o id="838" en="Innin Effect" ja="陰忍効果アップ" endesc="Increases accuracy when attacking from behind the target while under the effects of Innin.&#xA;Increase accuracy by 1." jadesc="陰忍中、攻撃対象の背後にいる時の物理命中をアップ&#xA;します。&#xA;能力値1で物理命中を+1します。" />
  <o id="840" en="Ninjutsu Accuracy Bonus" ja="忍術命中アップ" endesc="Increases ninjutsu accuracy.&#xA;Increase ninjutsu accuracy by 1." jadesc="忍術の命中をアップします。&#xA;能力値1で忍術の命中を+1します。" />
  <o id="842" en="Ninjutsu Cast Time" ja="忍術の詠唱時間短縮" endesc="Reduces casting time of ninjutsu.&#xA;Reduce casting time by 1 percent." jadesc="忍術の詠唱時間を短縮します。&#xA;能力値1で詠唱時間を-1%します。" />
  <o id="844" en="Futae Effect" ja="二重効果アップ" endesc="Increases ninjutsu magic damage while under the effects of Futae.&#xA;Increase magic damage by 5." jadesc="二重中、忍術の魔法ダメージをアップします。&#xA;能力値1で魔法ダメージを+5します。" />
  <o id="846" en="Elemental Ninjutsu Effect" ja="遁術効果アップ" endesc="Increases the magic damage of elemental ninjutsu.&#xA;Increase magic damage by 2." jadesc="遁術の魔法ダメージをアップします。&#xA;能力値1で魔法ダメージを+2します。" />
  <o id="848" en="Issekigan Effect" ja="一隻眼効果アップ" endesc="Increases the enmity bonus earned upon successfully parrying while under the effects of Issekigan.&#xA;Increase volatile enmity by 10." jadesc="一隻眼中、受け流した時に得られる敵対心を&#xA;アップします。&#xA;能力値1で不揮発型の敵対心を+10します。" />
  <o id="850" en="Tactical Parry Effect" ja="タクティカルパリー効果アップ" endesc="Grants a chance to counter an attack upon parrying it.&#xA;Increase chance of countering by 1 percent." jadesc="受け流した時、反撃する可能性を得ます。&#xA;能力値1で反撃する確率を+1します。" />
  <o id="896" en="Spirit Surge Effect" ja="竜剣効果アップ" endesc="Increases the DMG value of weapons while under the effects of Spirit Surge.&#xA;Increase DMG value by 1." jadesc="竜剣中、武器のD値をアップします。&#xA;能力値1でD値を+1します。" />
  <o id="898" en="Ancient Circle Effect" ja="エンシェントサークル効果アップ" endesc="Reduces the amount of damage taken from dragons while under the effects of Ancient Circle.&#xA;Reduce damage taken by 1." jadesc="エンシェントサークル中、竜からのダメージ&#xA;を軽減します。&#xA;能力値1で被ダメージを-1します。" />
  <o id="900" en="Fly High Effect" ja="フライハイ効果アップ" endesc="Increases the physical attack of all jumps while under the effects of Fly High.&#xA;Increase physical attack by 5." jadesc="フライハイ中、全ジャンプの攻撃力をアップします。&#xA;能力値1で全ジャンプの攻撃力を+5します。" />
  <o id="902" en="Jump Effect" ja="ジャンプ効果アップ" endesc="Increases the physical attack of Jump and Spirit Jump.&#xA;Increase physical attack by 3." jadesc="ジャンプの攻撃力をアップします。&#xA;能力値1でジャンプの攻撃力を+3します。&#xA;スピリットジャンプも同様の効果を得ます。" />
  <o id="904" en="Spirit Link Effect" ja="スピリットリンク効果アップ" endesc="Reduces caster's HP consumption when Spirit Link activates.&#xA;Reduce HP consumption by 1 percent." jadesc="スピリットリンク使用時、自身が消費するHPを軽減&#xA;します。&#xA;能力値1でHP消費量を-1%します。" />
  <o id="906" en="Wyvern Max HP Bonus" ja="ワイバーンの最大HPアップ" endesc="Increases the maximum HP of wyverns.&#xA;Increase max HP by 10." jadesc="ワイバーンの最大HPをアップします。&#xA;能力値1で最大HPを+10します。" />
  <o id="908" en="Dragon Breaker Duration" ja="ドラゴンブレイカー効果時間延長" endesc="Increases the effect duration of Dragon Breaker.&#xA;Increase effect duration by 1 second." jadesc="ドラゴンブレイカーの効果時間を延長します。&#xA;能力値1で効果時間を+1秒します。" />
  <o id="910" en="Wyvern Breath Effect" ja="ワイバーンのブレス効果アップ" endesc="Increases the effect of wyvern breath.&#xA;Increase effect by 10." jadesc="ワイバーンのブレス効果をアップします。&#xA;能力値1でブレス効果を+10します。" />
  <o id="912" en="High Jump Effect" ja="ハイジャンプ効果アップ" endesc="Increases attack of High Jump and Soul Jump.&#xA;Increase attack by 3." jadesc="ハイジャンプの攻撃力をアップします。&#xA;能力値1でハイジャンプの攻撃力を+3します。&#xA;ソウルジャンプも同様の効果を得ます。" />
  <o id="914" en="Wyvern Attr. Increase Effect" ja="ワイバーンSTアップ時の効果アップ" endesc="Increases the master's physical attack and defense when the wyvern's attributes are boosted.&#xA;Increase physical attack and defense by 2." jadesc="ワイバーンのステータスアップ中、マスターの&#xA;物理攻撃力と物理防御力をアップします。&#xA;能力値1で物理攻撃力を+2、物理防御力を+2します。" />
  <o id="960" en="Astral Flow Effect" ja="アストラルフロウ効果アップ" endesc="Increases the attributes of avatars and spirits while under the effects of Astral Flow.&#xA;Increase attributes by 5." jadesc="アストラルフロウ中、神獣と精霊のステータスを&#xA;アップします。&#xA;能力値1でステータスを+5します。" />
  <o id="962" en="Avatar/Spirit Accuracy Bonus" ja="神獣と精霊の物理命中アップ" endesc="Increases avatars' and spirits' physical accuracy.&#xA;Increase physical accuracy by 1." jadesc="神獣と精霊の物理命中をアップします。&#xA;能力値1で物理命中を+1します。" />
  <o id="964" en="Astral Conduit Effect" ja="アストラルパッセージ効果アップ" endesc="Enhances Blood Pact effects while under the effects of Astral Conduit.&#xA;Increase damage dealt by Blood Pact: Rage abilities by 1 percent.&#xA;Increase effect duration of Blood Pact: Ward abilities by 1 percent." jadesc="アストラルパッセージ中、履行の効果をアップします&#xA;幻術は履行技のダメージを+1%します。&#xA;験術は履行技の効果時間を+1%します。" />
  <o id="966" en="Avatar/Spirit Mag. Acc. Bonus" ja="神獣と精霊の魔法命中アップ" endesc="Increases avatars' and spirits' magic accuracy.&#xA;Increase magic accuracy by 1." jadesc="神獣と精霊の魔法命中をアップします。&#xA;能力値1で魔法命中を+1します。" />
  <o id="968" en="Elemental Siphon Effect" ja="エレメントサイフォン効果アップ" endesc="Increases amount of MP recovered when using Elemental Siphon. &#xA;Increase amount of MP recovered by 3." jadesc="エレメントサイフォン使用時、MP回復量をアップ&#xA;します。&#xA;能力値1でMP回復量を+3します。" />
  <o id="970" en="Avatar/Spirit Physical Attack" ja="神獣と精霊の物理攻撃力アップ" endesc="Increases avatars' and spirits' physical attack.&#xA;Increase physical attack by 2." jadesc="神獣と精霊の物理攻撃力をアップします。&#xA;能力値1で物理攻撃力を+2します。" />
  <o id="972" en="Mana Cede Effect" ja="マナシード効果アップ" endesc="Increases the amount of TP given to avatars and spirits when using Mana Cede.&#xA;Increase TP by 50." jadesc="マナシード使用時、神獣と精霊に与えるTPをアップ&#xA;します。&#xA;能力値1で与えるTPを+50します。" />
  <o id="974" en="Avatar's Favor Effect" ja="神獣の加護効果アップ" endesc="Increases the starting value of the summoned avatar's duration for the purposes of determining the effects of Avatar's Favor.&#xA;Increase value by 3 seconds." jadesc="神獣の加護使用時、神獣を使役している時間を加算&#xA;します。&#xA;能力値1で召喚している時間を+3秒します。" />
  <o id="976" en="Avatar/Spirit Mag. Damage" ja="神獣と精霊の魔法ダメージアップ" endesc="Increases the magic damage of avatars and spirits.&#xA;Increase magic damage by 5." jadesc="神獣と精霊の魔法ダメージをアップします。&#xA;能力値1で魔法ダメージを+5します。" />
  <o id="978" en="Blood Pact Damage" ja="契約の履行ダメージアップ" endesc="Increases damage dealt by Blood Pacts.&#xA;Increase Blood Pact damage by 3." jadesc="契約の履行のダメージをアップします。&#xA;能力値1で契約の履行のダメージを+3します。" />
  <o id="1024" en="Azure Lore Effect" ja="アジュールロー効果アップ" endesc="Increases the damage of physical blue magic spells while under the effects of Azure Lore.&#xA;Increase damage by 1." jadesc="アジュールロー中、物理系青魔法のD値をアップします&#xA;能力値1でD値を+1します。" />
  <o id="1026" en="Blue Magic Point Bonus" ja="青魔法ポイントアップ" endesc="Increases the maximum number of blue magic points.&#xA;Increase blue magic points by 1." jadesc="青魔法ポイントの上限をアップします。&#xA;能力値1で青魔法ポイントを+1します。" />
  <o id="1028" en="Unbridled Wisdom Effect" ja="N.ウィズドム効果アップ" endesc="Enhances the potency of Conserve MP while under the effects of Unbridled Wisdom.&#xA;Enhance potency by 3." jadesc="N.ウィズドム中、コンサーブMPの効果をアップします&#xA;能力値1でコンサーブMPを+3します。" />
  <o id="1030" en="Burst Affinity Bonus" ja="ブルーバースト効果アップ" endesc="Increases blue magic spell damage while under the effects of Burst Affinity.&#xA;Increase damage by 2." jadesc="ブルーバースト中、魔法系青魔法のダメージをアップ&#xA;します。&#xA;能力値1で魔法系青魔法のダメージを+2します。" />
  <o id="1032" en="Chain Affinity Effect" ja="ブルーチェーン効果アップ" endesc="Increases physical blue magic skillchain damage while under the effects of Chain Affinity.&#xA;Increase skillchain damage by 1 percent." jadesc="ブルーチェーン中、物理系青魔法の連携ダメージを&#xA;アップします。&#xA;能力値1で連携ダメージを+1%します。" />
  <o id="1034" en="Phys. Blue Magic Effect Acc." ja="物理系青魔法追加効果命中アップ" endesc="Increases the accuracy of the additional effects of physical blue magic.&#xA;Increase additional effect accuracy by 1 percent." jadesc="物理系青魔法の追加効果の命中をアップします。&#xA;能力値1で追加効果の命中を+1します。" />
  <o id="1036" en="Unbridled Learning Effect" ja="ノートリアスナレッジ効果アップ" endesc="Increases the damage dealt by blue magic usable under the effects of Unbridled Learning.&#xA;Increase damage by 1 percent." jadesc="ノートリアスナレッジ用の青魔法の与ダメージを&#xA;アップします。&#xA;能力値1で与ダメージを+1%します。" />
  <o id="1038" en="Unbridled Learning Effect II" ja="ノートリアスナレッジ効果アップII" endesc="Increases the effect duration of blue magic usable under the effects of Unbridled Learning that affects party members.&#xA;Increase effect duration by 1 percent." jadesc="ノートリアスナレッジ用のパーティメンバーに&#xA;効果のある青魔法の効果時間を延長します。&#xA;能力値1で効果時間を+1%します。" />
  <o id="1040" en="Efflux Effect" ja="エフラックス効果アップ" endesc="Increases the TP bonus from physical blue magic spells while under the effect of Efflux.&#xA;Increase TP bonus by 10." jadesc="エフラックス中、物理系青魔法のTPボーナスをアップ&#xA;します。&#xA;能力値1でTPボーナスを+10します。" />
  <o id="1042" en="Magic Accuracy Bonus" ja="魔法命中アップ" endesc="Increases magic accuracy.&#xA;Increase magic accuracy by 1." jadesc="魔法命中をアップします。&#xA;能力値1で魔法命中を+1します。" />
  <o id="1088" en="Wild Card Effect" ja="ワイルドカード効果アップ" endesc="Grants a Wild Card roll of V or higher a chance to reset Wild Card's ability delay.&#xA;Increase the probability of resetting by 1 percent." jadesc="ワイルドカード使用時、出目が5以上で自身のワイルド&#xA;カードの使用間隔もリセットされる可能性を得ます&#xA;能力値1でリセットする確率を+1%します。" />
  <o id="1090" en="Phantom Roll Duration" ja="ファントムロール効果時間延長" endesc="Increases the effect duration of phantom rolls.&#xA;Increase the effect duration by 2 seconds." jadesc="ファントムロールの効果時間を延長します。&#xA;能力値1で効果時間を+2秒します。" />
  <o id="1092" en="Cut Card Effect" ja="カットカード効果アップ" endesc="Reduces the ability delays of applicable special abilities.&#xA;Reduce ability delay by 1 percent." jadesc="カットカード使用時、対象のSPアビリティの&#xA;使用間隔を短縮します。&#xA;能力値1で使用間隔を-1%します。" />
  <o id="1094" en="Bust Evasion" ja="Bust回避" endesc="Grants a chance to avoid busting.&#xA;Increase probability by 1 percent." jadesc="Bustにならない可能性を得ます。&#xA;能力値1でBustにならない確率を+1%します。" />
  <o id="1096" en="Quick Draw Effect" ja="クイックドロー効果アップ" endesc="Increases magic damage dealt with Quick Draw.&#xA;Increase magic damage by 2." jadesc="クイックドローの魔法ダメージをアップします。&#xA;能力値1で魔法ダメージを+2します。" />
  <o id="1098" en="Ammo Consumption" ja="矢弾消費量軽減" endesc="Grants a chance to avoid consuming ammunition.&#xA;Increase probability by 1 percent." jadesc="矢弾を消費しない可能性を得ます。&#xA;能力値1で消費しない確率を+1%します。" />
  <o id="1100" en="Random Deal Effect" ja="ランダムディール効果アップ" endesc="Grants a chance to reset the reuse time of two job abilities when using Random Deal.&#xA;Increase chance by 2 percent." jadesc="ランダムディール使用時、回復するアビリティが&#xA;2つになる確率を得ます。&#xA;能力値1で回復する確率を+2%します。" />
  <o id="1102" en="Ranged Accuracy Bonus" ja="遠隔命中アップ" endesc="Increases ranged accuracy.&#xA;Increase ranged accuracy by 1." jadesc="遠隔命中をアップします。&#xA;能力値1で遠隔命中を+1します。" />
  <o id="1104" en="Triple Shot Effect" ja="トリプルショット効果アップ" endesc="Increases the chance of performing a triple shot while under the effects of Triple Shot.&#xA;Increase chance by 1 percent." jadesc="トリプルショット中、トリプルショットの確率を&#xA;アップします。&#xA;能力値1で確率を+1%します。" />
  <o id="1106" en="Optimal Range Effect" ja="適正距離の遠隔攻撃力アップ" endesc="Increases ranged attack when performed from an appropriate distance.&#xA;Increase ranged attack by 2." jadesc="適正距離での遠隔攻撃力をアップします。&#xA;能力値1で遠隔攻撃力を+2します。" />
  <o id="1152" en="Overdrive Effect" ja="オーバードライヴ効果アップ" endesc="Increases automatons' attributes while under the effects of Overdrive.&#xA;Increase attributes by 5." jadesc="オーバードライヴ中、オートマトンのステータスを&#xA;アップします。&#xA;能力値1でステータスを+5します。" />
  <o id="1154" en="Automaton HP and MP Bonus" ja="オートマトン最大HP、MPアップ" endesc="Increases the maximum HP and MP of automatons.&#xA;Increase maximum HP by 10 and MP by 5." jadesc="オートマトンの最大HPと最大MPをアップします。&#xA;能力値1で最大HPを+10、最大MPを+5します。" />
  <o id="1156" en="Heady Artifice Effect" ja="ヘディーアーテフィス効果アップ" endesc="Increases the potency of the various head-related abilities.&#xA;Harlequin Head: Increase physical accuracy by 2.&#xA;Valoredge Head: Increase static enmity by 100.&#xA;Sharpshot Head: Increase damage by 3 percent.&#xA;Stormwaker Head: Increase magic damage by 2.&#xA;Soulsoother Head: Increase amount of MP recovered by 1 percent.&#xA;Spiritreaver Head: Increase magic damage by 5." jadesc="各SPアビリティの効果をアップします。&#xA;能力値1でアップする効果は各ヘッドで異なります。&#xA;汎用ヘッドは物理命中を+2します。&#xA;白兵戦ヘッドは不揮発型の敵対心を+100します。&#xA;射撃戦ヘッドはダメージを+3%します。&#xA;魔法戦ヘッドは魔法ダメージを+2します。&#xA;白魔法戦ヘッドはMP回復量を+1%します。&#xA;黒魔法戦ヘッドは魔法ダメージを+5します。" />
  <o id="1158" en="Activate Effect" ja="アクティベート効果アップ" endesc="Decreases the automaton's burden when Activate or Deus Ex Automata is used.&#xA;Decrease burden by 1." jadesc="アクティベートした時のオートマトンの負荷値を&#xA;軽減します。&#xA;能力値1で負荷値を-1します。&#xA;応急処置も同様の効果を得ます。" />
  <o id="1160" en="Repair Effect" ja="リペアー効果アップ" endesc="Gradually restores automaton's MP when Repair is used.&#xA;Amount of MP recovered depends on the item used.&#xA;Automaton Oil: +5&#xA;Automaton Oil +1: +10&#xA;Automaton Oil +2: +15&#xA;Automaton Oil +3: +20" jadesc="リペアー使用時、オートマトンのMP回復量をアップ&#xA;します。&#xA;能力値1でのMP回復量は使用するアイテムで&#xA;異なります。&#xA;ルブリカントは+5します。&#xA;ルブリカント+1は+10します。&#xA;ルブリカント+2は+15します。&#xA;ルブリカント+3は+20します。" />
  <o id="1162" en="Deus Ex Automata Recast" ja="応急処置使用間隔短縮" endesc="Reduces the recast time of Deus Ex Automata.&#xA;Reduce recast time by 1 second." jadesc="応急処置の使用間隔を短縮します。&#xA;能力値1で使用間隔を-1秒します。" />
  <o id="1164" en="Tactical Switch" ja="タクティクスウィッチ効果アップ" endesc="Increases TP of the automaton's master when using Tactical Switch.&#xA;Increase TP by 20." jadesc="タクティクスウィッチ使用時、マスターが得るTPを&#xA;アップします。&#xA;能力値1でTPを+20します。" />
  <o id="1166" en="Cooldown Effect" ja="クールダウン効果アップ" endesc="Reduces the automaton's burden when using Cooldown.&#xA;Reduce burden by 1." jadesc="クールダウン使用時、オートマトンの負荷値を軽減&#xA;します。&#xA;能力値1で負荷値を-1します。" />
  <o id="1168" en="Deactivate Effect" ja="ディアクティベート効果アップ" endesc="Relaxes the requirement for reducing Deactivate's cooldown based on the automaton's remaining HP.&#xA;Reduce the requirement by 1 percent of remaining HP." jadesc="オートマトンの残りHPによるアクティベートの&#xA;再使用時間リセットの条件を軽減します。&#xA;能力値1で残りHP-1%軽減します。" />
  <o id="1170" en="Martial Arts Effect" ja="マーシャルアーツ効果アップ" endesc="Reduces attack delay for hand-to-hand attacks.&#xA;Reduce attack delay by 2." jadesc="格闘攻撃による攻撃間隔を短縮します。&#xA;能力値1で攻撃間隔を-2します。" />
  <o id="1216" en="Trance Effect" ja="トランス効果アップ" endesc="Increases TP when Trance is activated.&#xA;Increase TP by 100." jadesc="トランス使用時、TPを増加します。&#xA;能力値1でTPを+100します。" />
  <o id="1218" en="Step Duration" ja="ステップ効果時間延長" endesc="Increases the effect duration of all steps.&#xA;Increase effect duration by 1 second." jadesc="全ステップの効果時間を延長します。&#xA;能力値1で効果時間を+1秒します。" />
  <o id="1220" en="Grand Pas Effect" ja="グランドパー効果アップ" endesc="Increases damage while under the effects of Grand Pas.&#xA;Increase damage by 1." jadesc="グランドパー中、D値をアップします。&#xA;能力値1でD値を+1します。" />
  <o id="1222" en="Samba Duration" ja="サンバ効果時間延長" endesc="Increases the effect duration of all sambas.&#xA;Increase duration by 2 seconds." jadesc="全サンバの効果時間を延長します。&#xA;能力値1で効果時間を+2秒します。" />
  <o id="1224" en="Waltz Potency" ja="ワルツ回復量アップ" endesc="Increases Waltz potency.&#xA;Increase Waltz potency by 2." jadesc="ワルツ回復量をアップします。&#xA;能力値1でワルツ回復量を+2します。" />
  <o id="1226" en="Flourish I Effect" ja="フラリッシュI効果アップ" endesc="Enhances the effect of Flourishes I.&#xA;Enhance different effects depending on the flourish.&#xA;Animated Flourish: Increase volatile enmity by 10.&#xA;Desperate Flourish: Increase physical accuracy by 1.&#xA;Violent Flourish: Increase additional effect: accuracy by 1." jadesc="フラリッシュIの効果をアップします。&#xA;能力値1でアップする効果は各フラリッシュで&#xA;異なります。&#xA;A.フラリッシュは揮発型の敵対心を+10します。&#xA;D.フラリッシュは物理命中を+1します。&#xA;V.フラリッシュは追加効果の命中を+1します。" />
  <o id="1228" en="Jig Duration" ja="ジグ効果時間延長" endesc="Increases the effect duration of jigs.&#xA;Increase effect duration by 1 second." jadesc="全ジグの効果時間を延長します。&#xA;能力値1で効果時間を+1秒します。" />
  <o id="1230" en="Flourish II Effect" ja="フラリッシュII効果アップ" endesc="Enhances the effect of Flourishes II.&#xA;Enhance different effects depending on the flourish.&#xA;Reverse Flourish: Increase TP by 2.&#xA;Building Flourish: Increase weapon skill damage by 1 percent.&#xA;Wild Flourish: Increase skillchain damage by 1 percent." jadesc="フラリッシュIIの効果をアップします。&#xA;能力値1でアップする効果は各フラリッシュで&#xA;異なります。&#xA;R.フラリッシュはTPを+2します。&#xA;B.フラリッシュはウェポンスキルのダメージを+1%&#xA;します。&#xA;W.フラリッシュは連携ダメージを+1%します。" />
  <o id="1232" en="Flourish III Effect" ja="フラリッシュIII効果アップ" endesc="Increases the charisma bonus from Flourishes III.&#xA;Increase charisma bonus by 1 percent." jadesc="フラリッシュIIIのCHRボーナスをアップします。&#xA;能力値1でCHRボーナスを+1%します。" />
  <o id="1234" en="Contradance Effect" ja="コントラダンス効果アップ" endesc="Reduces Waltz TP consumption while under the effects of Contradance.&#xA;Reduce TP consumption by 3 percent." jadesc="コントラダンス中、ワルツのTP消費量を軽減します。&#xA;能力値1でTP消費量を-3%します。" />
  <o id="1280" en="Tabula Rasa Effect" ja="連環計効果アップ" endesc="Recovers caster's MP when using Tabula Rasa.&#xA;Increase amount of MP recovered by 2 percent." jadesc="連環計使用時、自身のMPを回復します。&#xA;能力値1でMP回復量を+2%します。" />
  <o id="1282" en="Light Arts Effect" ja="白のグリモア効果アップ" endesc="Increase the effect duration of Regen while under the effects of Light Arts.&#xA;Increase effect duration by 3 seconds." jadesc="白のグリモア中、リジェネの効果時間を延長します。&#xA;能力値1で効果時間を+3秒します。" />
  <o id="1284" en="Caper Emissarius Effect" ja="カペルエミサリウス効果アップ" endesc="Recovers the target's HP when using Caper Emissarius.&#xA;Increase the amount of HP recovered by 2 percent." jadesc="カペルエミサリウス使用時、対象のHPを回復します。&#xA;能力値1でHP回復量を+2%します。" />
  <o id="1286" en="Dark Arts Effect" ja="黒のグリモア効果アップ" endesc="Increases the effect duration of Helix spells while under the effects of Dark Arts.&#xA;Increase effect duration by 3 seconds." jadesc="黒のグリモア中、計略系魔法の効果時間を延長します&#xA;能力値1で効果時間を+3秒します。" />
  <o id="1288" en="Stratagem Effect" ja="戦術魔道書効果アップ" endesc="Increases magic accuracy of spells tied to either Light Arts when Penury activates, or Dark Arts when Parsimony activates.&#xA;Increase magic accuracy by 1." jadesc="簡素清貧の章か勤倹小心の章使用時、&#xA;効果中のグリモアに対応した魔法命中をアップします&#xA;能力値1で魔法命中を+1します。" />
  <o id="1290" en="Stratagem Effect II" ja="戦術魔道書効果アップII" endesc="Reduces casting times of spells tied to either Light Arts when Celerity activates, or Dark Arts when Alacrity activates.&#xA;Reduce casting times by 1 percent." jadesc="電光石火の章か疾風迅雷の章使用時、&#xA;効果中のグリモアに対応した魔法の詠唱時間を短縮&#xA;します。&#xA;能力値1で詠唱時間を-1%します。" />
  <o id="1292" en="Stratagem Effect III" ja="戦術魔道書効果アップIII" endesc="Increases magic damage of spells tied to either Light Arts when Rapture activates, or Dark Arts when Ebullience activates.&#xA;Increase magic damage by 2." jadesc="意気昂然の章か気炎万丈の章使用時、&#xA;効果中のグリモアに対応した魔法ダメージをアップ&#xA;します。&#xA;能力値1で魔法ダメージを+2します。" />
  <o id="1294" en="Stratagem Effect IV" ja="戦術魔道書効果アップIV" endesc="Reduces the recast time of spells tied to either Light Arts when Accession activates, or Dark Arts when Manifestation activates.&#xA;Reduce recast time by 2 percent." jadesc="女神降臨の章か精霊光来の章使用時、&#xA;効果中のグリモアに対応した魔法の再詠唱時間を&#xA;短縮します。&#xA;能力値1で再詠唱時間を-2%します。" />
  <o id="1296" en="Modus Veritas Effect" ja="以逸待労の計効果アップ" endesc="Increases damage over time when using Modus Veritas.&#xA;Increase damage over time by 3." jadesc="以逸待労の計使用時、スリップダメージをアップ&#xA;します。&#xA;能力値1でスリップダメージを+3します。" />
  <o id="1298" en="Sublimation Effect" ja="机上演習効果アップ" endesc="Increases the maximum amount of MP accumulated from Sublimation.&#xA;Increase maximum MP accumulation by 3." jadesc="机上演習のMP蓄積量の上限値をアップします。&#xA;能力値1でMP蓄積量の上限を+3します。" />
  <o id="1344" en="Bolster Effect" ja="ボルスター効果アップ" endesc="Increases the maximum HP of the deployed luopan and reduces its perpetuation cost while under the effects of Bolster.&#xA;Increase maximum HP by 3 percent and reduce perpetuation cost by 1." jadesc="ボルスター中、羅盤の最大HPをアップし、羅盤の&#xA;維持費を軽減します。&#xA;能力値1で最大HPを+3%、維持費を-1します。" />
  <o id="1346" en="Life Cycle Effect" ja="ライフサイクル効果アップ" endesc="Increases the amount of HP recovered by the luopan when using Life Cycle.&#xA;Increase amount of HP recovered by 1 percent." jadesc="ライフサイクル使用時、羅盤のHP回復量をアップ&#xA;します。&#xA;能力値1でHP回復量を+1%します。" />
  <o id="1348" en="Widened Compass Effect" ja="ワイデンコンパス効果アップ" endesc="Reduces the casting time of geomancy spells while under the effects of Widened Compass.&#xA;Reduce casting time by 3 percent." jadesc="ワイデンコンパス中、風水魔法の詠唱時間を短縮&#xA;します。&#xA;能力値1で詠唱時間を-3%します。" />
  <o id="1350" en="Blaze of Glory Effect" ja="グローリーブレイズ効果アップ" endesc="Increases the initial HP value of luopans while under the effects of Blaze of Glory.&#xA;Increase initial HP by 1 percent." jadesc="グローリーブレイズ中、羅盤のHP初期値をアップ&#xA;します。&#xA;能力値1でHP初期値を+1%します。" />
  <o id="1352" en="Magic Atk. Bonus" ja="魔法攻撃力アップ" endesc="Enhances Magic Atk. Bonus.&#xA;Enhance Magic Atk. Bonus by 1." jadesc="魔法攻撃力をアップします。&#xA;能力値1で魔法攻撃力を+1します。" />
  <o id="1354" en="Magic Accuracy Bonus" ja="魔法命中アップ" endesc="Increases magic accuracy.&#xA;Increase magic accuracy by 1." jadesc="魔法命中をアップします。&#xA;能力値1で魔法命中を+1します。" />
  <o id="1356" en="Dematerialize Duration" ja="デマテリアライズ効果時間延長" endesc="Increases the effect duration of Dematerialize.&#xA;Increase effect duration by 1 second." jadesc="デマテリアライズの効果時間を延長します。&#xA;能力値1で効果時間を+1秒します。" />
  <o id="1358" en="Theurgic Focus Effect" ja="タウマテルギフォカス効果アップ" endesc="Increases the magic damage of specific spells while under the effects of Theurgic Focus.&#xA;Increase magic damage by 3." jadesc="タウマテルギフォカス中、特定の魔法の魔法ダメージ&#xA;をアップします。&#xA;能力値1で魔法ダメージを+3します。" />
  <o id="1360" en="Concentric Pulse Effect" ja="コンセントリクパルス効果アップ" endesc="Increases damage when using Concentric Pulse.&#xA;Increase damage by 1 percent." jadesc="コンセントリクパルス使用時、ダメージをアップ&#xA;します。&#xA;能力値1でダメージを+1%します。" />
  <o id="1362" en="Indicolure Spell Effect Dur." ja="インデ系魔法効果時間延長" endesc="Increases the effect duration of Indicolure spells.&#xA;Increase spell effect duration by 2 seconds." jadesc="インデ系魔法の効果時間を延長します。&#xA;能力値1で効果時間を+2秒します。" />
  <o id="1408" en="Elemental Sforzo Effect" ja="E.スフォルツォ効果アップ" endesc="Absorbs magic attacks while under the effects of Elemental Sforzo.&#xA;Increase the amount of damage absorbed by 2 percent." jadesc="E.スフォルツォ中、魔法攻撃を吸収します。&#xA;能力値1で吸収量を+2%します。" />
  <o id="1410" en="Rune Enchantment Effect" ja="エンチャントルーン効果アップ" endesc="Increases elemental resistance granted by each rune.&#xA;Increase resistance by 1." jadesc="エンチャントルーンの属性耐性をアップします。&#xA;能力値1で属性耐性を+1します。" />
  <o id="1412" en="Odyllic Subterfuge Effect" ja="オディリックサブタ効果アップ" endesc="Reduces Magic Atk. Bonus while under the effects of Odyllic Subterfuge.&#xA;Reduce Magic Atk. Bonus by 2." jadesc="オディリックサブタ中、魔法攻撃力をダウンします。&#xA;能力値1で魔法攻撃力を-2します。" />
  <o id="1414" en="Vallation Duration" ja="ヴァレション効果時間延長" endesc="Increases the effect duration of Vallation and Valiance.&#xA;Increase effect duration by 1 second." jadesc="ヴァレションの効果時間を延長します。&#xA;能力値1で効果時間を+1秒します。&#xA;ヴァリエンスも同様の効果を得ます。" />
  <o id="1416" en="Swordplay Effect" ja="ソードプレイ効果アップ" endesc="Increases the maximum amount of physical accuracy and physical evasion that may be raised by Swordplay.&#xA;Increase maximum amounts by 1." jadesc="ソードプレイの物理命中と物理回避の上限値をアップ&#xA;します。&#xA;能力値1で物理命中と物理回避の上限を+1します。" />
  <o id="1418" en="Swipe Effect" ja="スワイプ効果アップ" endesc="Increases damage dealt with Swipe and Lunge.&#xA;Increase damage based on combat skills by 1 percent." jadesc="スワイプのダメージをアップします。&#xA;能力値1で武器スキルの+1%分アップします。&#xA;ランジも同様の効果を得ます。" />
  <o id="1420" en="Embolden Effect" ja="エンボルド効果アップ" endesc="Increases the effect of enhancing magic gained via Embolden.&#xA;Increase enhancing magic effect by 1 percent." jadesc="エンボルドの効果を得た強化魔法の効果をアップ&#xA;します。&#xA;能力値1で強化魔法の効果を+1%します。" />
  <o id="1422" en="Vivacious Pulse" ja="ビベイシャス効果アップ" endesc="Increases the amount of HP restored through the divine magic skill when Vivacious Pulse is used.&#xA;Increase amount restored by 1 percent." jadesc="ビベイシャス使用時、神聖魔法スキルによる回復量を&#xA;アップします。&#xA;能力値1で神聖魔法スキルによる回復量を+1%します" />
  <o id="1424" en="One for All Effect Duration" ja="ワンフォアオール効果時間延長" endesc="Increases the effect duration of One for All.&#xA;Increase effect duration by 1 second." jadesc="ワンフォアオールの効果時間を延長します。&#xA;能力値1で効果時間を+1秒します。" />
  <o id="1426" en="Gambit Effect Duration" ja="ガンビット効果時間延長" endesc="Increases the effect duration of Gambit.&#xA;Increase effect duration by 1 second." jadesc="ガンビットの効果時間を延長します。&#xA;能力値1で効果時間を+1秒します。" />
</job_points>