﻿<?xml version="1.0" encoding="utf-8"?>
<jobs>
  <o id="0" en="None" ens="NON" ja="なし" jas="" />
  <o id="1" en="Warrior" ens="WAR" ja="戦士" jas="戦" />
  <o id="2" en="Monk" ens="MNK" ja="モンク" jas="モ" />
  <o id="3" en="White Mage" ens="WHM" ja="白魔道士" jas="白" />
  <o id="4" en="Black Mage" ens="BLM" ja="黒魔道士" jas="黒" />
  <o id="5" en="Red Mage" ens="RDM" ja="赤魔道士" jas="赤" />
  <o id="6" en="Thief" ens="THF" ja="シーフ" jas="シ" />
  <o id="7" en="Paladin" ens="PLD" ja="ナイト" jas="ナ" />
  <o id="8" en="Dark Knight" ens="DRK" ja="暗黒騎士" jas="暗" />
  <o id="9" en="Beastmaster" ens="BST" ja="獣使い" jas="獣" />
  <o id="10" en="Bard" ens="BRD" ja="吟遊詩人" jas="詩" />
  <o id="11" en="Ranger" ens="RNG" ja="狩人" jas="狩" />
  <o id="12" en="Samurai" ens="SAM" ja="侍" jas="侍" />
  <o id="13" en="Ninja" ens="NIN" ja="忍者" jas="忍" />
  <o id="14" en="Dragoon" ens="DRG" ja="竜騎士" jas="竜" />
  <o id="15" en="Summoner" ens="SMN" ja="召喚士" jas="召" />
  <o id="16" en="Blue Mage" ens="BLU" ja="青魔道士" jas="青" />
  <o id="17" en="Corsair" ens="COR" ja="コルセア" jas="コ" />
  <o id="18" en="Puppetmaster" ens="PUP" ja="からくり士" jas="か" />
  <o id="19" en="Dancer" ens="DNC" ja="踊り子" jas="踊" />
  <o id="20" en="Scholar" ens="SCH" ja="学者" jas="学" />
  <o id="21" en="Geomancer" ens="GEO" ja="風水士" jas="風" />
  <o id="22" en="Rune Fencer" ens="RUN" ja="魔導剣士" jas="剣" />
  <o id="23" en="Monipulator" ens="MON" ja="モンストロス" jas="MON" />
</jobs>