﻿<?xml version="1.0" encoding="utf-8"?>
<merit_points>
  <o id="64" en="Max HP" ja="HP上限" endesc="Adjust your maximum HP by 10 points." jadesc="能力値1でHP上限を10ポイントアップします。" />
  <o id="66" en="Max MP" ja="MP上限" endesc="Adjust your maximum MP by 10 points." jadesc="能力値1でMP上限を10ポイントアップします。" />
  <o id="68" en="Maximum Merit Points" ja="メリットポイント上限" endesc="Adjust your maximum number of merit points by 1 point." jadesc="能力値1でメリットポイント上限を1ポイントアップ&#xA;します。" />
  <o id="128" en="STR" ja="STR" endesc="Adjust your STR by 1 point." jadesc="能力値1でSTRを1ポイントアップします。" />
  <o id="130" en="DEX" ja="DEX" endesc="Adjust your DEX by 1 point." jadesc="能力値1でDEXを1ポイントアップします。" />
  <o id="132" en="VIT" ja="VIT" endesc="Adjust your VIT by 1 point." jadesc="能力値1でVITを1ポイントアップします。" />
  <o id="134" en="AGI" ja="AGI" endesc="Adjust your AGI by 1 point." jadesc="能力値1でAGIを1ポイントアップします。" />
  <o id="136" en="INT" ja="INT" endesc="Adjust your INT by 1 point." jadesc="能力値1でINTを1ポイントアップします。" />
  <o id="138" en="MND" ja="MND" endesc="Adjust your MND by 1 point." jadesc="能力値1でMNDを1ポイントアップします。" />
  <o id="140" en="CHR" ja="CHR" endesc="Adjust your CHR by 1 point." jadesc="能力値1でCHRを1ポイントアップします。" />
  <o id="192" en="Hand-to-Hand Skill" ja="格闘スキル" endesc="Adjust your hand-to-hand skill by 2 points." jadesc="能力値1で格闘スキルを2ポイントアップします。" />
  <o id="194" en="Dagger Skill" ja="短剣スキル" endesc="Adjust your dagger skill by 2 points." jadesc="能力値1で短剣スキルを2ポイントアップします。" />
  <o id="196" en="Sword Skill" ja="片手剣スキル" endesc="Adjust your sword skill by 2 points." jadesc="能力値1で片手剣スキルを2ポイントアップします。" />
  <o id="198" en="Great Sword Skill" ja="両手剣スキル" endesc="Adjust your great sword skill by 2 points." jadesc="能力値1で両手剣スキルを2ポイントアップします。" />
  <o id="200" en="Axe Skill" ja="片手斧スキル" endesc="Adjust your axe skill by 2 points." jadesc="能力値1で片手斧スキルを2ポイントアップします。" />
  <o id="202" en="Great Axe Skill" ja="両手斧スキル" endesc="Adjust your great axe skill by 2 points." jadesc="能力値1で両手斧スキルを2ポイントアップします。" />
  <o id="204" en="Scythe Skill" ja="両手鎌スキル" endesc="Adjust your scythe skill by 2 points." jadesc="能力値1で両手鎌スキルを2ポイントアップします。" />
  <o id="206" en="Polearm Skill" ja="両手槍スキル" endesc="Adjust your polearm skill by 2 points." jadesc="能力値1で両手槍スキルを2ポイントアップします。" />
  <o id="208" en="Katana Skill" ja="片手刀スキル" endesc="Adjust your katana skill by 2 points." jadesc="能力値1で片手刀スキルを2ポイントアップします。" />
  <o id="210" en="Great Katana Skill" ja="両手刀スキル" endesc="Adjust your great katana skill by 2 points." jadesc="能力値1で両手刀スキルを2ポイントアップします。" />
  <o id="212" en="Club Skill" ja="片手棍スキル" endesc="Adjust your club skill by 2 points." jadesc="能力値1で片手棍スキルを2ポイントアップします。" />
  <o id="214" en="Staff Skill" ja="両手棍スキル" endesc="Adjust your staff skill by 2 points." jadesc="能力値1で両手棍スキルを2ポイントアップします。" />
  <o id="216" en="Archery Skill" ja="弓術スキル" endesc="Adjust your archery skill by 2 points." jadesc="能力値1で弓術スキルを2ポイントアップします。" />
  <o id="218" en="Marksmanship Skill" ja="射撃スキル" endesc="Adjust your marksmanship skill by 2 points." jadesc="能力値1で射撃スキルを2ポイントアップします。" />
  <o id="220" en="Throwing Skill" ja="投てきスキル" endesc="Adjust your throwing skill by 2 points." jadesc="能力値1で投てきスキルを2ポイントアップします。" />
  <o id="222" en="Guarding Skill" ja="ガードスキル" endesc="Adjust your guarding skill by 2 points." jadesc="能力値1でガードスキルを2ポイントアップします。" />
  <o id="224" en="Evasion Skill" ja="回避スキル" endesc="Adjust your evasion skill by 2 points." jadesc="能力値1で回避スキルを2ポイントアップします。" />
  <o id="226" en="Shield Skill" ja="盾スキル" endesc="Adjust your shield skill by 2 points." jadesc="能力値1で盾スキルを2ポイントアップします。" />
  <o id="228" en="Parrying Skill" ja="受け流しスキル" endesc="Adjust your parrying skill by 2 points." jadesc="能力値1で受け流しスキルを2ポイントアップします。" />
  <o id="256" en="Divine Magic Skill" ja="神聖魔法スキル" endesc="Adjust your divine magic skill by 2 points." jadesc="能力値1で神聖魔法スキルを2ポイントアップします。" />
  <o id="258" en="Healing Magic Skill" ja="回復魔法スキル" endesc="Adjust your healing magic skill by 2 points." jadesc="能力値1で回復魔法スキルを2ポイントアップします。" />
  <o id="260" en="Enhancing Magic Skill" ja="強化魔法スキル" endesc="Adjust your enhancing magic skill by 2 points." jadesc="能力値1で強化魔法スキルを2ポイントアップします。" />
  <o id="262" en="Enfeebling Magic Skill" ja="弱体魔法スキル" endesc="Adjust your enfeebling magic skill by 2 points." jadesc="能力値1で弱体魔法スキルを2ポイントアップします。" />
  <o id="264" en="Elemental Magic Skill" ja="精霊魔法スキル" endesc="Adjust your elemental magic skill by 2 points." jadesc="能力値1で精霊魔法スキルを2ポイントアップします。" />
  <o id="266" en="Dark Magic Skill" ja="暗黒魔法スキル" endesc="Adjust your dark magic skill by 2 points." jadesc="能力値1で暗黒魔法スキルを2ポイントアップします。" />
  <o id="268" en="Summoning Magic Skill" ja="召喚魔法スキル" endesc="Adjust your summoning magic skill by 2 points." jadesc="能力値1で召喚魔法スキルを2ポイントアップします。" />
  <o id="270" en="Ninjutsu Skill" ja="忍術スキル" endesc="Adjust your ninjutsu skill by 2 points." jadesc="能力値1で忍術スキルを2ポイントアップします。" />
  <o id="272" en="Singing Skill" ja="歌唱スキル" endesc="Adjust your singing skill by 2 points." jadesc="能力値1で歌唱スキルを2ポイントアップします。" />
  <o id="274" en="String Instrument Skill" ja="弦楽器スキル" endesc="Adjust your string instrument skill by 2 points." jadesc="能力値1で弦楽器スキルを2ポイントアップします。" />
  <o id="276" en="Wind Instrument Skill" ja="管楽器スキル" endesc="Adjust your wind instrument skill by 2 points." jadesc="能力値1で管楽器スキルを2ポイントアップします。" />
  <o id="278" en="Blue Magic Skill" ja="青魔法スキル" endesc="Adjust your blue magic skill by 2 points." jadesc="能力値1で青魔法スキルを2ポイントアップします。" />
  <o id="280" en="Geomancy Skill" ja="風水魔法スキル" endesc="Adjust your geomancy skill by 2 points." jadesc="能力値1で風水魔法スキルを2ポイントアップします。" />
  <o id="282" en="Handbell Skill" ja="風水鈴スキル" endesc="Adjust your handbell skill by 2 points." jadesc="能力値1で風水鈴スキルを2ポイントアップします。" />
  <o id="320" en="Enmity Increase" ja="敵対心+" endesc="Increase your enmity 1 point." jadesc="能力値1で敵対心を+1します。" />
  <o id="322" en="Enmity Decrease" ja="敵対心-" endesc="Decrease your enmity 1 point." jadesc="能力値1で敵対心を-1します。" />
  <o id="324" en="Critical Hit Rate" ja="クリティカルヒット率" endesc="Adjust your critical hit rate by 1 percent." jadesc="能力値1で敵に与えるクリティカルヒット確率を1%アップします。" />
  <o id="326" en="Enemy Critical Hit Rate" ja="被クリティカルヒット率" endesc="Adjust enemies' critical hit rate by 1 percent." jadesc="能力値1で敵からのクリティカルヒット確率を1%ダウンします。" />
  <o id="328" en="Spell Interruption Rate" ja="詠唱中断率" endesc="Adjust your spell interruption rate by 2 percent." jadesc="能力値1で詠唱中断率を2%ダウンします。" />
  <o id="384" en="Berserk Recast" ja="バーサク使用間隔" endesc="Shorten recast time by 10 seconds." jadesc="能力値1で使用間隔を10秒短縮します。" />
  <o id="386" en="Defender Recast" ja="ディフェンダー使用間隔" endesc="Shorten recast time by 6 seconds." jadesc="能力値1で使用間隔を6秒短縮します。" />
  <o id="388" en="Warcry Recast" ja="ウォークライ使用間隔" endesc="Shorten recast time by 10 seconds." jadesc="能力値1で使用間隔を10秒短縮します。" />
  <o id="390" en="Aggressor Recast" ja="アグレッサー使用間隔" endesc="Shorten recast time by 10 seconds." jadesc="能力値1で使用間隔を10秒短縮します。" />
  <o id="392" en="Double Attack Rate" ja="ダブルアタック確率" endesc="Increase double attack rate by 1 percent." jadesc="能力値1でダブルアタック確率を1%アップします。" />
  <o id="448" en="Focus Recast" ja="集中使用間隔" endesc="Shorten recast time by 4 seconds." jadesc="能力値1で使用間隔を4秒短縮します。" />
  <o id="450" en="Dodge Recast" ja="回避使用間隔" endesc="Shorten recast time by 4 seconds." jadesc="能力値1で使用間隔を4秒短縮します。" />
  <o id="452" en="Chakra Recast" ja="チャクラ使用間隔" endesc="Shorten recast time by 6 seconds." jadesc="能力値1で使用間隔を6秒短縮します。" />
  <o id="454" en="Counter Rate" ja="カウンター確率" endesc="Increase counter attack rate by 1 percent." jadesc="能力値1でカウンター確率を1%アップします。" />
  <o id="456" en="Kick Attack Rate" ja="蹴撃確率" endesc="Increase kick attack rate by 1 percent." jadesc="能力値1で蹴撃確率を1%アップします。" />
  <o id="512" en="Divine Seal Recast" ja="女神の印使用間隔" endesc="Shorten recast time by 20 seconds." jadesc="能力値1で使用間隔を20秒短縮します。" />
  <o id="514" en="Cure Cast Time" ja="ケアル詠唱時間" endesc="Shorten cast time of all Cure spells by 4 percent." jadesc="能力値1でケアルの詠唱時間を4%短縮します。" />
  <o id="516" en="Bar Spell Effect" ja="属性耐性魔法効果" endesc="Increase potency of Bar spells and add a magic defense bonus of 2 points." jadesc="能力値1で属性耐性魔法の属性耐性、および魔法防御力を+2します。" />
  <o id="518" en="Banish Effect" ja="バニシュ効果" endesc="Increase damage of Banish by 2, and length of def. down effect by 2 seconds." jadesc="能力値1でバニシュの魔法攻撃力を+2、特殊防御力ダウン時間を2秒延長します。" />
  <o id="520" en="Regen Effect" ja="リジェネ効果" endesc="Increase the amount of HP recovered each interval by 1." jadesc="リジェネの単位時間あたりの回復量が、能力値分増加します。" />
  <o id="576" en="Elemental Seal Recast" ja="精霊の印使用間隔" endesc="Shorten recast time by 20 seconds." jadesc="能力値1で使用間隔を20秒短縮します。" />
  <o id="578" en="Fire Magic Potency" ja="火属性魔法攻撃力" endesc="Increase the potency of Fire spells by 2." jadesc="能力値1で火属性魔法攻撃力を+2します。" />
  <o id="580" en="Ice Magic Potency" ja="氷属性魔法攻撃力" endesc="Increase the potency of Ice spells by 2." jadesc="能力値1で氷属性魔法攻撃力を+2します。" />
  <o id="582" en="Wind Magic Potency" ja="風属性魔法攻撃力" endesc="Increase the potency of Wind spells by 2." jadesc="能力値1で風属性魔法攻撃力を+2します。" />
  <o id="584" en="Earth Magic Potency" ja="土属性魔法攻撃力" endesc="Increase the potency of Earth spells by 2." jadesc="能力値1で土属性魔法攻撃力を+2します。" />
  <o id="586" en="Lightning Magic Potency" ja="雷属性魔法攻撃力" endesc="Increase the potency of Lightning spells by 2." jadesc="能力値1で雷属性魔法攻撃力を+2します。" />
  <o id="588" en="Water Magic Potency" ja="水属性魔法攻撃力" endesc="Increase the potency of Water spells by 2." jadesc="能力値1で水属性魔法攻撃力を+2します。" />
  <o id="640" en="Convert Recast" ja="コンバート使用間隔" endesc="Shorten recast time by 20 seconds." jadesc="能力値1で使用間隔を20秒短縮します。" />
  <o id="642" en="Fire Magic Accuracy" ja="火属性魔法命中率" endesc="Increase the accuracy of Fire spells by 3." jadesc="能力値1で火属性魔法命中率を+3します。" />
  <o id="644" en="Ice Magic Accuracy" ja="氷属性魔法命中率" endesc="Increase the accuracy of Ice spells by 3." jadesc="能力値1で氷属性魔法命中率を+3します。" />
  <o id="646" en="Wind Magic Accuracy" ja="風属性魔法命中率" endesc="Increase the accuracy of Wind spells by 3." jadesc="能力値1で風属性魔法命中率を+3します。" />
  <o id="648" en="Earth Magic Accuracy" ja="土属性魔法命中率" endesc="Increase the accuracy of Earth spells by 3." jadesc="能力値1で土属性魔法命中率を+3します。" />
  <o id="650" en="Lightning Magic Accuracy" ja="雷属性魔法命中率" endesc="Increase the accuracy of Lightning spells by 3." jadesc="能力値1で雷属性魔法命中率を+3します。" />
  <o id="652" en="Water Magic Accuracy" ja="水属性魔法命中率" endesc="Increase the accuracy of Water spells by 3." jadesc="能力値1で水属性魔法命中率を+3します。" />
  <o id="704" en="Flee Recast" ja="とんずら使用間隔" endesc="Shorten recast time by 10 seconds." jadesc="能力値1で使用間隔を10秒短縮します。" />
  <o id="706" en="Hide Recast" ja="かくれる使用間隔" endesc="Shorten recast time by 10 seconds." jadesc="能力値1で使用間隔を10秒短縮します。" />
  <o id="708" en="Sneak Attack Recast" ja="不意打ち使用間隔" endesc="Shorten recast time by 2 seconds." jadesc="能力値1で使用間隔を2秒短縮します。" />
  <o id="710" en="Trick Attack Recast" ja="だまし討ち使用間隔" endesc="Shorten recast time by 2 seconds." jadesc="能力値1で使用間隔を2秒短縮します。" />
  <o id="712" en="Triple Attack Rate" ja="トリプルアタック確率" endesc="Increase triple attack rate by 1 percent." jadesc="能力値1でトリプルアタック確率を1%アップします。" />
  <o id="768" en="Shield Bash Recast" ja="シールドバッシュ使用間隔" endesc="Shorten recast time by 6 seconds." jadesc="能力値1で使用間隔を6秒短縮します。" />
  <o id="770" en="Holy Circle Recast" ja="ホーリーサークル使用間隔" endesc="Shorten recast time by 10 seconds." jadesc="能力値1で使用間隔を10秒短縮します。" />
  <o id="772" en="Sentinel Recast" ja="センチネル使用間隔" endesc="Shorten recast time by 10 seconds." jadesc="能力値1で使用間隔を10秒短縮します。" />
  <o id="774" en="Cover Effect Length" ja="かばう効果時間" endesc="Lengthen time of effect by 4 seconds." jadesc="能力値1で効果時間を4秒延長します。" />
  <o id="776" en="Rampart Recast" ja="ランパート使用間隔" endesc="Shorten recast time by 10 seconds." jadesc="能力値1で使用間隔を10秒短縮します。" />
  <o id="832" en="Souleater Recast" ja="暗黒使用間隔" endesc="Shorten recast time by 12 seconds." jadesc="能力値1で使用間隔を12秒短縮します。" />
  <o id="834" en="Arcane Circle Recast" ja="アルケインサークル使用間隔" endesc="Shorten recast time by 10 seconds." jadesc="能力値1で使用間隔を10秒短縮します。" />
  <o id="836" en="Last Resort Recast" ja="ラストリゾート使用間隔" endesc="Shorten recast time by 10 seconds." jadesc="能力値1で使用間隔を10秒短縮します。" />
  <o id="838" en="Last Resort Effect" ja="ラストリゾート効果" endesc="Increase attacks by 2 percent, but lower defense by 2 percent." jadesc="能力値1で攻撃力を2%アップ、防御力を2%ダウンします。" />
  <o id="840" en="Weapon Bash Recast" ja="ウェポンバッシュ使用間隔" endesc="Shorten recast time by 6 seconds." jadesc="能力値1で使用間隔を6秒短縮します。" />
  <o id="896" en="Killer Effects" ja="キラー確率" endesc="Increase intimidation rate on all killer effects by 1 percent." jadesc="能力値1で所持するキラー確率を1%アップします。" />
  <o id="898" en="Reward Recast" ja="いたわる使用間隔" endesc="Shorten recast time by 3 seconds." jadesc="能力値1で使用間隔を3秒短縮します。" />
  <o id="900" en="Call Beast Recast" ja="よびだす使用間隔" endesc="Shorten recast time by 10 seconds." jadesc="能力値1で使用間隔を10秒短縮します。" />
  <o id="902" en="Sic Recast" ja="ほんきだせ使用間隔" endesc="Shorten recast time for Sic by 2 seconds, and Ready by 1 second." jadesc="能力値1でほんきだせの使用間隔を2秒、しじをさせろの使用間隔を1秒短縮します。" />
  <o id="904" en="Tame Recast" ja="なだめる使用間隔" endesc="Shorten recast time by 20 seconds." jadesc="能力値1で使用間隔を20秒短縮します。" />
  <o id="960" en="Lullaby Recast" ja="ララバイ使用間隔" endesc="Shorten recast time by 1 second." jadesc="能力値1で使用間隔を1秒短縮します。" />
  <o id="962" en="Finale Recast" ja="フィナーレ使用間隔" endesc="Shorten recast time by 1 second." jadesc="能力値1で使用間隔を1秒短縮します。" />
  <o id="964" en="Minne Effect" ja="ミンネ効果" endesc="Increase defense enhancement by 2." jadesc="能力値1で防御力を+2します。" />
  <o id="966" en="Minuet Effect" ja="メヌエット効果" endesc="Increase attack enhancement by 1." jadesc="能力値1で攻撃力を+1します。" />
  <o id="968" en="Madrigal Effect" ja="マドリガル効果" endesc="Increase melee accuracy enhancement by 1." jadesc="能力値1で近接攻撃の命中率を+1します。" />
  <o id="1024" en="Scavenge Effect" ja="スカベンジ効果" endesc="Increase the chance of finding ammunition by 5 percent." jadesc="能力値1で矢弾回収率を5%アップします。" />
  <o id="1026" en="Camouflage Recast" ja="カモフラージュ使用間隔" endesc="Shorten recast time by 10 seconds." jadesc="能力値1で使用間隔を10秒短縮します。" />
  <o id="1028" en="Sharpshot Recast" ja="狙い撃ち使用間隔" endesc="Shorten recast time by 10 seconds." jadesc="能力値1で使用間隔を10秒短縮します。" />
  <o id="1030" en="Unlimited Shot Recast" ja="エンドレスショット使用間隔" endesc="Shorten recast time by 6 seconds." jadesc="能力値1で使用間隔を6秒短縮します。" />
  <o id="1032" en="Rapid Shot Rate" ja="ラピッドショット確率" endesc="Increase rapid shot rate by 1 percent." jadesc="能力値1でラピッドショット確率を1%アップします。" />
  <o id="1088" en="Third Eye Recast" ja="心眼使用間隔" endesc="Shorten recast time by 2 seconds." jadesc="能力値1で使用間隔を2秒短縮します。" />
  <o id="1090" en="Warding Circle Recast" ja="護摩の守護円使用間隔" endesc="Shorten recast time by 10 seconds." jadesc="能力値1で使用間隔を10秒短縮します。" />
  <o id="1092" en="Store TP Effect" ja="ストアTP効果" endesc="Increase amount of TP stored by 2." jadesc="能力値1でストアTPを+2します。" />
  <o id="1094" en="Meditate Recast" ja="黙想使用間隔" endesc="Shorten recast time by 6 seconds." jadesc="能力値1で使用間隔を6秒短縮します。" />
  <o id="1096" en="Zanshin Attack Rate" ja="残心確率" endesc="Increase Zanshin attack rate by 1 percent." jadesc="能力値1で残心確率を1%アップします。" />
  <o id="1152" en="Subtle Blow Effect" ja="モクシャ効果" endesc="Increase subtle blow effect by 1." jadesc="能力値1でモクシャを+1します。" />
  <o id="1154" en="Katon Effect" ja="火遁の術効果" endesc="Increase damage by 2, and length of water resistance down effect by 2 seconds." jadesc="能力値1で火遁の術攻撃力を+2、属性防御ダウン時間を2秒延長します。" />
  <o id="1156" en="Hyoton Effect" ja="氷遁の術効果" endesc="Increase damage by 2, and length of fire resistance down effect by 2 seconds." jadesc="能力値1で氷遁の術攻撃力を+2、属性防御ダウン時間を2秒延長します。" />
  <o id="1158" en="Huton Effect" ja="風遁の術効果" endesc="Increase damage by 2, and length of ice resistance down effect by 2 seconds." jadesc="能力値1で風遁の術攻撃力を+2、属性防御ダウン時間を2秒延長します。" />
  <o id="1160" en="Doton Effect" ja="土遁の術効果" endesc="Increase damage by 2, and length of wind resistance down effect by 2 seconds." jadesc="能力値1で土遁の術攻撃力を+2、属性防御ダウン時間を2秒延長します。" />
  <o id="1162" en="Raiton Effect" ja="雷遁の術効果" endesc="Increase damage by 2, and length of earth resistance down effect by 2 seconds." jadesc="能力値1で雷遁の術攻撃力を+2、属性防御ダウン時間を2秒延長します。" />
  <o id="1164" en="Suiton Effect" ja="水遁の術効果" endesc="Increase damage by 2, and length of ltng. resistance down effect by 2 seconds." jadesc="能力値1で水遁の術攻撃力を+2、属性防御ダウン時間を2秒延長します。" />
  <o id="1216" en="Ancient Circle Recast" ja="エンシェントサークル使用間隔" endesc="Shorten recast time by 10 seconds." jadesc="能力値1で使用間隔を10秒短縮します。" />
  <o id="1218" en="Jump Recast" ja="ジャンプ使用間隔" endesc="Shorten recast time by 2 seconds." jadesc="能力値1で使用間隔を2秒短縮します。" />
  <o id="1220" en="High Jump Recast" ja="ハイジャンプ使用間隔" endesc="Shorten recast time by 4 seconds." jadesc="能力値1で使用間隔を4秒短縮します。" />
  <o id="1222" en="Super Jump Recast" ja="スーパージャンプ使用間隔" endesc="Shorten recast time by 6 seconds." jadesc="能力値1で使用間隔を6秒短縮します。" />
  <o id="1224" en="Spirit Link Recast" ja="スピリットリンク使用間隔" endesc="Shorten recast time by 3 seconds." jadesc="能力値1で使用間隔を3秒短縮します。" />
  <o id="1280" en="Avatar Physical Accuracy" ja="召喚獣物理命中率" endesc="Increase avatars' physical accuracy by 3." jadesc="能力値1で召喚獣の物理命中率を+3します。" />
  <o id="1282" en="Avatar Physical Attack" ja="召喚獣物理攻撃力" endesc="Increase avatars' physical attacks by 2." jadesc="能力値1で召喚獣の物理攻撃力を+2します。" />
  <o id="1284" en="Avatar Magical Accuracy" ja="召喚獣魔法命中率" endesc="Increase avatars' magical accuracy by 3." jadesc="能力値1で召喚獣の魔法命中率を+3します。" />
  <o id="1286" en="Avatar Magical Attack" ja="召喚獣魔法攻撃力" endesc="Increase avatars' magical attacks by 2." jadesc="能力値1で召喚獣の魔法攻撃力を+2します。" />
  <o id="1288" en="Summoning Magic Cast Time" ja="召喚魔法詠唱時間" endesc="Shorten cast time of all summoning magic spells by 5 percent." jadesc="能力値1で召喚魔法の詠唱時間を5%短縮します。" />
  <o id="1344" en="Chain Affinity Recast" ja="ブルーチェーン使用間隔" endesc="Shorten recast time by 4 seconds." jadesc="能力値1で使用間隔を4秒短縮します。" />
  <o id="1346" en="Burst Affinity Recast" ja="ブルーバースト使用間隔" endesc="Shorten recast time by 4 seconds." jadesc="能力値1で使用間隔を4秒短縮します。" />
  <o id="1348" en="Monster Correlation" ja="モンスター相関関係効果" endesc="Increase monster family related effects by 1." jadesc="能力値1でモンスター相関関係効果を+1します。" />
  <o id="1350" en="Physical Potency" ja="物理系青魔法攻撃力" endesc="Increase the potency of physical blue magic spells by 2." jadesc="能力値1で物理系青魔法の攻撃力を+2します。" />
  <o id="1352" en="Magical Accuracy" ja="魔法系青魔法命中率" endesc="Increase the accuracy of magical blue magic spells by 2." jadesc="能力値1で魔法系青魔法の命中率を+2します。" />
  <o id="1408" en="Phantom Roll Recast" ja="ファントムロール使用間隔" endesc="Shorten recast time by 2 seconds." jadesc="能力値1で使用間隔を2秒短縮します。" />
  <o id="1410" en="Quick Draw Recast" ja="クイックドロー使用間隔" endesc="Shorten recast time by 2 seconds." jadesc="能力値1で使用間隔を2秒短縮します。" />
  <o id="1412" en="Quick Draw Accuracy" ja="クイックドロー命中率" endesc="Increase the accuracy of Quick Draw by 2." jadesc="能力値1でクイックドローの命中率を+2します。" />
  <o id="1414" en="Random Deal Recast" ja="ランダムディール使用間隔" endesc="Shorten recast time by 40 seconds." jadesc="能力値1で使用間隔を40秒短縮します。" />
  <o id="1416" en="Bust Duration" ja="Bust時間短縮" endesc="Shorten the duration of the Bust penalty by 10 seconds." jadesc="能力値1でBust時間を10秒短縮します。" />
  <o id="1472" en="Automaton Skills" ja="オートマトンスキル" endesc="Adjust valoredge, sharpshot, and stormwaker automaton skills by 2 points." jadesc="能力値1でオートマトンの白兵戦/射撃戦/魔法戦スキルを2ポイントアップします。" />
  <o id="1474" en="Maintenance Recast" ja="フラッシング使用間隔" endesc="Shorten recast time by 3 seconds." jadesc="能力値1で使用間隔を3秒短縮します。" />
  <o id="1476" en="Repair Effect" ja="リペアー効果" endesc="Increase amount of HP restored by 2%." jadesc="能力値1でオートマトンのHP回復量を2%アップします" />
  <o id="1478" en="Activate Recast" ja="アクティベート使用間隔" endesc="Shorten recast time by 40 seconds." jadesc="能力値1で使用間隔を40秒短縮します。" />
  <o id="1480" en="Repair Recast" ja="リペアー使用間隔" endesc="Shorten recast time by 3 seconds." jadesc="能力値1で使用間隔を3秒短縮します。" />
  <o id="1536" en="Step Accuracy" ja="ステップ命中率" endesc="Increase the accuracy of Steps by 3." jadesc="能力値1でステップの命中率を+3します。" />
  <o id="1538" en="Haste Samba Effect" ja="ヘイストサンバ効果" endesc="Increase the effect of Haste Samba by 1." jadesc="能力値1でヘイストサンバの効果を+1します。" />
  <o id="1540" en="Reverse Flourish Effect" ja="R.フラリッシュ効果" endesc="Increase TP gained via Reverse Flourish by 30." jadesc="能力値1でR.フラリッシュ発動時のTP変換量を+30します。" />
  <o id="1542" en="Building Flourish Effect" ja="B.フラリッシュ効果" endesc="Increase Building Flourish accuracy by 2, attack power by 1%, and critical hit rating by 1%." jadesc="能力値1でB.フラリッシュによる命中率を+2、攻撃力を+1%、クリティカルヒット確率を+1%アップしま&#xA;す。" />
  <o id="1600" en="Grimoire Recast" ja="グリモア使用間隔" endesc="Shorten recast time of Light Arts and Darks Arts by 2 seconds." jadesc="能力値1で白のグリモア、黒のグリモアの使用間隔をともに2秒短縮します。" />
  <o id="1602" en="Modus Veritas Duration" ja="以逸待労の計効果時間" endesc="Increase duration of effect for Modus Veritas by 10%." jadesc="能力値1で以逸待労の計の効果時間を10%延長しま&#xA;す。" />
  <o id="1604" en="Helix Magic Acc./Atk." ja="計略魔法命中率、魔法攻撃力" endesc="Increase magic accuracy by 3 and magic attack bonus by 2 for helix spells." jadesc="能力値1で計略の魔法命中率を+3、魔法攻撃力を+2します。" />
  <o id="1606" en="Max Sublimation" ja="机上演習上限" endesc="Increase the maximum amount of MP available via Sublimation by 10." jadesc="能力値1で机上演習によるMP蓄積量の上限を+10します。" />
  <o id="1664" en="Shijin Spiral" ja="四神円舞" endesc="Lv.96 MNK/PUP&#xA;Hand-to-Hand skill 357 or greater.&#xA;Adjust DEX bonus by 3%." jadesc="使用条件:Lv96～、格闘スキル357～。&#xA;ジョブ:モか。&#xA;能力値1でDEXによるボーナスを+3%します。" />
  <o id="1666" en="Exenterator" ja="エクゼンテレター" endesc="Lv.96 WAR/RDM/THF/BST/BRD/&#xA; RNG/NIN/COR/DNC&#xA;Dagger skill 357 or greater.&#xA;Adjust AGI bonus by 3%." jadesc="使用条件:Lv96～、短剣スキル357～。&#xA;ジョブ:戦赤シ獣吟狩忍コ踊。&#xA;能力値1でAGIによるボーナスを+3%します。" />
  <o id="1668" en="Requiescat" ja="レクイエスカット" endesc="Lv.96 WAR/RDM/PLD/DRK/SAM/BLU/COR/RUN&#xA;Sword skill 357 or greater.&#xA;Adjust MND bonus by 3%." jadesc="使用条件:Lv96～、片手剣スキル357～。&#xA;ジョブ:戦赤ナ暗侍青コ剣。&#xA;能力値1でMNDによるボーナスを+3%します。" />
  <o id="1670" en="Resolution" ja="レゾルーション" endesc="Lv.96 WAR/PLD/DRK/RUN&#xA;Great Sword skill 357 or greater.&#xA;Adjust STR bonus by 3%." jadesc="使用条件:Lv96～、両手剣スキル357～。&#xA;ジョブ:戦ナ暗剣。&#xA;能力値1でSTRによるボーナスを+3%します。" />
  <o id="1672" en="Ruinator" ja="ルイネーター" endesc="Lv.96 WAR/DRK/BST/RNG/RUN&#xA;Axe skill 357 or greater.&#xA;Adjust STR bonus by 3%." jadesc="使用条件:Lv96～、片手斧スキル357～。&#xA;ジョブ:戦暗獣狩剣。&#xA;能力値1でSTRによるボーナスを+3%します。" />
  <o id="1674" en="Upheaval" ja="アップヒーバル" endesc="Lv.96 WAR/DRK/RUN&#xA;Great Axe skill 357 or greater.&#xA;Adjust VIT bonus by 3%." jadesc="使用条件:Lv96～、両手斧スキル357～。&#xA;ジョブ:戦暗剣。&#xA;能力値1でVITによるボーナスを+3%します。" />
  <o id="1676" en="Entropy" ja="エントロピー" endesc="Lv.96 WAR/DRK/BST&#xA;Scythe skill 357 or greater.&#xA;Adjust INT bonus by 3%." jadesc="使用条件:Lv96～、両手鎌スキル357～。&#xA;ジョブ:戦暗獣。&#xA;能力値1でINTによるボーナスを+3%します。" />
  <o id="1678" en="Stardiver" ja="スターダイバー" endesc="Lv.96 WAR/SAM/DRG&#xA;Polearm skill 357 or greater.&#xA;Adjust STR bonus by 3%." jadesc="使用条件:Lv96～、両手槍スキル357～。&#xA;ジョブ:戦侍竜。&#xA;能力値1でSTRによるボーナスを+3%します。" />
  <o id="1680" en="Blade: Shun" ja="瞬" endesc="Lv.96 NIN&#xA;Katana skill 357 or greater.&#xA;Adjust DEX bonus by 3%." jadesc="使用条件:Lv96～、片手刀スキル357～。&#xA;ジョブ:忍。&#xA;能力値1でDEXによるボーナスを+3%します。" />
  <o id="1682" en="Tachi: Shoha" ja="十二之太刀・照破" endesc="Lv.96 SAM&#xA;Great Katana skill 357 or greater.&#xA;Adjust STR bonus by 3%." jadesc="使用条件:Lv96～、両手刀スキル357～。&#xA;ジョブ:侍。&#xA;能力値1でSTRによるボーナスを+3%します。" />
  <o id="1684" en="Realmrazer" ja="レルムレイザー" endesc="Lv.96 WAR/MNK/WHM/BLM/PLD/&#xA; SMN/BLU/SCH/GEO&#xA;Club skill 357 or greater.&#xA;Adjust MND bonus by 3%." jadesc="使用条件:Lv96～、片手棍スキル357～。&#xA;ジョブ:戦モ白黒ナ召青学風。&#xA;能力値1でMNDによるボーナスを+3%します。" />
  <o id="1686" en="Shattersoul" ja="シャッターソウル" endesc="Lv.96 WAR/MNK/WHM/BLM/PLD/&#xA; BRD/DRG/SMN/SCH/GEO&#xA;Staff skill 357 or greater.&#xA;Adjust INT bonus by 3%." jadesc="使用条件:Lv96～、両手棍スキル357～。&#xA;ジョブ:戦モ白黒ナ吟竜召学風。&#xA;能力値1でINTによるボーナスを+3%します。" />
  <o id="1688" en="Apex Arrow" ja="エイペクスアロー" endesc="Lv.96 RNG/SAM&#xA;Archery skill 357 or greater.&#xA;Adjust AGI bonus by 3%." jadesc="使用条件:Lv96～、弓術スキル357～。&#xA;ジョブ:狩侍。&#xA;能力値1でAGIによるボーナスを+3%します。" />
  <o id="1690" en="Last Stand" ja="ラストスタンド" endesc="Lv.96 THF/RNG/COR&#xA;Marksmanship skill 357 or greater.&#xA;Adjust AGI bonus by 3%." jadesc="使用条件:Lv96～、射撃スキル357～。&#xA;ジョブ:シ狩コ。&#xA;能力値1でAGIによるボーナスを+3%します。" />
  <o id="1728" en="Full Circle Effect" ja="フルサークル効果" endesc="Increase the amount of MP returned by 5 percent." jadesc="能力値1で自身に還元されるMPを5%アップします。" />
  <o id="1730" en="Ecliptic Attrition Recast" ja="サークルエンリッチ使用間隔" endesc="Shorten recast time of Ecliptic Attrition and Lasting Emanation by 10 seconds." jadesc="能力値1で使用間隔を10秒短縮します。&#xA;エンデュアエマネイトの使用間隔も短縮されます。" />
  <o id="1732" en="Life Cycle Recast" ja="ライフサイクル使用間隔" endesc="Shorten recast time by 20 seconds." jadesc="能力値1で使用間隔を20秒短縮します。" />
  <o id="1734" en="Blaze of Glory Recast" ja="グローリーブレイズ使用間隔" endesc="Shorten recast time by 20 seconds." jadesc="能力値1で使用間隔を20秒短縮します。" />
  <o id="1736" en="Dematerialize Recast" ja="デマテリアライズ使用間隔" endesc="Shorten recast time by 20 seconds." jadesc="能力値1で使用間隔を20秒短縮します。" />
  <o id="1792" en="Rune Enchantment Effect" ja="エンチャントルーン効果" endesc="Increase potency of runes harbored by 2 points." jadesc="能力値1でエンチャントルーンの属性耐性を+2します" />
  <o id="1794" en="Vallation Effect" ja="ヴァレション効果" endesc="Add an elemental damage reduction to Vallation and an elemental damage reduction to Valiance of 1 point per harbored rune." jadesc="能力値1でヴァレションの属性ダメージ軽減の効果を&#xA;エンチャントルーン1つにつき+1します。&#xA;ヴァリエンスの属性ダメージ軽減の効果もアップします。" />
  <o id="1796" en="Lunge Effect" ja="ランジ効果" endesc="Increase the accuracy of Lunge by 3 points per harbored rune and the accuracy of Swipe by a total of 3." jadesc="能力値1でランジの命中率をエンチャントルーン1つに&#xA;つき+3します。&#xA;スワイプの命中率もアップします。" />
  <o id="1798" en="Pflug Effect" ja="フルーグ効果" endesc="Enhance the likelihood of resistance activating by 1 point per harbored rune." jadesc="能力値1でレジスト効果発動確率をエンチャントルーン&#xA;1つにつき+1します。" />
  <o id="1800" en="Gambit Recast" ja="ガンビット使用間隔" endesc="Shorten recast time by 10 seconds." jadesc="能力値1で使用間隔を10秒短縮します。" />
  <o id="2048" en="Warrior's Charge" ja="ウォリアーチャージ" endesc="Will double your next attack.&#xA;Recast: 5min.&#xA;Increase chance of triple attack by 5 percent." jadesc="次の一撃が2回攻撃。使用間隔:5分&#xA;能力値1で3回攻撃になる確率を5%アップします。" />
  <o id="2050" en="Tomahawk" ja="トマホーク" endesc="Expends a throwing tomahawk to inflict a special defense down effect on an enemy. Recast: 3min.&#xA;Increase duration of effect by 15 seconds." jadesc="専用の投げ斧を消費して、敵に特殊防御力ダウンの効果。使用間隔:3分&#xA;能力値1で効果時間を15秒延長します。" />
  <o id="2052" en="Savagery" ja="サベッジリ" endesc="Adds TP bonus effect to Warcry.&#xA;Increase weapon skill TP bonus by 100." jadesc="ウォークライにTPボーナスの効果を得る。&#xA;能力値1でウェポンスキルのTPボーナスを+100&#xA;します。" />
  <o id="2054" en="Aggressive Aim" ja="アグレシブエイム" endesc="Adds ranged accuracy bonus to Aggressor.&#xA;Increase ranged accuracy bonus by 4." jadesc="アグレッサーに飛命アップの効果を得る。&#xA;能力値1で飛命を+4します。" />
  <o id="2112" en="Mantra" ja="マントラ" endesc="Increases the max. HP of party members within area of effect. Recast: 10min. Increase effect by 4 percent." jadesc="範囲内パーティメンバーのHPmaxをアップ。&#xA;使用間隔:10分&#xA;能力値1で効果を4%アップします。" />
  <o id="2114" en="Formless Strikes" ja="無想無念" endesc="While in effect, melee attacks will not be considered physical damage. No effect on weapon skills. Recast: 10min.&#xA;Increase effect by 5 percent." jadesc="効果時間内、近接攻撃の攻撃属性を無属性にする。&#xA;ウェポンスキルには効果無し。使用間隔:10分&#xA;能力値1で効果を5%アップします。" />
  <o id="2116" en="Invigorate" ja="練気" endesc="Adds a Regen effect when using Chakra. Increase duration of effect by 24 seconds." jadesc="チャクラ発動後、一定時間リジェネ効果を得る。&#xA;能力値1で効果時間を24秒延長します。" />
  <o id="2118" en="Penance" ja="発剄" endesc="Adds an effect to Chi Blast that inhibits an enemy's TP accumulation.&#xA;Increase duration of effect by 20 seconds." jadesc="気孔弾にストアTP-の効果を得る。&#xA;能力値1で効果時間を20秒延長します。" />
  <o id="2176" en="Martyr" ja="マーター" endesc="Sacrifices HP to heal a party member double the amount. Recast: 10min.&#xA;Increase amount of HP healed by 5 percent." jadesc="標的のパーティメンバーに自身のHPの一部を倍増し&#xA;て分け与える。使用間隔:10分&#xA;能力値1でHP回復量を5%アップします。" />
  <o id="2178" en="Devotion" ja="デヴォーション" endesc="Sacrifices HP to grant a party member the same amount in MP. Recast: 10min.&#xA;Increase amount of MP granted by 5 percent." jadesc="標的のパーティメンバーに自身のHPの一部をMPと&#xA;して分け与える。使用間隔:10分&#xA;能力値1でMP回復量を5%アップします。" />
  <o id="2180" en="Protectra V" ja="プロテアV" endesc="Increases the defense of party members within area of effect.&#xA;Increase bonus defense by 5." jadesc="範囲内にいるパーティメンバーの防御力をアップす&#xA;る。&#xA;能力値1で防御力を+5します。" />
  <o id="2182" en="Shellra V" ja="シェルラV" endesc="Increases the magic defense of party members within area of effect.&#xA;Increase bonus magic defense by 1." jadesc="範囲内にいるパーティメンバーの魔法防御力をアップする。&#xA;能力値1で魔法防御力を+1します。" />
  <o id="2240" en="Flare II" ja="フレアII" endesc="Deals fire damage to an enemy and lowers its resistance against water.&#xA;Increase Flare II magic burst damage by 3, and magic accuracy by 5." jadesc="敵に火属性のダメージを与え、水属性に対する防御力をダウン。&#xA;能力値1でフレアIIのマジックバーストダメージボーナスを+3、魔法命中率を+5します。" />
  <o id="2242" en="Freeze II" ja="フリーズII" endesc="Deals ice damage to an enemy and lowers its resistance against fire.&#xA;Increase Freeze II magic burst damage by 3, and magic accuracy by 5." jadesc="敵に氷属性のダメージを与え、火属性に対する防御力をダウン。&#xA;能力値1でフリーズIIのマジックバーストダメージボーナスを+3、魔法命中率を+5します。" />
  <o id="2244" en="Tornado II" ja="トルネドII" endesc="Deals wind damage to an enemy and lowers its resistance against ice.&#xA;Increase Tornado II magic burst damage by 3, and magic accuracy by 5." jadesc="敵に風属性のダメージを与え、氷属性に対する防御力をダウン。&#xA;能力値1でトルネドIIのマジックバーストダメージボーナスを+3、魔法命中率を+5します。" />
  <o id="2246" en="Quake II" ja="クエイクII" endesc="Deals earth damage to an enemy and lowers its resistance against wind.&#xA;Increase Quake II magic burst damage by 3, and magic accuracy by 5." jadesc="敵に土属性のダメージを与え、風属性に対する防御力をダウン。&#xA;能力値1でクエイクIIのマジックバーストダメージボーナスを+3、魔法命中率を+5します。" />
  <o id="2248" en="Burst II" ja="バーストII" endesc="Deals lightning damage to an enemy and lowers its resistance against earth.&#xA;Increase Burst II magic burst damage by 3, and magic accuracy by 5." jadesc="敵に雷属性のダメージを与え、土属性に対する防御力をダウン。&#xA;能力値1でバーストIIのマジックバーストダメージボーナスを+3、魔法命中率を+5します。" />
  <o id="2250" en="Flood II" ja="フラッドII" endesc="Deals water damage to an enemy and lowers its resistance against lightning.&#xA;Increase Flood II magic burst damage by 3, and magic accuracy by 5." jadesc="敵に水属性のダメージを与え、雷属性に対する防御力をダウン。&#xA;能力値1でフラッドIIのマジックバーストダメージボーナスを+3、魔法命中率を+5します。" />
  <o id="2304" en="Dia III" ja="ディアIII" endesc="Lowers an enemy's defense and gradually deals light elemental damage.&#xA;Increase duration of effect by 30 seconds." jadesc="敵を光属性のダメージがじわじわ蝕み防御力ダウン。&#xA;能力値1で効果時間を30秒延長します。" />
  <o id="2306" en="Slow II" ja="スロウII" endesc="Reduces an enemy's attack speed. Increase Slow II effect by 1 and magic accuracy by 2. " jadesc="敵の攻撃間隔を長くする。&#xA;能力値1でスロウIIのスロウ効果を+1し、魔法命中率を+2します。" />
  <o id="2308" en="Paralyze II" ja="パライズII" endesc="Paralyzes an enemy.&#xA;Increase Paralyze II effect by 1 and magic accuracy by 2. " jadesc="敵を麻痺させる。&#xA;能力値1でパライズIIの麻痺確率を+1し、魔法命中率を+2します。" />
  <o id="2310" en="Phalanx II" ja="ファランクスII" endesc="Grants a party member a certain amount of damage resistance.&#xA;Increase Phalanx II duration by 30 seconds and damage reduction by 3." jadesc="標的のパーティメンバーが受けるダメージを一定量軽減する。&#xA;能力値1でファランクスIIの効果時間を30秒延長し、ダメージカット量を+3します。" />
  <o id="2312" en="Bio III" ja="バイオIII" endesc="Deals dark damage that weakens an enemy's attacks and gradually reduces its HP.&#xA;Increase duration of effect by 30 seconds." jadesc="敵を闇属性のダメージがじわじわ蝕み攻撃力ダウン。&#xA;能力値1で効果時間を30秒延長します。" />
  <o id="2314" en="Blind II" ja="ブラインII" endesc="Blinds an enemy, lowers its accuracy. Increase Blind II accuracy down effect by 1 and magic accuracy by 2." jadesc="敵を暗闇で捕らえ、命中率ダウン。&#xA;能力値1でブラインIIの命中ダウン効果を+1し、魔法命中率を+2します。" />
  <o id="2368" en="Assassin's Charge" ja="アサシンチャージ" endesc="Will triple your next attack.&#xA;Recast: 5min.&#xA;Increase chance of fourfold attack by 5 percent." jadesc="次の一撃が3回攻撃。使用間隔:5分&#xA;能力値1で4回攻撃になる確率を5%アップします。" />
  <o id="2370" en="Feint" ja="フェイント" endesc="Your next successful attack will greatly reduce an enemy's evasion. Recast: 2min.&#xA;Increase chance of increasing Treasure Hunter effect by 25 percent." jadesc="次の一撃を当てると、敵の回避率を短時間著しく下&#xA;げる。使用間隔:2分&#xA;能力値1でトレジャーハンターの効果が上がる確&#xA;率に対して25%のボーナスを得ます。" />
  <o id="2372" en="Aura Steal" ja="オーラスティール" endesc="Adds a Dispel effect to Steal. Occasionally absorbs dispelled effect. Increase absorb rate by 20 percent." jadesc="ぬすむにディスペル効果を得る。ディスペルした効果を吸収することがある。&#xA;能力値1で吸収確率を20%アップします。" />
  <o id="2374" en="Ambush" ja="アンブッシュ" endesc="Grants an accuracy bonus to melee and ranged attacks from behind an enemy.&#xA;Increase accuracy bonus by 3." jadesc="敵の背後からの攻撃に対して命中、飛命にボーナスを得る。&#xA;能力値1で命中、飛命を+3します。" />
  <o id="2432" en="Fealty" ja="フィールティ" endesc="Grants a powerful resistance to enfeebling magic. Recast: 10min.&#xA;Increase duration by 5 seconds." jadesc="効果時間内、弱体魔法に対して強力な耐性を得る。&#xA;使用間隔:10分&#xA;能力値1で効果時間を5秒延長します。" />
  <o id="2434" en="Chivalry" ja="シバルリー" endesc="Converts TP to MP. Recast: 10min.&#xA;Increase amount of MP granted by 5 percent." jadesc="TPをMPに変換する。使用間隔:10分&#xA;能力値1でMP回復量を5%アップします。" />
  <o id="2436" en="Iron Will" ja="アイアンウィル" endesc="Adds a spell interruption down effect to Rampart.&#xA;Increase effect by 19 percent." jadesc="ランパートに詠唱中断率ダウンの効果を得る。&#xA;能力値1で詠唱中断率を19%ダウンします。" />
  <o id="2438" en="Guardian" ja="ガーディアン" endesc="Reduces enmity loss while using Sentinel. Increase effect by 19 percent." jadesc="センチネル中、敵対心が下がりにくくなる。&#xA;能力値1で下がる敵対心を19%緩和します。" />
  <o id="2496" en="Dark Seal" ja="ダークシール" endesc="Enhances the accuracy of your next dark magic spell. Recast: 5min.&#xA;Shorten cast time of all dark magic spells by 10 percent." jadesc="次に唱える暗黒魔法の命中率がアップ。&#xA;使用間隔:5分&#xA;能力値1で暗黒魔法の詠唱時間を10%短縮します。" />
  <o id="2498" en="Diabolic Eye" ja="ディアボリクアイ" endesc="Reduces max. HP, increases accuracy. Recast: 5min.&#xA;Increase physical attack accuracy by 5 percent." jadesc="HPmaxダウン、命中率アップ。使用間隔:5分&#xA;能力値1で物理命中を+5します。" />
  <o id="2500" en="Muted Soul" ja="ミューテッドソウル" endesc="Reduces enmity while using Souleater. Reduce enmity by 10." jadesc="暗黒中の敵対心がダウン。&#xA;能力値1で敵対心を-10します。" />
  <o id="2502" en="Desperate Blows Effect" ja="デスペレートブロー効果" endesc="Reduces delay for two-handed weapons when using Last Resort.&#xA;Reduce delay by 2 percent." jadesc="ラストリゾートに両手武器の攻撃間隔短縮効果を得&#xA;る。&#xA;能力値1で両手武器に対して攻撃間隔-2%。" />
  <o id="2560" en="Feral Howl" ja="フェラルハウル" endesc="Terrorizes the target. Recast: 5min. Increase accuracy by 5 percent." jadesc="対象を恐怖におののかせる。使用間隔:5分&#xA;能力値1で命中率を5%アップします。" />
  <o id="2562" en="Killer Instinct" ja="K.インスティンクト" endesc="Grants your pet's Killer effect to party members within area of effect.&#xA;Party members will also deal increased damage and take less when fighting enemies of the corresponding monster family.&#xA;Recast: 5min.&#xA;Increase duration by 10 seconds." jadesc="範囲内にいるパーティメンバーはペットの持つキラー&#xA;能力を得て、キラー能力を得た種族に対してダメージ&#xA;アップ、被ダメージ軽減の効果を得る。使用間隔:5分&#xA;能力値1で効果時間を10秒延長します。" />
  <o id="2564" en="Beast Affinity" ja="ビーストアフニティ" endesc="Increases the level of pets summoned with Call Beast.&#xA;Increase pet level by 2." jadesc="よびだしによるペットのレベル上限アップ。&#xA;能力値1でレベル上限を+2します。" />
  <o id="2566" en="Beast Healer" ja="ビーストヒーラー" endesc="Enhances the Regen effect of Reward. Increase Regen amount by 1." jadesc="いたわるによるリジェネ効果をアップ。&#xA;能力値1でリジェネ量を+1します。" />
  <o id="2624" en="Nightingale" ja="ナイチンゲール" endesc="Halves the casting and recast times of songs. Recast: 10min.&#xA;Increase chance of spectacular &quot;Fast Cast&quot; effect by 25 percent." jadesc="効果時間内、歌の詠唱時間、再詠唱時間を半減。&#xA;使用間隔:10分&#xA;能力値1で歌の詠唱時間が著しく速くなる確率を&#xA;25%アップします。" />
  <o id="2626" en="Troubadour" ja="トルバドゥール" endesc="Increases the casting time for songs by 1.5 and doubles the effect duration.&#xA;Recast: 10min.&#xA;Increase chance of unerring song accuracy by 25 percent." jadesc="効果時間内、歌の詠唱時間を1.5倍、効果時間を2&#xA;倍。使用間隔:10分&#xA;能力値1で歌の命中率が著しく高くなる確率を25%&#xA;アップします。" />
  <o id="2628" en="Foe Sirvente" ja="魔物のシルベント" endesc="Reduces enmity loss for party members within area of effect.&#xA;Increase effect by 5 percent." jadesc="範囲内のパーティメンバーの敵対心を下がりにくくす&#xA;る。&#xA;能力値1で下がる敵対心を5%緩和します。" />
  <o id="2630" en="Adventurer's Dirge" ja="冒険者のダージュ" endesc="Reduces enmity for party members within area of effect.&#xA;Reduce enmity by 3." jadesc="範囲内のパーティメンバーの敵対心をダウン。&#xA;能力値1で敵対心を-3します。" />
  <o id="2688" en="Stealth Shot" ja="ステルスショット" endesc="Your next ranged attack will generate less enmity. Recast: 5min.&#xA;Reduce enmity by 10." jadesc="次の遠隔攻撃による敵対心がダウン。使用間隔:5分&#xA;能力値1で敵対心を-10します。" />
  <o id="2690" en="Flashy Shot" ja="フラッシーショット" endesc="Your next ranged attack will generate more enmity and both have increased accuracy and deal increased damage based on the level difference between you and the target. Recast: 10min.&#xA;Increase ranged attack by 5 percent." jadesc="次の遠隔攻撃が敵対心アップ、標的のレベル差に&#xA;応じて飛命とD値にボーナス。&#xA;使用間隔:10分&#xA;能力値1で飛攻を5%アップします。" />
  <o id="2692" en="Snapshot" ja="スナップショット" endesc="Reduces delay for ranged attacks.&#xA;Reduce delay by 2 percent." jadesc="遠隔攻撃による攻撃間隔短縮。&#xA;能力値1で遠隔攻撃に対して攻撃間隔-2%。" />
  <o id="2694" en="Recycle Rate" ja="リサイクル確率" endesc="Occasionally allows ranged attacks without consuming ammunition.&#xA;Increase rate of activation by 5 percent." jadesc="矢弾を消費せずに遠隔攻撃ができることがある。&#xA;能力値1で発動確率を5%アップします。" />
  <o id="2752" en="Shikikoyo" ja="士気昂揚" endesc="Shares TP above 1000 with a party member. Recast: 5min.&#xA;Supplement TP shared by 12%." jadesc="標的のパーティメンバーに自身の1000を超えた分の&#xA;TPを分け与える。使用間隔:5分&#xA;能力値1で分け与えるTPを12%アップします。" />
  <o id="2754" en="Blade Bash" ja="峰打ち" endesc="Delivers an attack that can stun the target and occasionally cause plague. Requires great katana. Recast: 3min. Increase plague duration by 15 seconds." jadesc="両手刀で強打しスタンさせ、悪疫状態にすることが&#xA;ある。使用間隔:3分&#xA;能力値1で悪疫状態を15秒延長します。" />
  <o id="2756" en="Ikishoten" ja="意気衝天" endesc="Increases amount of TP gained with a Zanshin attack.&#xA;Increase TP gained by 30." jadesc="残心命中時にTPが多く貯まる。&#xA;能力値1でTPを+30します。" />
  <o id="2758" en="Overwhelm" ja="正正堂堂" endesc="Grants a damage bonus to weapon skills performed face-to-face with an enemy.&#xA;Increase damage bonus by 5% for the first three points, and by 2% for the final 2 points." jadesc="敵の正面からウェポンスキルを撃つ場合、ダメージにボーナスを得る。&#xA;能力値1～3はダメージを5%ずつアップします。能力値4～5はダメージを2%ずつアップします。" />
  <o id="2816" en="Sange" ja="散華" endesc="Daken will always activate but consume shuriken.&#xA;Recast: 5min.&#xA;Increase ranged accuracy by 25." jadesc="必ず打剣が発動するようになるが、手裏剣を消費する&#xA;使用間隔:3分&#xA;能力値1で飛命を+25します。" />
  <o id="2818" en="Ninja Tool Expertise" ja="忍具の知識" endesc="Occasionally allows the use of ninjutsu without consuming ninja tools.&#xA;Increase rate of activation by 5 percent." jadesc="忍び道具を消費せずに忍術を唱えられることがある。&#xA;能力値1で発動確率を5%アップします。" />
  <o id="2820" en="Katon: San" ja="火遁の術:参" endesc="Uses the ninja tool, &quot;uchitake.&quot; Deals fire damage to an enemy and lowers its resistance against water.&#xA;Increase Katon: San magic attack by 5 and magic accuracy by 5." jadesc="忍び道具:打竹。敵に火属性のダメージを与え、水属性に対する防御力をダウン。&#xA;能力値1で火遁の術:参の魔法攻撃力を+5、魔法命中率を+5します。" />
  <o id="2822" en="Hyoton: San" ja="氷遁の術:参" endesc="Uses the ninja tool, &quot;tsurara.&quot; Deals ice damage to an enemy and lowers its resistance against fire.&#xA;Increase Hyoton: San magic attack by 5 and magic accuracy by 5." jadesc="忍び道具:氷柱。敵に氷属性のダメージを与え、火属性に対する防御力をダウン。&#xA;能力値1で氷遁の術:参の魔法攻撃力を+5、魔法命中率を+5します。" />
  <o id="2824" en="Huton: San" ja="風遁の術:参" endesc="Uses the ninja tool, &quot;kawahori-ogi.&quot; Deals wind damage to an enemy and lowers its resistance against ice.&#xA;Increase Huton: San magic attack by 5 and magic accuracy by 5." jadesc="忍び道具:蝙蝠扇。敵に風属性のダメージを与え、氷属性に対する防御力をダウン。&#xA;能力値1で風遁の術:参の魔法攻撃力を+5、魔法命中率を+5します。" />
  <o id="2826" en="Doton: San" ja="土遁の術:参" endesc="Uses the ninja tool, &quot;makibishi.&quot; Deals earth damage to an enemy and lowers its resistance against wind.&#xA;Increase Doton: San magic attack by 5 and magic accuracy by 5." jadesc="忍び道具:撒菱。敵に土属性のダメージを与え、風属性に対する防御力をダウン。&#xA;能力値1で土遁の術:参の魔法攻撃力を+5、魔法命中率を+5します。" />
  <o id="2828" en="Raiton: San" ja="雷遁の術:参" endesc="Uses the ninja tool, &quot;hiraishin.&quot; Deals lightning damage to an enemy and lowers its resistance against earth.&#xA;Increase Raiton: San magic attack by 5 and magic accuracy by 5." jadesc="忍び道具:避雷針。敵に雷属性のダメージを与え、土属性に対する防御力をダウン。&#xA;能力値1で雷遁の術:参の魔法攻撃力を+5、魔法命中率を+5します。" />
  <o id="2830" en="Suiton: San" ja="水遁の術:参" endesc="Uses the ninja tool, &quot;mizu-deppo.&quot; Deals water damage to an enemy and lowers its resistance against lightning.&#xA;Increase Suiton: San magic attack by 5 and magic accuracy by 5." jadesc="忍び道具:水鉄砲。敵に水属性のダメージを与え、雷属性に対する防御力をダウン。&#xA;能力値1で水遁の術:参の魔法攻撃力を+5、魔法命中率を+5します。" />
  <o id="2880" en="Deep Breathing" ja="ディープブリージング" endesc="Enhances effect of next wyvern breath. Recast: 5min.&#xA;Enhance effect by an additional 10%." jadesc="次に撃つ飛竜のブレスの効果がアップ。&#xA;使用間隔:5分&#xA;能力値1でブレス効果を10%アップします。" />
  <o id="2882" en="Angon" ja="アンゴン" endesc="Expends an angon to lower an enemy's defense. Recast: 3min.&#xA;Increase defense down duration by 15 seconds." jadesc="専用の投げ槍を消費して敵の防御力をダウン。&#xA;使用間隔:3分&#xA;能力値1で効果時間を15秒延長します。" />
  <o id="2884" en="Empathy" ja="エンパシー" endesc="Copies beneficial status effects to wyvern when using Spirit Link.&#xA;Increase number of copied effects by 1 and experience points obtained by 200." jadesc="スピリットリンクに良いステータスを飛竜にコピー&#xA;する効果を得て、飛竜に経験値を与えられる。&#xA;能力値1でコピーするステータス数を+1、与えられ&#xA;る経験値を+200します。" />
  <o id="2886" en="Strafe Effect" ja="ストレイフ効果" endesc="Increases accuracy of wyvern breath. Increase accuracy by 10." jadesc="飛竜のブレス命中率アップ。&#xA;能力値1でブレスの命中率を+10します。" />
  <o id="2944" en="Meteor Strike" ja="メテオストライク" endesc="Ifrit Blood Pact ability. Deals fire elemental damage.&#xA;Increase Meteor Strike TP bonus by 400." jadesc="イフリートの契約の履行。敵に火属性ダメージ。&#xA;能力値1でメテオストライクのTPボーナスを+400します。" />
  <o id="2946" en="Heavenly Strike" ja="ヘヴンリーストライク" endesc="Shiva Blood Pact ability. Deals ice elemental damage.&#xA;Increase Heavenly Strike TP bonus by 400." jadesc="シヴァの契約の履行。敵に氷属性ダメージ。&#xA;能力値1でヘヴンリーストライクのTPボーナスを+400します。" />
  <o id="2948" en="Wind Blade" ja="ウインドブレード" endesc="Garuda Blood Pact ability. Deals wind elemental damage.&#xA;Increase Wind Blade TP bonus by 400." jadesc="ガルーダの契約の履行。敵に風属性ダメージ。&#xA;能力値1でウインドブレードのTPボーナスを+400します。" />
  <o id="2950" en="Geocrush" ja="ジオクラッシュ" endesc="Titan Blood Pact ability. Deals earth elemental damage.&#xA;Increase Geocrush TP bonus by 400." jadesc="タイタンの契約の履行。敵に土属性ダメージ。&#xA;能力値1でジオクラッシュのTPボーナスを+400します。" />
  <o id="2952" en="Thunderstorm" ja="サンダーストーム" endesc="Ramuh Blood Pact ability. Deals lightning elemental damage.&#xA;Increase Thunderstorm TP bonus by 400." jadesc="ラムウの契約の履行。敵に雷属性ダメージ。&#xA;能力値1でサンダーストームのTPボーナスを+400します。" />
  <o id="2954" en="Grand Fall" ja="グランドフォール" endesc="Leviathan Blood Pact ability. Deals water elemental damage.&#xA;Increase Grand Fall TP bonus by 400." jadesc="リヴァイアサンの契約の履行。敵に水属性ダメージ。&#xA;能力値1でグランドフォールのTPボーナスを+400します。" />
  <o id="3008" en="Convergence" ja="コンバージェンス" endesc="Increases the power of your next magical blue magic spell. Limits area of effect to single target. Recast: 10min.&#xA;Increase magic attack by 5 and magic accuracy by 5." jadesc="次に唱える魔法系青魔法の対象範囲が単体になって威力アップ。使用間隔:10分&#xA;能力値1で魔法攻撃力を+5、魔法命中率を+5します。" />
  <o id="3010" en="Diffusion" ja="ディフュージョン" endesc="Grants the effect of your next support blue magic spell to party members within range. Recast: 10min.&#xA;Increase duration by 5%." jadesc="次に唱える補助系青魔法の効果が範囲になる。&#xA;使用間隔:10分&#xA;能力値1で効果時間を5%延長します。" />
  <o id="3012" en="Enchainment" ja="エンチェーンメント" endesc="Grants a TP bonus to Chain Affinity.&#xA;Increase TP bonus by 100." jadesc="ブルーチェーンにTPボーナスの効果を得る。&#xA;能力値1でTPボーナスを+100します。" />
  <o id="3014" en="Assimilation" ja="アシミレーション" endesc="Increases maximum blue magic points.&#xA;Increase blue magic point maximum by 1." jadesc="青魔法ポイントの上限をアップ。&#xA;能力値1で青魔法ポイントの上限を+1します。" />
  <o id="3072" en="Snake Eye" ja="スネークアイ" endesc="Your next roll will automatically be a 1. Recast: 5min.&#xA;When current roll is 5 or higher, increase chance of rolling an 11 by 10%." jadesc="次に振るロールの値を1にする。使用間隔:5分&#xA;能力値1で現在のロールの値が5以上の時、11になる&#xA;ロールの値の出る確率が10%アップします。" />
  <o id="3074" en="Fold" ja="フォールド" endesc="Erases one roll or bust effect. Targets self-cast effect with the longest remaining duration. Recast: 5min.&#xA;Increase chance of resetting Phantom Roll recast timer by 10%." jadesc="自身のかけたロール、及びバストの残り効果時間の&#xA;長い方を1つ消す。使用間隔:5分&#xA;能力値1でファントムロールの使用間隔をリセット&#xA;する確率が10%アップします。" />
  <o id="3076" en="Winning Streak" ja="ウィニングストリーク" endesc="Extends the duration of Phantom Roll effects.&#xA;Increase duration of effect by 20 seconds." jadesc="ファントムロールの効果時間を延長。&#xA;能力値1で効果時間を20秒延長します。" />
  <o id="3078" en="Loaded Deck" ja="ローデッドデッキ" endesc="Focuses effect of Random Deal on abilities waiting on recast.&#xA;Has a chance to fail if only one ability is waiting on recast.&#xA;Reduce chance of failure by 10%." jadesc="ランダムディールの対象がリキャスト発生中のアビリティに絞られる。ただし、リキャスト発生中のアビリティが1つの場合はミスの可能性がある。&#xA;能力値1でミスの確率を10%ダウンします。" />
  <o id="3136" en="Role Reversal" ja="黒衣チェンジ" endesc="Swaps HP of master and automaton. Recast: 2min.&#xA;Supplement HP granted by 5%." jadesc="マスターとオートマトンのHPを入れ替える。&#xA;使用間隔:2分&#xA;能力値1で入れ替えたHPを5%アップします。" />
  <o id="3138" en="Ventriloquy" ja="腹話術" endesc="Swaps the enmity of master and automaton for target. Recast: 1min.&#xA;Increase higher enmity value and decrease lower value by 5% each." jadesc="対象モンスターの、マスターとオートマトンへの&#xA;敵対心を入れ替える。使用間隔:1分&#xA;能力値1で入れ替えた敵対心で高い方が5%アップ、&#xA;低い方が5%ダウンします。" />
  <o id="3140" en="Fine-Tuning" ja="微調整" endesc="Grants a bonus to your automaton's accuracy, ranged accuracy, evasion, and magic defense.&#xA;Increase accuracy by 5, ranged accuracy by 5, evasion by 5, and magic defense by 5." jadesc="オートマトンの命中、飛命、回避、魔法防御力にボーナスを得る。&#xA;能力値1で命中を+5、飛命を+5、回避を+5、魔法防御力を+5します。" />
  <o id="3142" en="Optimization" ja="最適化" endesc="Grants a bonus to your automaton's attack, defense, and magic attack.&#xA;Increase attack by 5%, defense by 5%, and magic attack by 5." jadesc="オートマトンの攻撃力、防御力、魔法攻撃力にボーナスを得る。&#xA;能力値1で攻撃力を+5%、防御力を+5%、魔法攻撃力を+5します。" />
  <o id="3200" en="Saber Dance" ja="剣の舞い" endesc="Increases Double Attack rate, but renders waltzes unusable. Double Attack rate gradually decreases. Recast: 3min.&#xA;Increase samba duration by 5%." jadesc="効果中、ダブルアタック発動率アップ、ワルツ使用&#xA;不可。ダブルアタック発動率は徐々に減衰する。&#xA;使用間隔:3分&#xA;能力値1でサンバの効果時間を5%延長します。" />
  <o id="3202" en="Fan Dance" ja="扇の舞い" endesc="Reduces physical damage taken and increases enmity, but renders sambas unusable. Physical damage reduction gradually decreases with each hit taken. Recast: 3min.&#xA;Shorten waltz recast time by 5%." jadesc="効果中、被物理ダメージカット＆敵対心アップ、サ&#xA;ンバ使用不可。被物理ダメージカット量は相手から&#xA;の攻撃を受ける毎に徐々に減衰する。使用間隔:3分&#xA;能力値1でワルツの使用間隔を5%短縮します。" />
  <o id="3204" en="No Foot Rise" ja="ノーフットライズ" endesc="Instantly grants additional finishing moves. Recast: 3min.&#xA;Increase finishing moves granted by 1." jadesc="フィニシングムーブを貯める。使用間隔:3分&#xA;能力値1でフィニシングムーブを+1します。" />
  <o id="3206" en="Closed Position" ja="Ｃ・ポジション" endesc="Grants a bonus to accuracy and evasion when face-to-face with an enemy.&#xA;Increase accuracy and evasion bonuses&#xA;by 3." jadesc="敵の正面にいる場合に限り、命中と回避にボーナスを得る。&#xA;能力値1で命中を+3、回避を+3します。" />
  <o id="3264" en="Altruism" ja="不惜身命の章" endesc="Light Arts Stratagem.&#xA;Increases the accuracy of your next white magic spell.&#xA;Increase magic accuracy by 5." jadesc="白のグリモア戦術魔道書アビリティ。&#xA;次に唱える白魔法の命中率がアップ。&#xA;能力値1で魔法命中率を+5します。" />
  <o id="3266" en="Focalization" ja="一心精進の章" endesc="Dark Arts Stratagem.&#xA;Increases the accuracy of your next black magic spell.&#xA;Increase magic accuracy by 5." jadesc="黒のグリモア戦術魔道書アビリティ。&#xA;次に唱える黒魔法の命中率がアップ。&#xA;能力値1で魔法命中率を+5します。" />
  <o id="3268" en="Tranquility" ja="天衣無縫の章" endesc="Light Arts Stratagem.&#xA;Your next white magic spell will generate less enmity.&#xA;Reduce enmity by 10." jadesc="白のグリモア戦術魔道書アビリティ。&#xA;次に唱える白魔法の敵対心をダウン。&#xA;能力値1で敵対心を-10します。" />
  <o id="3270" en="Equanimity" ja="無憂無風の章" endesc="Dark Arts Stratagem.&#xA;Your next black magic spell will generate less enmity.&#xA;Reduce enmity by 10." jadesc="黒のグリモア戦術魔道書アビリティ。&#xA;次に唱える黒魔法の敵対心をダウン。&#xA;能力値1で敵対心を-10します。" />
  <o id="3272" en="Enlightenment" ja="大悟徹底" endesc="Optimizes both white and black magic capabilities and allows access to both addenda for your next spell. Recast: 5min.&#xA;+5 bonus to INT and MND." jadesc="グリモアに関わらず次の1回だけ白魔法、黒魔法とも&#xA;に特化し、両方の補遺の魔法を詠唱可能。&#xA;使用間隔:5分&#xA;能力値1でINTとMNDを+5します。" />
  <o id="3274" en="Stormsurge" ja="陣頭指揮" endesc="Storm-type spells grant a bonus to attributes associated with their element. Initial bonus value: +3.&#xA;Increase bonus value by 1." jadesc="陣の効果に、天候の属性に対応するステータスアップ効果を付与する。初期値:ステータス+3&#xA;能力値1でステータスを+1します。" />
  <o id="3392" en="Mending Halation" ja="メンドハレイション" endesc="Causes your luopan to vanish and &#xA;restores HP of party members within area of effect. &#xA;Recast: 5min. Increase amount of HP restored by 5 percent." jadesc="羅盤を消失し、範囲内のパーティメンバーのHPを回&#xA;復する。使用間隔:5分&#xA;能力値1でHP回復量を5%アップします。" />
  <o id="3394" en="Radial Arcana" ja="レイディアルアルカナ" endesc="Causes your luopan to vanish and &#xA;restores MP of party members within area of effect. &#xA;Recast: 5min. Increase amount of MP restored by 3 percent." jadesc="羅盤を消失し、範囲内のパーティメンバーのMPを回&#xA;復する。使用間隔:5分&#xA;能力値1でMP回復量を3%アップします。" />
  <o id="3396" en="Curative Recantation" ja="キュアリカント" endesc="Grants a healing effect to Full Circle. &#xA;Increase amount of HP healed by 5 percent." jadesc="フルサークルにHP回復の効果を得る。&#xA;能力値1でHP回復量を5%アップします。" />
  <o id="3398" en="Primeval Zeal" ja="プライムジール" endesc="Shortens casting times of elemental magic spells while under the effects of Collimated Fervor. &#xA;Shorten cast time by 10 percent." jadesc="コリメイトファーバー中、精霊魔法の詠唱時間短縮の&#xA;効果を得る。能力値1で詠唱時間を10%短縮します。" />
  <o id="3456" en="Battuta" ja="バットゥタ" endesc="Increases the likelihood of parrying and deals counter damage after parrying dependent upon harbored runes. &#xA;Recast: 5min. Increase chance of parrying by 4 percent and increase counter damage by 4 points per rune harbored." jadesc="受け流し確率にボーナスを得る。&#xA;さらに、受け流し発動時エンチャントルーンに依存し&#xA;た反撃ダメージを与える。使用間隔:5分。&#xA;能力値1で受け流し確率を4%アップ、反撃ダメージを&#xA;エンチャントルーン１つにつき+4アップします。" />
  <o id="3458" en="Rayke" ja="レイク" endesc="Expends runes to reduce elemental resistance of the target. &#xA;Recast: 5min. Increase duration of effect by 3 seconds." jadesc="ルーンを消費して、対象の属性耐性をダウンさせる。&#xA;使用間隔:5分。&#xA;能力値1で効果時間を3秒延長します。" />
  <o id="3460" en="Inspiration" ja="インスパイア" endesc="Grants a &quot;Fast Cast&quot; effect to Vallation and Valiance. &#xA;Increase cast speed by 10 percent." jadesc="ヴァレション、ヴァリエンスに魔法詠唱時間短縮の効&#xA;果を得る。&#xA;能力値1で魔法詠唱時間を10%短縮します。" />
  <o id="3462" en="Sleight of Sword" ja="スライトソード" endesc="Grants a &quot;Subtle Blow&quot; effect during Swordplay. &#xA;Increase the maximum value of Subtle Blow by 5 points." jadesc="ソードプレイ中、モクシャの効果を得る。&#xA;能力値1でモクシャの効果の最大値を5アップします。" />
</merit_points>