﻿<?xml version="1.0" encoding="utf-8"?>
<monstrosity>
  <o id="1" tp_moves="System.Collections.Generic.Dictionary`2[System.UInt16,System.SByte]" en="Rabbit" ja="ウサギ族" />
  <o id="2" tp_moves="System.Collections.Generic.Dictionary`2[System.UInt16,System.SByte]" en="Behemoth" ja="ベヒーモス族" />
  <o id="3" tp_moves="System.Collections.Generic.Dictionary`2[System.UInt16,System.SByte]" en="Tiger" ja="剣虎族" />
  <o id="4" tp_moves="System.Collections.Generic.Dictionary`2[System.UInt16,System.SByte]" en="Sheep" ja="大羊族" />
  <o id="5" tp_moves="System.Collections.Generic.Dictionary`2[System.UInt16,System.SByte]" en="Ram (Sheep)" ja="大羊族（雄羊）" />
  <o id="6" tp_moves="System.Collections.Generic.Dictionary`2[System.UInt16,System.SByte]" en="Dhalmel" ja="ダルメル族" />
  <o id="7" tp_moves="System.Collections.Generic.Dictionary`2[System.UInt16,System.SByte]" en="Coeurl" ja="クァール族" />
  <o id="8" tp_moves="System.Collections.Generic.Dictionary`2[System.UInt16,System.SByte]" en="Opo-opo" ja="オポオポ族" />
  <o id="9" tp_moves="System.Collections.Generic.Dictionary`2[System.UInt16,System.SByte]" en="Manticore" ja="マンティコア族" />
  <o id="10" tp_moves="System.Collections.Generic.Dictionary`2[System.UInt16,System.SByte]" en="Buffalo" ja="バッファロー族" />
  <o id="11" tp_moves="System.Collections.Generic.Dictionary`2[System.UInt16,System.SByte]" en="Marid" ja="マーリド族" />
  <o id="12" tp_moves="System.Collections.Generic.Dictionary`2[System.UInt16,System.SByte]" en="Cerberus" ja="ケルベロス族" />
  <o id="13" tp_moves="System.Collections.Generic.Dictionary`2[System.UInt16,System.SByte]" en="Gnole" ja="ノール族" />
  <o id="14" tp_moves="System.Collections.Generic.Dictionary`2[System.UInt16,System.SByte]" en="Yztarg" ja="イェズターグ族" />
  <o id="15" tp_moves="System.Collections.Generic.Dictionary`2[System.UInt16,System.SByte]" en="Funguar" ja="キノコ族" />
  <o id="16" tp_moves="System.Collections.Generic.Dictionary`2[System.UInt16,System.SByte]" en="Treant Sapling" ja="樹人族（若木）" />
  <o id="17" tp_moves="System.Collections.Generic.Dictionary`2[System.UInt16,System.SByte]" en="Morbol" ja="モルボル族" />
  <o id="18" tp_moves="System.Collections.Generic.Dictionary`2[System.UInt16,System.SByte]" en="Mandragora" ja="マンドラゴラ族" />
  <o id="19" tp_moves="System.Collections.Generic.Dictionary`2[System.UInt16,System.SByte]" en="Sabotender" ja="サボテンダー族" />
  <o id="20" tp_moves="System.Collections.Generic.Dictionary`2[System.UInt16,System.SByte]" en="Flytrap" ja="フライトラップ族" />
  <o id="21" tp_moves="System.Collections.Generic.Dictionary`2[System.UInt16,System.SByte]" en="Goobbue" ja="グゥーブー族" />
  <o id="22" tp_moves="System.Collections.Generic.Dictionary`2[System.UInt16,System.SByte]" en="Rafflesia" ja="ラフレシア族" />
  <o id="23" tp_moves="System.Collections.Generic.Dictionary`2[System.UInt16,System.SByte]" en="Panopt" ja="パノプト族" />
  <o id="24" tp_moves="System.Collections.Generic.Dictionary`2[System.UInt16,System.SByte]" en="Belladonna" ja="ベラドンナ族" />
  <o id="25" tp_moves="System.Collections.Generic.Dictionary`2[System.UInt16,System.SByte]" en="Leafkin" ja="リフキン族" />
  <o id="26" tp_moves="System.Collections.Generic.Dictionary`2[System.UInt16,System.SByte]" en="Snapweed" ja="スナップウィード族" />
  <o id="27" tp_moves="System.Collections.Generic.Dictionary`2[System.UInt16,System.SByte]" en="Bee" ja="蜂族" />
  <o id="28" tp_moves="System.Collections.Generic.Dictionary`2[System.UInt16,System.SByte]" en="Beetle" ja="甲虫族" />
  <o id="29" tp_moves="System.Collections.Generic.Dictionary`2[System.UInt16,System.SByte]" en="Crawler" ja="クロウラー族" />
  <o id="30" tp_moves="System.Collections.Generic.Dictionary`2[System.UInt16,System.SByte]" en="Fly" ja="フライ族" />
  <o id="31" tp_moves="System.Collections.Generic.Dictionary`2[System.UInt16,System.SByte]" en="Scorpion" ja="サソリ族" />
  <o id="32" tp_moves="System.Collections.Generic.Dictionary`2[System.UInt16,System.SByte]" en="Spider" ja="スパイダー族" />
  <o id="33" tp_moves="System.Collections.Generic.Dictionary`2[System.UInt16,System.SByte]" en="Antlion" ja="アントリオン族" />
  <o id="34" tp_moves="System.Collections.Generic.Dictionary`2[System.UInt16,System.SByte]" en="Diremite" ja="ダイアマイト族" />
  <o id="35" tp_moves="System.Collections.Generic.Dictionary`2[System.UInt16,System.SByte]" en="Chigoe" ja="チゴー族" />
  <o id="36" tp_moves="System.Collections.Generic.Dictionary`2[System.UInt16,System.SByte]" en="Wamouracampa (Wamoura larva)" ja="ワモーラ族（幼虫）" />
  <o id="37" tp_moves="System.Collections.Generic.Dictionary`2[System.UInt16,System.SByte]" en="Ladybug" ja="レディバグ族" />
  <o id="38" tp_moves="System.Collections.Generic.Dictionary`2[System.UInt16,System.SByte]" en="Gnat" ja="ナット族" />
  <o id="39" tp_moves="System.Collections.Generic.Dictionary`2[System.UInt16,System.SByte]" en="Mantis" ja="マンティス族" />
  <o id="40" tp_moves="System.Collections.Generic.Dictionary`2[System.UInt16,System.SByte]" en="Kulox (Gnat)" ja="“クロックス”ナット族" />
  <o id="41" tp_moves="System.Collections.Generic.Dictionary`2[System.UInt16,System.SByte]" en="Twitherym" ja="トウィザリム族" />
  <o id="42" tp_moves="System.Collections.Generic.Dictionary`2[System.UInt16,System.SByte]" en="Chapuli" ja="チャプリ族" />
  <o id="43" tp_moves="System.Collections.Generic.Dictionary`2[System.UInt16,System.SByte]" en="Lizard" ja="トカゲ族" />
  <o id="44" tp_moves="System.Collections.Generic.Dictionary`2[System.UInt16,System.SByte]" en="Raptor" ja="ラプトル族" />
  <o id="45" tp_moves="System.Collections.Generic.Dictionary`2[System.UInt16,System.SByte]" en="Adamantoise" ja="アダマンタス族" />
  <o id="46" tp_moves="System.Collections.Generic.Dictionary`2[System.UInt16,System.SByte]" en="Bugard" ja="ブガード族" />
  <o id="47" tp_moves="System.Collections.Generic.Dictionary`2[System.UInt16,System.SByte]" en="Eft" ja="エフト族" />
  <o id="48" tp_moves="System.Collections.Generic.Dictionary`2[System.UInt16,System.SByte]" en="Wivre" ja="ウィヴル族" />
  <o id="49" tp_moves="System.Collections.Generic.Dictionary`2[System.UInt16,System.SByte]" en="Peiste" ja="ペイスト族" />
  <o id="50" tp_moves="System.Collections.Generic.Dictionary`2[System.UInt16,System.SByte]" en="Matamata" ja="マタマタ族" />
  <o id="51" tp_moves="System.Collections.Generic.Dictionary`2[System.UInt16,System.SByte]" en="Worm" ja="ワーム族" />
  <o id="52" tp_moves="System.Collections.Generic.Dictionary`2[System.UInt16,System.SByte]" en="Slime" ja="スライム族" />
  <o id="53" tp_moves="System.Collections.Generic.Dictionary`2[System.UInt16,System.SByte]" en="Hecteyes" ja="ヘクトアイズ族" />
  <o id="54" tp_moves="System.Collections.Generic.Dictionary`2[System.UInt16,System.SByte]" en="Flan" ja="フラン族" />
  <o id="55" tp_moves="System.Collections.Generic.Dictionary`2[System.UInt16,System.SByte]" en="Botulus (Flan)" ja="“ボチュルス”フラン族" />
  <o id="56" tp_moves="System.Collections.Generic.Dictionary`2[System.UInt16,System.SByte]" en="Slug" ja="スラッグ族" />
  <o id="57" tp_moves="System.Collections.Generic.Dictionary`2[System.UInt16,System.SByte]" en="Sandworm" ja="サンドウォーム族" />
  <o id="58" tp_moves="System.Collections.Generic.Dictionary`2[System.UInt16,System.SByte]" en="Leech" ja="リーチ族" />
  <o id="59" tp_moves="System.Collections.Generic.Dictionary`2[System.UInt16,System.SByte]" en="Acuex" ja="アクエフ族" />
  <o id="60" tp_moves="System.Collections.Generic.Dictionary`2[System.UInt16,System.SByte]" en="Crab" ja="クラブ族" />
  <o id="61" tp_moves="System.Collections.Generic.Dictionary`2[System.UInt16,System.SByte]" en="Pugil" ja="プギル族" />
  <o id="62" tp_moves="System.Collections.Generic.Dictionary`2[System.UInt16,System.SByte]" en="Sea Monk" ja="頭足族" />
  <o id="63" tp_moves="System.Collections.Generic.Dictionary`2[System.UInt16,System.SByte]" en="Uragnite" ja="ウラグナイト族" />
  <o id="64" tp_moves="System.Collections.Generic.Dictionary`2[System.UInt16,System.SByte]" en="Orobon" ja="オロボン族" />
  <o id="65" tp_moves="System.Collections.Generic.Dictionary`2[System.UInt16,System.SByte]" en="Ruszor" ja="ルスゾル族" />
  <o id="66" tp_moves="System.Collections.Generic.Dictionary`2[System.UInt16,System.SByte]" en="Toad" ja="トード族" />
  <o id="67" tp_moves="System.Collections.Generic.Dictionary`2[System.UInt16,System.SByte]" en="Pteraketos" ja="ケートス族" />
  <o id="68" tp_moves="System.Collections.Generic.Dictionary`2[System.UInt16,System.SByte]" en="Craklaw" ja="クラックロー族" />
  <o id="69" tp_moves="System.Collections.Generic.Dictionary`2[System.UInt16,System.SByte]" en="Bird" ja="死鳥族" />
  <o id="70" tp_moves="System.Collections.Generic.Dictionary`2[System.UInt16,System.SByte]" en="Cockatrice" ja="コカトリス族" />
  <o id="71" tp_moves="System.Collections.Generic.Dictionary`2[System.UInt16,System.SByte]" en="Roc" ja="ロック族" />
  <o id="72" tp_moves="System.Collections.Generic.Dictionary`2[System.UInt16,System.SByte]" en="Bat" ja="コウモリ族" />
  <o id="73" tp_moves="System.Collections.Generic.Dictionary`2[System.UInt16,System.SByte]" en="Hippogryph" ja="ヒッポグリフ族" />
  <o id="74" tp_moves="System.Collections.Generic.Dictionary`2[System.UInt16,System.SByte]" en="Apkallu" ja="アプカル族" />
  <o id="75" tp_moves="System.Collections.Generic.Dictionary`2[System.UInt16,System.SByte]" en="Colibri" ja="コリブリ族" />
  <o id="76" tp_moves="System.Collections.Generic.Dictionary`2[System.UInt16,System.SByte]" en="Amphiptere" ja="アンフィプテレ族" />
  <o id="77" tp_moves="System.Collections.Generic.Dictionary`2[System.UInt16,System.SByte]" en="Harpeia" ja="ハルペイア族" />
  <o id="78" tp_moves="System.Collections.Generic.Dictionary`2[System.UInt16,System.SByte]" en="Tulfaire" ja="トゥルフェイア族" />
  <o id="254" tp_moves="System.Collections.Generic.Dictionary`2[System.UInt16,System.SByte]" en="A jiggly creature from a world beyond." ja="ぷるぷるした異世界のモンスター。" />
  <o id="255" tp_moves="System.Collections.Generic.Dictionary`2[System.UInt16,System.SByte]" en="An ore-loving creature from a world beyond." ja="鉱石を抱えた異世界のモンスター。" />
  <o id="256" tp_moves="System.Collections.Generic.Dictionary`2[System.UInt16,System.SByte]" en="Onyx Rabbit" ja="ウサギ族（黒）" />
  <o id="257" tp_moves="System.Collections.Generic.Dictionary`2[System.UInt16,System.SByte]" en="Alabaster Rabbit" ja="ウサギ族（白）" />
  <o id="258" tp_moves="System.Collections.Generic.Dictionary`2[System.UInt16,System.SByte]" en="Lapinion (Rabbit)" ja="“ラピニオン”ウサギ族" />
  <o id="259" tp_moves="System.Collections.Generic.Dictionary`2[System.UInt16,System.SByte]" en="Elasmoth (Behemoth)" ja="“エラスモス”ベヒーモス族" />
  <o id="261" tp_moves="System.Collections.Generic.Dictionary`2[System.UInt16,System.SByte]" en="Legendary Tiger" ja="伝説の剣虎族" />
  <o id="262" tp_moves="System.Collections.Generic.Dictionary`2[System.UInt16,System.SByte]" en="Smilodon (Tiger)" ja="“スミロドン”剣虎族" />
  <o id="263" tp_moves="System.Collections.Generic.Dictionary`2[System.UInt16,System.SByte]" en="Karakul (Sheep)" ja="“カラクール”大羊族" />
  <o id="264" tp_moves="System.Collections.Generic.Dictionary`2[System.UInt16,System.SByte]" en="Lucerewe (Sheep)" ja="“ルセーユ”大羊族" />
  <o id="265" tp_moves="System.Collections.Generic.Dictionary`2[System.UInt16,System.SByte]" en="Ovim (Sheep)" ja="“オヴィム”大羊族" />
  <o id="266" tp_moves="System.Collections.Generic.Dictionary`2[System.UInt16,System.SByte]" en="Lynx (Coeurl)" ja="“リンクス”クァール族" />
  <o id="267" tp_moves="System.Collections.Generic.Dictionary`2[System.UInt16,System.SByte]" en="Collared Lynx (Coeurl)" ja="装飾した“リンクス”クァール族" />
  <o id="268" tp_moves="System.Collections.Generic.Dictionary`2[System.UInt16,System.SByte]" en="Legendary Manticore" ja="伝説のマンティコア族" />
  <o id="269" tp_moves="System.Collections.Generic.Dictionary`2[System.UInt16,System.SByte]" en="Orthrus (Cerberus)" ja="“オルトロス”ケルベロス族" />
  <o id="270" tp_moves="System.Collections.Generic.Dictionary`2[System.UInt16,System.SByte]" en="Bipedal Gnole" ja="ノール族（二足歩行）" />
  <o id="271" tp_moves="System.Collections.Generic.Dictionary`2[System.UInt16,System.SByte]" en="Coppercap (Funguar)" ja="“カッパーキャップ”キノコ族" />
  <o id="272" tp_moves="System.Collections.Generic.Dictionary`2[System.UInt16,System.SByte]" en="Treant" ja="樹人族" />
  <o id="273" tp_moves="System.Collections.Generic.Dictionary`2[System.UInt16,System.SByte]" en="Flowering Treant" ja="開花した樹人族" />
  <o id="274" tp_moves="System.Collections.Generic.Dictionary`2[System.UInt16,System.SByte]" en="Scarlet-tinged Treant" ja="紅葉した樹人族" />
  <o id="275" tp_moves="System.Collections.Generic.Dictionary`2[System.UInt16,System.SByte]" en="Barren Treant" ja="落葉した樹人族" />
  <o id="276" tp_moves="System.Collections.Generic.Dictionary`2[System.UInt16,System.SByte]" en="Necklaced Treant" ja="装飾した樹人族" />
  <o id="277" tp_moves="System.Collections.Generic.Dictionary`2[System.UInt16,System.SByte]" en="Pygmy Morbol" ja="小型のモルボル族" />
  <o id="278" tp_moves="System.Collections.Generic.Dictionary`2[System.UInt16,System.SByte]" en="Scarce Morbol" ja="希少なモルボル族" />
  <o id="279" tp_moves="System.Collections.Generic.Dictionary`2[System.UInt16,System.SByte]" en="Ameretat (Morbol)" ja="“アムルタート”モルボル族" />
  <o id="280" tp_moves="System.Collections.Generic.Dictionary`2[System.UInt16,System.SByte]" en="Purbol (Morbol)" ja="“プルボル”モルボル族" />
  <o id="281" tp_moves="System.Collections.Generic.Dictionary`2[System.UInt16,System.SByte]" en="Korrigan (Mandragora)" ja="“コリガン”マンドラゴラ族" />
  <o id="282" tp_moves="System.Collections.Generic.Dictionary`2[System.UInt16,System.SByte]" en="Lycopodium (Mandragora)" ja="“リコポディウム&quot;マンドラゴラ族" />
  <o id="283" tp_moves="System.Collections.Generic.Dictionary`2[System.UInt16,System.SByte]" en="Pygmy Mandragora" ja="小型のマンドラゴラ族" />
  <o id="284" tp_moves="System.Collections.Generic.Dictionary`2[System.UInt16,System.SByte]" en="Adenium (Mandragora)" ja="“アデニウム”マンドラゴラ族" />
  <o id="285" tp_moves="System.Collections.Generic.Dictionary`2[System.UInt16,System.SByte]" en="Pachypodium (Mandragora)" ja="“パキポディウム”マンドラゴラ族" />
  <o id="286" tp_moves="System.Collections.Generic.Dictionary`2[System.UInt16,System.SByte]" en="Enlightened Mandragora" ja="覚醒したマンドラゴラ族" />
  <o id="287" tp_moves="System.Collections.Generic.Dictionary`2[System.UInt16,System.SByte]" en="New Year Mandragora" ja="新年を祝うマンドラゴラ族" />
  <o id="288" tp_moves="System.Collections.Generic.Dictionary`2[System.UInt16,System.SByte]" en="Sabotender Florido" ja="開花したサボテンダー族" />
  <o id="289" tp_moves="System.Collections.Generic.Dictionary`2[System.UInt16,System.SByte]" en="Mitrastema (Rafflesia)" ja="“ミトラステマ”ラフレシア族" />
  <o id="290" tp_moves="System.Collections.Generic.Dictionary`2[System.UInt16,System.SByte]" en="Vermilion and Onyx Bee" ja="蜂族（赤黒）" />
  <o id="291" tp_moves="System.Collections.Generic.Dictionary`2[System.UInt16,System.SByte]" en="Zaffre Bee" ja="蜂族（青）" />
  <o id="292" tp_moves="System.Collections.Generic.Dictionary`2[System.UInt16,System.SByte]" en="Onyx Beetle" ja="甲虫族（黒）" />
  <o id="293" tp_moves="System.Collections.Generic.Dictionary`2[System.UInt16,System.SByte]" en="Gamboge Beetle" ja="甲虫族（橙）" />
  <o id="294" tp_moves="System.Collections.Generic.Dictionary`2[System.UInt16,System.SByte]" en="Eruca (Crawler)" ja="“エルカ”クロウラー族" />
  <o id="295" tp_moves="System.Collections.Generic.Dictionary`2[System.UInt16,System.SByte]" en="Emerald Crawler" ja="クロウラー族（緑）" />
  <o id="296" tp_moves="System.Collections.Generic.Dictionary`2[System.UInt16,System.SByte]" en="Pygmy Emerald Crawler" ja="小型のクロウラー族（緑）" />
  <o id="297" tp_moves="System.Collections.Generic.Dictionary`2[System.UInt16,System.SByte]" en="Vermilion Fly" ja="フライ族（赤）" />
  <o id="298" tp_moves="System.Collections.Generic.Dictionary`2[System.UInt16,System.SByte]" en="Scolopendrid (Scorpion)" ja="“スコロペンドリド”サソリ族" />
  <o id="299" tp_moves="System.Collections.Generic.Dictionary`2[System.UInt16,System.SByte]" en="Unusual Scolopendrid (Scorpion)" ja="特別な“スコロペンドリド”サソリ族" />
  <o id="300" tp_moves="System.Collections.Generic.Dictionary`2[System.UInt16,System.SByte]" en="Reticulated Spider" ja="スパイダー族（網目）" />
  <o id="301" tp_moves="System.Collections.Generic.Dictionary`2[System.UInt16,System.SByte]" en="Vermilion and Onyx Spider" ja="スパイダー族（赤黒）" />
  <o id="302" tp_moves="System.Collections.Generic.Dictionary`2[System.UInt16,System.SByte]" en="Onyx Antlion" ja="アントリオン族（黒）" />
  <o id="303" tp_moves="System.Collections.Generic.Dictionary`2[System.UInt16,System.SByte]" en="Formiceros (Antlion)" ja="“フォミセラス”アントリオン族" />
  <o id="304" tp_moves="System.Collections.Generic.Dictionary`2[System.UInt16,System.SByte]" en="Arundimite (Diremite)" ja="“アルンデマイト”ダイアマイト族" />
  <o id="305" tp_moves="System.Collections.Generic.Dictionary`2[System.UInt16,System.SByte]" en="Azure Chigoe" ja="チゴー族（青）" />
  <o id="306" tp_moves="System.Collections.Generic.Dictionary`2[System.UInt16,System.SByte]" en="Coiled Wamouracampa (Wamoura larva)" ja="丸まったワモーラ族（幼虫）" />
  <o id="307" tp_moves="System.Collections.Generic.Dictionary`2[System.UInt16,System.SByte]" en="Wamoura" ja="ワモーラ族" />
  <o id="308" tp_moves="System.Collections.Generic.Dictionary`2[System.UInt16,System.SByte]" en="Coral Wamoura" ja="ワモーラ族（珊瑚）" />
  <o id="309" tp_moves="System.Collections.Generic.Dictionary`2[System.UInt16,System.SByte]" en="Gold Ladybug" ja="レディバグ族（金）" />
  <o id="310" tp_moves="System.Collections.Generic.Dictionary`2[System.UInt16,System.SByte]" en="Midge (Gnat)" ja="“ミッジ”ナット族" />
  <o id="311" tp_moves="System.Collections.Generic.Dictionary`2[System.UInt16,System.SByte]" en="Vermilion Mantis" ja="マンティス族（赤）" />
  <o id="312" tp_moves="System.Collections.Generic.Dictionary`2[System.UInt16,System.SByte]" en="Russet Mantis" ja="マンティス族（茶）" />
  <o id="315" tp_moves="System.Collections.Generic.Dictionary`2[System.UInt16,System.SByte]" en="Ashen Lizard" ja="トカゲ族（灰）" />
  <o id="316" tp_moves="System.Collections.Generic.Dictionary`2[System.UInt16,System.SByte]" en="Emerald Raptor" ja="ラプトル族（緑）" />
  <o id="317" tp_moves="System.Collections.Generic.Dictionary`2[System.UInt16,System.SByte]" en="Vermilion Raptor" ja="ラプトル族（赤）" />
  <o id="318" tp_moves="System.Collections.Generic.Dictionary`2[System.UInt16,System.SByte]" en="Pygmy Adamantoise" ja="小型のアダマンタス族" />
  <o id="319" tp_moves="System.Collections.Generic.Dictionary`2[System.UInt16,System.SByte]" en="Legendary Adamantoise" ja="伝説のアダマンタス族" />
  <o id="320" tp_moves="System.Collections.Generic.Dictionary`2[System.UInt16,System.SByte]" en="Ferromantoise (Adamantoise)" ja="“フェロマンタス”アダマンタス族" />
  <o id="321" tp_moves="System.Collections.Generic.Dictionary`2[System.UInt16,System.SByte]" en="Abyssobugard (Bugard)" ja="“アビソブガード”ブガード族" />
  <o id="322" tp_moves="System.Collections.Generic.Dictionary`2[System.UInt16,System.SByte]" en="Tarichuk (Eft)" ja="“タリチャック”エフト族" />
  <o id="323" tp_moves="System.Collections.Generic.Dictionary`2[System.UInt16,System.SByte]" en="Unusual Wivre" ja="特別なウィヴル族" />
  <o id="324" tp_moves="System.Collections.Generic.Dictionary`2[System.UInt16,System.SByte]" en="Sibilus (Peiste)" ja="“シビルス”ペイスト族" />
  <o id="326" tp_moves="System.Collections.Generic.Dictionary`2[System.UInt16,System.SByte]" en="Vermilion Worm" ja="ワーム族（赤）" />
  <o id="327" tp_moves="System.Collections.Generic.Dictionary`2[System.UInt16,System.SByte]" en="Onyx Worm" ja="ワーム族（黒）" />
  <o id="328" tp_moves="System.Collections.Generic.Dictionary`2[System.UInt16,System.SByte]" en="Entozoon (Worm)" ja="“エントゾアン”ワーム族" />
  <o id="329" tp_moves="System.Collections.Generic.Dictionary`2[System.UInt16,System.SByte]" en="Clot (Slime)" ja="“クロット”スライム族" />
  <o id="330" tp_moves="System.Collections.Generic.Dictionary`2[System.UInt16,System.SByte]" en="Gold Slime" ja="スライム族（黄）" />
  <o id="331" tp_moves="System.Collections.Generic.Dictionary`2[System.UInt16,System.SByte]" en="Boil (Slime)" ja="“ボイル”スライム族" />
  <o id="332" tp_moves="System.Collections.Generic.Dictionary`2[System.UInt16,System.SByte]" en="Gold Flan" ja="フラン族（黄）" />
  <o id="333" tp_moves="System.Collections.Generic.Dictionary`2[System.UInt16,System.SByte]" en="Blancmange (Flan)" ja="“ブラマンジェ”フラン族" />
  <o id="334" tp_moves="System.Collections.Generic.Dictionary`2[System.UInt16,System.SByte]" en="Pygmy Sandworm" ja="小型のサンドウォーム族" />
  <o id="335" tp_moves="System.Collections.Generic.Dictionary`2[System.UInt16,System.SByte]" en="Gigaworm (Sandworm)" ja="“ギガウォーム”サンドウォーム族" />
  <o id="336" tp_moves="System.Collections.Generic.Dictionary`2[System.UInt16,System.SByte]" en="Azure Leech" ja="リーチ族（青）" />
  <o id="337" tp_moves="System.Collections.Generic.Dictionary`2[System.UInt16,System.SByte]" en="Obdella (Leech)" ja="“オブデラ”リーチ族" />
  <o id="340" tp_moves="System.Collections.Generic.Dictionary`2[System.UInt16,System.SByte]" en="Vermilion Crab" ja="クラブ族（赤）" />
  <o id="341" tp_moves="System.Collections.Generic.Dictionary`2[System.UInt16,System.SByte]" en="Basket-burdened Crab" ja="籠を背負ったクラブ族" />
  <o id="342" tp_moves="System.Collections.Generic.Dictionary`2[System.UInt16,System.SByte]" en="Vermilion Basket-burdened Crab" ja="籠を背負ったクラブ族（赤）" />
  <o id="343" tp_moves="System.Collections.Generic.Dictionary`2[System.UInt16,System.SByte]" en="Porter Crab (Crab)" ja="“ポータークラブ”クラブ族" />
  <o id="344" tp_moves="System.Collections.Generic.Dictionary`2[System.UInt16,System.SByte]" en="Jagil (Pugil)" ja="“ジャギル”プギル族" />
  <o id="345" tp_moves="System.Collections.Generic.Dictionary`2[System.UInt16,System.SByte]" en="Azure Sea Monk" ja="頭足族（青）" />
  <o id="346" tp_moves="System.Collections.Generic.Dictionary`2[System.UInt16,System.SByte]" en="Limascabra (Uragnite)" ja="“リマスカブラ”ウラグナイト族" />
  <o id="347" tp_moves="System.Collections.Generic.Dictionary`2[System.UInt16,System.SByte]" en="Pygmy Orobon" ja="小型のオロボン族" />
  <o id="348" tp_moves="System.Collections.Generic.Dictionary`2[System.UInt16,System.SByte]" en="Ogrebon (Orobon)" ja="“オーガボン”オロボン族" />
  <o id="349" tp_moves="System.Collections.Generic.Dictionary`2[System.UInt16,System.SByte]" en="Azure Toad" ja="トード族（青）" />
  <o id="350" tp_moves="System.Collections.Generic.Dictionary`2[System.UInt16,System.SByte]" en="Vermilion Toad" ja="トード族（赤）" />
  <o id="351" tp_moves="System.Collections.Generic.Dictionary`2[System.UInt16,System.SByte]" en="Onyx Bird" ja="死鳥族（黒）" />
  <o id="352" tp_moves="System.Collections.Generic.Dictionary`2[System.UInt16,System.SByte]" en="Ziz (Cockatrice)" ja="“ジズ”コカトリス族" />
  <o id="353" tp_moves="System.Collections.Generic.Dictionary`2[System.UInt16,System.SByte]" en="Legendary Roc" ja="伝説のロック族" />
  <o id="354" tp_moves="System.Collections.Generic.Dictionary`2[System.UInt16,System.SByte]" en="Gagana (Roc)" ja="“ガガナ”ロック族" />
  <o id="355" tp_moves="System.Collections.Generic.Dictionary`2[System.UInt16,System.SByte]" en="Bats" ja="3匹のコウモリ族" />
  <o id="356" tp_moves="System.Collections.Generic.Dictionary`2[System.UInt16,System.SByte]" en="Vermilion Bat" ja="コウモリ族（赤）" />
  <o id="357" tp_moves="System.Collections.Generic.Dictionary`2[System.UInt16,System.SByte]" en="Vermilion Bats" ja="3匹のコウモリ族（赤）" />
  <o id="358" tp_moves="System.Collections.Generic.Dictionary`2[System.UInt16,System.SByte]" en="Inguza (Apkallu)" ja="“イングーザ”アプカル族" />
  <o id="359" tp_moves="System.Collections.Generic.Dictionary`2[System.UInt16,System.SByte]" en="Toucalibri (Colibri)" ja="“トゥカリブリ”コリブリ族" />
  <o id="360" tp_moves="System.Collections.Generic.Dictionary`2[System.UInt16,System.SByte]" en="Sanguiptere (Amphiptere)" ja="“サングィプテレ”アンフィプテレ族" />
  <o id="361" tp_moves="System.Collections.Generic.Dictionary`2[System.UInt16,System.SByte]" en="Vermilion Harpeia" ja="ハルペイア族（赤）" />
  <o id="362" tp_moves="System.Collections.Generic.Dictionary`2[System.UInt16,System.SByte]" en="Alabaster Harpeia" ja="ハルペイア族（白）" />
  <o id="508" tp_moves="System.Collections.Generic.Dictionary`2[System.UInt16,System.SByte]" en="A jiggly creature from a world beyond." ja="ぷるぷるした異世界のモンスター。" />
  <o id="509" tp_moves="System.Collections.Generic.Dictionary`2[System.UInt16,System.SByte]" en="A jiggly creature from a world beyond." ja="ぷるぷるした異世界のモンスター。" />
  <o id="510" tp_moves="System.Collections.Generic.Dictionary`2[System.UInt16,System.SByte]" en="An ore-loving creature from a world beyond." ja="鉱石を抱えた異世界のモンスター。" />
  <o id="511" tp_moves="System.Collections.Generic.Dictionary`2[System.UInt16,System.SByte]" en="An ore-loving creature from a world beyond." ja="鉱石を抱えた異世界のモンスター。" />
</monstrosity>