﻿<?xml version="1.0" encoding="utf-8"?>
<moon_phases>
  <o id="0" en="New Moon" ja="新月" />
  <o id="1" en="Waxing Crescent" ja="三日月" />
  <o id="2" en="Waxing Crescent" ja="七日月" />
  <o id="3" en="First Quarter Moon" ja="上弦の月" />
  <o id="4" en="Waxing Gibbous" ja="十日夜" />
  <o id="5" en="Waxing Gibbous" ja="十三夜" />
  <o id="6" en="Full Moon" ja="満月" />
  <o id="7" en="Waning Gibbous" ja="十六夜" />
  <o id="8" en="Waning Gibbous" ja="居待月" />
  <o id="9" en="Last Quarter Moon" ja="下弦の月" />
  <o id="10" en="Waning Crescent" ja="二十日余月" />
  <o id="11" en="Waning Crescent" ja="二十六夜" />
</moon_phases>