﻿<?xml version="1.0" encoding="utf-8"?>
<races>
  <o id="0" en="Precomposed NPC" ja="合成済みのNPC" gender="None" />
  <o id="1" en="Hume ♂" ja="ヒューム♂" gender="♂" />
  <o id="2" en="Hume ♀" ja="ヒューム♀" gender="♀" />
  <o id="3" en="Elvaan ♂" ja="エㇽバン♂" gender="♂" />
  <o id="4" en="Elvaan ♀" ja="エㇽバン♀" gender="♀" />
  <o id="5" en="Tarutaru ♂" ja="タルタル♂" gender="♂" />
  <o id="6" en="Tarutaru ♀" ja="タルタル♀" gender="♀" />
  <o id="7" en="Mithra" ja="ミスラ" gender="♀" />
  <o id="8" en="Galka" ja="ガㇽカ" gender="♂" />
  <o id="29" en="Mithra Child" ja="ミスラの子" gender="♀" />
  <o id="30" en="Elvaan Hume Child ♀" ja="エㇽ・ヒュームの子♀" gender="♀" />
  <o id="31" en="Elvaan Hume Child ♂" ja="エㇽ・ヒュームの子♂" gender="♂" />
  <o id="32" en="Chocobo Rounsey" ja="チョコボ黄" gender="None" />
  <o id="33" en="Chocobo Destrier" ja="チョコボ黒" gender="None" />
  <o id="34" en="Chocobo Palfrey" ja="チョコボ赤" gender="None" />
  <o id="35" en="Chocobo Courser" ja="チョコボ青" gender="None" />
  <o id="36" en="Chocobo Jennet" ja="チョコボ緑" gender="None" />
</races>