﻿<?xml version="1.0" encoding="utf-8"?>
<regions>
  <o id="0" en="San d'Oria" ja="サンドリア王国" />
  <o id="1" en="Bastok" ja="バストゥーク共和国" />
  <o id="2" en="Windurst" ja="ウィンダス連邦" />
  <o id="3" en="Jeuno" ja="ジュノ大公国" />
  <o id="4" en="Ronfaure" ja="ロンフォール" />
  <o id="5" en="Zulkheim" ja="ザルクヘイム" />
  <o id="6" en="Norvallen" ja="ノルバレン" />
  <o id="7" en="Gustaberg" ja="グスタベルグ" />
  <o id="8" en="Derfland" ja="デルフラント" />
  <o id="9" en="Sarutabaruta" ja="サルタバルタ" />
  <o id="10" en="Kolshushu" ja="コルシュシュ" />
  <o id="11" en="Aragoneu" ja="アラゴーニュ" />
  <o id="12" en="Fauregandi" ja="フォルガンディ" />
  <o id="13" en="Valdeaunia" ja="バルドニア" />
  <o id="14" en="Qufim" ja="クフィム" />
  <o id="15" en="Li'Telor" ja="リ・テロア" />
  <o id="16" en="Kuzotz" ja="クゾッツ" />
  <o id="17" en="Vollbow" ja="ヴォルボー" />
  <o id="18" en="Elshimo Lowlands" ja="低地エルシモ" />
  <o id="19" en="Elshimo Uplands" ja="高地エルシモ" />
  <o id="20" en="Tu'Lia" ja="トゥー・リア" />
  <o id="21" en="Dynamis" ja="デュナミス" />
  <o id="22" en="Movalpolos" ja="ムバルポロス" />
  <o id="23" en="Tavnazian Marquisate" ja="タブナジア侯国" />
  <o id="24" en="Tavnazian Archipelago" ja="タブナジア群島" />
  <o id="25" en="Promyvion" ja="プロミヴォン" />
  <o id="26" en="Lumoria" ja="ルモリア" />
  <o id="27" en="Limbus" ja="リンバス" />
  <o id="28" en="Empire of Aht Urhgan" ja="アトルガン皇国" />
  <o id="29" en="West Aht Urhgan" ja="西アトルガン地方" />
  <o id="30" en="Mamool Ja Savagelands" ja="マムージャ蕃国" />
  <o id="31" en="Halvung Territory" ja="ハルブーン傭兵団領" />
  <o id="32" en="Arrapago Islands" ja="アラパゴ諸島" />
  <o id="33" en="Ruins of Alzadaal" ja="アルザダール文明遺跡群" />
  <o id="34" en="The Ronfaure Front" ja="ロンフォール戦線" />
  <o id="35" en="The Norvallen Front" ja="ノルバレン戦線" />
  <o id="36" en="The Gustaberg Front" ja="グスタベルグ戦線" />
  <o id="37" en="The Derfland Front" ja="デルフラント戦線" />
  <o id="38" en="The Sarutabaruta Front" ja="サルタバルタ戦線" />
  <o id="39" en="The Aragoneu Front" ja="アラゴーニュ戦線" />
  <o id="40" en="The Fauregandi Front" ja="フォルガンディ戦線" />
  <o id="41" en="The Valdeaunia Front" ja="バルドニア戦線" />
  <o id="42" en="Orcish Hosts" ja="オーク帝国軍" />
  <o id="43" en="Quadav Shieldwarriors" ja="クゥダフ兵団" />
  <o id="44" en="Yagudo Theomilitary" ja="ヤグード教団軍" />
  <o id="45" en="Dark Kindred" ja="闇の王親衛隊" />
  <o id="46" en="Abyssea" ja="アビセア" />
  <o id="47" en="The Threshold" ja="スレッショルド" />
  <o id="48" en="Abdhaljs" ja="アブダルス" />
  <o id="49" en="The Sacred City of Adoulin" ja="神聖アドゥリン都市同盟" />
  <o id="50" en="The Adoulin Islands" ja="アドゥリン諸島" />
  <o id="51" en="East Ulbuka Territory" ja="東ウルブカ地方" />
  <o id="52" en="Ra'Kaznar" ja="ラ・カザナル" />
  <o id="53" en="Escha" ja="エスカ" />
  <o id="54" en="Far East" ja="ひんがし" />
</regions>