﻿<?xml version="1.0" encoding="utf-8"?>
<servers>
  <o id="2" en="Undine" />
  <o id="4" en="Bahamut" />
  <o id="5" en="Shiva" />
  <o id="8" en="Phoenix" />
  <o id="9" en="Carbuncle" />
  <o id="10" en="Fenrir" />
  <o id="11" en="Sylph" />
  <o id="12" en="Valefor" />
  <o id="14" en="Leviathan" />
  <o id="15" en="Odin" />
  <o id="19" en="Quetzalcoatl" />
  <o id="20" en="Siren" />
  <o id="23" en="Ragnarok" />
  <o id="26" en="Cerberus" />
  <o id="28" en="Bismarck" />
  <o id="30" en="Lakshmi" />
  <o id="31" en="Asura" />
</servers>