﻿<?xml version="1.0" encoding="utf-8"?>
<skills>
  <o id="0" en="(N/A)" ja="(N/A)" category="None" />
  <o id="1" en="Hand-to-Hand" ja="格闘" category="Combat" />
  <o id="2" en="Dagger" ja="短剣" category="Combat" />
  <o id="3" en="Sword" ja="片手剣" category="Combat" />
  <o id="4" en="Great Sword" ja="両手剣" category="Combat" />
  <o id="5" en="Axe" ja="片手斧" category="Combat" />
  <o id="6" en="Great Axe" ja="両手斧" category="Combat" />
  <o id="7" en="Scythe" ja="両手鎌" category="Combat" />
  <o id="8" en="Polearm" ja="両手槍" category="Combat" />
  <o id="9" en="Katana" ja="片手刀" category="Combat" />
  <o id="10" en="Great Katana" ja="両手刀" category="Combat" />
  <o id="11" en="Club" ja="片手棍" category="Combat" />
  <o id="12" en="Staff" ja="両手棍" category="Combat" />
  <o id="22" en="Automaton Melee" ja="白兵戦" category="Puppet" />
  <o id="23" en="Automaton Archery" ja="射撃戦" category="Puppet" />
  <o id="24" en="Automaton Magic" ja="魔法戦" category="Puppet" />
  <o id="25" en="Archery" ja="弓術" category="Combat" />
  <o id="26" en="Marksmanship" ja="射撃" category="Combat" />
  <o id="27" en="Throwing" ja="投てき" category="Combat" />
  <o id="28" en="Guard" ja="ガード" category="Combat" />
  <o id="29" en="Evasion" ja="回避" category="Combat" />
  <o id="30" en="Shield" ja="盾" category="Combat" />
  <o id="31" en="Parrying" ja="受け流し" category="Combat" />
  <o id="32" en="Divine Magic" ja="神聖魔法" category="Magic" />
  <o id="33" en="Healing Magic" ja="回復魔法" category="Magic" />
  <o id="34" en="Enhancing Magic" ja="強化魔法" category="Magic" />
  <o id="35" en="Enfeebling Magic" ja="弱体魔法" category="Magic" />
  <o id="36" en="Elemental Magic" ja="精霊魔法" category="Magic" />
  <o id="37" en="Dark Magic" ja="暗黒魔法" category="Magic" />
  <o id="38" en="Summoning Magic" ja="召喚魔法" category="Magic" />
  <o id="39" en="Ninjutsu" ja="忍術" category="Magic" />
  <o id="40" en="Singing" ja="歌唱" category="Magic" />
  <o id="41" en="Stringed Instrument" ja="弦楽器" category="Magic" />
  <o id="42" en="Wind Instrument" ja="管楽器" category="Magic" />
  <o id="43" en="Blue Magic" ja="青魔法" category="Magic" />
  <o id="44" en="Geomancy" ja="風水魔法" category="Magic" />
  <o id="45" en="Handbell" ja="風水鈴" category="Magic" />
  <o id="48" en="Fishing" ja="釣り" category="Synthesis" />
  <o id="49" en="Woodworking" ja="木工" category="Synthesis" />
  <o id="50" en="Smithing" ja="鍛冶" category="Synthesis" />
  <o id="51" en="Goldsmithing" ja="彫金" category="Synthesis" />
  <o id="52" en="Clothcraft" ja="裁縫" category="Synthesis" />
  <o id="53" en="Leathercraft" ja="革細工" category="Synthesis" />
  <o id="54" en="Bonecraft" ja="骨細工" category="Synthesis" />
  <o id="55" en="Alchemy" ja="錬金術" category="Synthesis" />
  <o id="56" en="Cooking" ja="調理" category="Synthesis" />
  <o id="57" en="Synergy" ja="錬成" category="Synthesis" />
</skills>