﻿<?xml version="1.0" encoding="utf-8"?>
<titles>
  <o id="0" en="N/A" ja="なし" />
  <o id="1" en="Fodderchief Flayer" ja="フォッダーチーフ　フレーヤー" />
  <o id="2" en="Warchief Wrecker" ja="ウォーチーフ　レッカー" />
  <o id="3" en="Dread Dragon Slayer" ja="ドレッドドラゴン　スレーヤー" />
  <o id="4" en="Overlord Executioner" ja="オーバーロード　エグゼキューショナー" />
  <o id="5" en="Dark Dragon Slayer" ja="ダークドラゴン　スレーヤー" />
  <o id="6" en="Adamantking Killer" ja="アダマンキング　キラー" />
  <o id="7" en="Black Dragon Slayer" ja="ブラックドラゴン　スレーヤー" />
  <o id="8" en="Manifest Mauler" ja="マニフェスト　モーラー" />
  <o id="9" en="Behemoth's Bane" ja="ベヒーモス　ベーン" />
  <o id="10" en="Archmage Assassin" ja="アークメイジ　アサシン" />
  <o id="11" en="Hellsbane" ja="ヘルズベーン" />
  <o id="12" en="Giant Killer" ja="ジャイアントキラー" />
  <o id="13" en="Lich Banisher" ja="リッチ　バニッシャー" />
  <o id="14" en="Jellybane" ja="ジェリーベーン" />
  <o id="15" en="Bogeydowner" ja="ゴギー　ダウナー" />
  <o id="16" en="Beakbender" ja="ビークベンダー" />
  <o id="17" en="Skullcrusher" ja="スカルクラッシャー" />
  <o id="18" en="Morbolbane" ja="モルボル　ベーン" />
  <o id="19" en="Goliath Killer" ja="ゴリアテ　キラー" />
  <o id="20" en="Mary's Guide" ja="メリーズガイド" />
  <o id="21" en="Simurgh Poacher" ja="シムルグ　スレーヤー" />
  <o id="22" en="Roc Star" ja="ロック　スター" />
  <o id="23" en="Serket Breaker" ja="セルケト　ブレーカー" />
  <o id="24" en="Cassienova" ja="キャシノバ" />
  <o id="25" en="The Hornsplitter" ja="ホーンスプリッター" />
  <o id="26" en="Tortoise Torturer" ja="トータストーチャラー" />
  <o id="27" en="Mon Cherry" ja="モン　チェリー" />
  <o id="28" en="Behemoth Dethroner" ja="ベヒーモス　デスローナー" />
  <o id="29" en="The Vivisector" ja="ビビセクター" />
  <o id="30" en="Dragon Asher" ja="ドラゴンアッシャー" />
  <o id="31" en="Expeditionary Trooper" ja="遠征軍遊撃隊員" />
  <o id="32" en="Bearer of the Wisewoman's Hope" ja="賢者の希望を担いし者" />
  <o id="33" en="Bearer of the Eight Prayers" ja="八つの祈りを帯びし者" />
  <o id="34" en="Lightweaver" ja="光の紡ぎ手" />
  <o id="35" en="Destroyer of Antiquity" ja="いにしえを屠る者" />
  <o id="36" en="Sealer of the Portal of the Gods" ja="神の扉を閉ざす者" />
  <o id="37" en="Burier of the Illusion" ja="幻影を葬りし者" />
  <o id="39" en="Family Counselor" ja="小さな親切運動家" />
  <o id="41" en="Great Grappler Scorpio!?" ja="格闘家スコーピオン！？" />
  <o id="42" en="Bond Fixer" ja="絆の証人" />
  <o id="43" en="Vampire Hunter D-Minus" ja="低級ヴァンパイアハンター" />
  <o id="44" en="Sheep's Milk Deliverer" ja="羊乳配達人" />
  <o id="45" en="Bean Cuisine Salter" ja="マメ料理人手伝い" />
  <o id="46" en="Total Loser" ja="ヘッポコくん" />
  <o id="47" en="Doctor Shantotto's Flavor of the Month" ja="シャントット博士のお気に入り" />
  <o id="48" en="Pilgrim to Holla" ja="ホラの巡礼者" />
  <o id="49" en="Pilgrim to Dem" ja="デムの巡礼者" />
  <o id="50" en="Pilgrim to Mea" ja="メアの巡礼者" />
  <o id="51" en="Daybreak Gambler" ja="暁の勝負師" />
  <o id="52" en="The Pious One" ja="信心深き者" />
  <o id="53" en="A Moss Kind Person" ja="心優しき者" />
  <o id="54" en="Entrance Denied" ja="門前払い" />
  <o id="55" en="Apiarist" ja="ハチミツ博士" />
  <o id="56" en="Rabbiter" ja="ワイルドハンター" />
  <o id="57" en="Royal Grave Keeper" ja="龍王の墓守" />
  <o id="58" en="Courier Extraordinaire" ja="凄腕の運び屋" />
  <o id="59" en="Ronfaurian Rescuer" ja="森の救急隊員" />
  <o id="60" en="Pickpocket Pincher" ja="街の名探偵" />
  <o id="61" en="Fang Finder" ja="ファング" />
  <o id="62" en="Faith like a Candle" ja="炎の信者" />
  <o id="63" en="The Pure One" ja="清らかなる者" />
  <o id="64" en="Lost Child Officer" ja="迷子引受人" />
  <o id="65" en="Silencer of the Lambs" ja="沈黙の羊飼い" />
  <o id="66" en="Lost &amp; Found Officer" ja="遺失物捜索隊員" />
  <o id="67" en="Green Grocer" ja="ベジタブル特急" />
  <o id="68" en="The Benevolent One" ja="慈悲深き者" />
  <o id="69" en="Knight in Training" ja="見習い騎士" />
  <o id="70" en="Lizard Skinner" ja="リザードキラー" />
  <o id="71" en="Bug Catcher" ja="虫採り名人" />
  <o id="72" en="Spelunker" ja="洞窟探検隊" />
  <o id="73" en="Arms Trader" ja="取引代理人" />
  <o id="74" en="Traveling Medicine Man" ja="旅の調剤士" />
  <o id="75" en="Cat Skinner" ja="虎ハンター" />
  <o id="76" en="Carp Diem" ja="フナ釣りマイスター" />
  <o id="77" en="Advertising Executive" ja="呼び込み名人" />
  <o id="78" en="Third-rate Organizer" ja="下級オーガナイザー" />
  <o id="79" en="Second-rate Organizer" ja="中級オーガナイザー" />
  <o id="80" en="First-rate Organizer" ja="上級オーガナイザー" />
  <o id="81" en="Bastok Welcoming Committee" ja="バストゥークの案内人" />
  <o id="82" en="Shell Outer" ja="甲羅からの解放者" />
  <o id="83" en="Bucket Fisher" ja="バケツフィッシャー" />
  <o id="84" en="Pursuer of the Past" ja="過去を垣間見る者" />
  <o id="85" en="Pursuer of the Truth" ja="真実の探求者" />
  <o id="86" en="Mommy's Helper" ja="ママのお手伝い" />
  <o id="87" en="Hot Dog" ja="スモーキー" />
  <o id="88" en="Stampeder" ja="スタンピオン" />
  <o id="89" en="Qiji's Friend" ja="クィジの友人" />
  <o id="90" en="Qiji's Rival" ja="クィジのライバル" />
  <o id="91" en="Contest Rigger" ja="勝負の采配人" />
  <o id="92" en="Ringbearer" ja="怪しい運び屋" />
  <o id="93" en="Kulatz Bridge Companion" ja="クラウツ橋の友人" />
  <o id="94" en="Beadeaux Surveyor" ja="ベドー調査員" />
  <o id="95" en="Avenger" ja="死者を弔いし者" />
  <o id="96" en="Treasure Scavenger" ja="トレジャーハンター" />
  <o id="97" en="Airship Denouncer" ja="飛空艇伝道師" />
  <o id="98" en="Zeruhn Sweeper" ja="ツェールンスイーパー" />
  <o id="99" en="Tearjerker" ja="水辺に立つ者" />
  <o id="100" en="Crab Crusher" ja="クラブクラッシャー" />
  <o id="101" en="Star of Ifrit" ja="イフリートの空に向かう者" />
  <o id="102" en="Sorrow Drowner" ja="ラプソディコンダクター" />
  <o id="103" en="Brygid-approved" ja="ブリジッドのお墨付き" />
  <o id="104" en="Drachenfall Ascetic" ja="臥竜の験者" />
  <o id="105" en="&quot;Steaming Sheep&quot; Regular" ja="「蒸気の羊」亭の常連客" />
  <o id="106" en="Purple Belt" ja="紫帯の有段者" />
  <o id="107" en="Gustaberg Tourist" ja="グスタベルグツーリスト" />
  <o id="108" en="Sand Blaster" ja="砂の開拓者" />
  <o id="109" en="Black Death" ja="黒の死神" />
  <o id="111" en="Fresh &quot;North Winds&quot; Recruit" ja="北風団の新米" />
  <o id="112" en="New &quot;Best of the West&quot; Recruit" ja="ウェスト・オブ・ビースト" />
  <o id="113" en="New &quot;Buuma's Boomers&quot; Recruit" ja="ブーマガードの新米" />
  <o id="114" en="Heavens Tower Gatehouse Recruit" ja="天の塔前・魔戦士隊員" />
  <o id="115" en="Cat Burglar Groupie" ja="泥棒ミスラのコブン" />
  <o id="116" en="Crawler Culler" ja="クロウラーバスター" />
  <o id="117" en="Savior of Knowledge" ja="知識の守り手" />
  <o id="118" en="Star-ordained Warrior" ja="星巡りの戦士" />
  <o id="119" en="Lower than the Lowest Tunnel Worm" ja="くさったバナナ" />
  <o id="120" en="Star Onion Brigade Member" ja="スターオニオンズ団員" />
  <o id="121" en="Star Onion Brigadier" ja="オニオンヒーロー" />
  <o id="122" en="Quick Fixer" ja="お手軽修繕屋" />
  <o id="123" en="Fake-moustached Investigator" ja="つけひげの名探偵" />
  <o id="124" en="Hakkuru-Rinkuru's Benefactor" ja="ハックルリンクルの恩人" />
  <o id="125" en="S.O.B. Super Hero" ja="正義の味方" />
  <o id="126" en="Editor's Hatchet Man" ja="編集長の刺客" />
  <o id="127" en="Doctor Shantotto's Guinea Pig" ja="シャントット博士の実験台" />
  <o id="128" en="Spoilsport" ja="マナー違反者" />
  <o id="129" en="Super Model" ja="ナイスモデル" />
  <o id="130" en="Ghostie Buster" ja="ゴーストバスター" />
  <o id="131" en="Night Sky Navigator" ja="夜空の航海士" />
  <o id="132" en="Fast Food Deliverer" ja="買出し部隊員" />
  <o id="133" en="Cupid's Florist" ja="花鼻キューピッド" />
  <o id="134" en="Tarutaru Murder Suspect" ja="殺タルタル容疑者" />
  <o id="135" en="Hexer Vexer" ja="不幸な呪い師" />
  <o id="136" en="Cardian Tutor" ja="カーディアン教育者" />
  <o id="137" en="Deliverer of Tearful News" ja="銀色の涙の使者" />
  <o id="138" en="Fossilized Sea Farer" ja="太古の海人" />
  <o id="139" en="Down Piper Pipe-upperer" ja="栄光なる薔薇の笛吹き" />
  <o id="140" en="Kisser Make-upper" ja="美の開拓者" />
  <o id="141" en="Timekeeper" ja="時の旅人" />
  <o id="142" en="Fortune-teller in Training" ja="見習い占い師" />
  <o id="143" en="Torchbearer" ja="ともし火ランナー" />
  <o id="144" en="Tenshodo Member" ja="天晶堂会員" />
  <o id="145" en="Chocobo Trainer" ja="チョコボ調教師" />
  <o id="146" en="Bringer of Bliss" ja="しあわせ宅配人" />
  <o id="147" en="Activist for Kindness" ja="慈善活動家" />
  <o id="148" en="Envoy to the North" ja="北への使者" />
  <o id="149" en="Exorcist in Training" ja="エクソシスト見習い" />
  <o id="150" en="Professional Loafer" ja="街一番の油売り" />
  <o id="151" en="Clock Tower Preservationist" ja="時計塔保存嘆願者" />
  <o id="152" en="Life Saver" ja="命の恩人" />
  <o id="153" en="Fool's Errand Runner" ja="下級ツカイッパー" />
  <o id="154" en="Card Collector" ja="カードコレクター" />
  <o id="155" en="Researcher of Classics" ja="古典研究家" />
  <o id="156" en="Street Sweeper" ja="街の掃除人" />
  <o id="157" en="Mercy Errand Runner" ja="上級ツカイッパー" />
  <o id="158" en="Two's Company" ja="第一発見者" />
  <o id="159" en="Believer of Altana" ja="アルタナ教信者" />
  <o id="160" en="Trader of Mysteries" ja="迷トレーダー" />
  <o id="161" en="Trader of Antiquities" ja="お宝出品人" />
  <o id="162" en="Trader of Renown" ja="名トレーダー" />
  <o id="163" en="Brown Belt" ja="茶帯の有段者" />
  <o id="164" en="Horizon Breaker" ja="オーバー・ザ・トップ" />
  <o id="165" en="Goblin's Exclusive Fashion Mannequin" ja="ゴブリン専属モデル" />
  <o id="166" en="Summit Breaker" ja="山の頂に立つ者" />
  <o id="167" en="Sky Breaker" ja="風来坊" />
  <o id="168" en="Cloud Breaker" ja="雲入道" />
  <o id="169" en="Star Breaker" ja="ヴァナ・ディールのスター" />
  <o id="170" en="Greedalox" ja="ヨバクリ" />
  <o id="171" en="Certified Rhinostery Venturer" ja="鼻の院認可冒険者" />
  <o id="172" en="Cordon Bleu Fisher" ja="釣り名人" />
  <o id="173" en="Ace Angler" ja="釣り大名人" />
  <o id="174" en="Lu Shang-like Fisher King" ja="太公望" />
  <o id="175" en="Matchmaker" ja="愛の仲人" />
  <o id="176" en="Ecologist" ja="エコロジスト" />
  <o id="177" en="Li'l Cupid" ja="愛のキューピッド" />
  <o id="178" en="The Love Doctor" ja="キング・オブ・ラブ" />
  <o id="179" en="Savior of Love" ja="愛の救世主" />
  <o id="180" en="Honorary Citizen of Selbina" ja="セルビナ名誉市民" />
  <o id="181" en="Purveyor in Training" ja="食材調達人見習い" />
  <o id="182" en="One-star Purveyor" ja="食材調達人" />
  <o id="183" en="Two-star Purveyor" ja="目利きの調達人" />
  <o id="184" en="Three-star Purveyor" ja="調達人" />
  <o id="185" en="Four-star Purveyor" ja="調達の達人" />
  <o id="186" en="Five-star Purveyor" ja="孤高の調達人" />
  <o id="187" en="Doctor Yoran-Oran Supporter" ja="ヨランオラン博士の味方" />
  <o id="188" en="Doctor Shantotto Supporter" ja="シャントット博士の味方" />
  <o id="189" en="Professor Koru-Moru Supporter" ja="コルモル博士の味方" />
  <o id="190" en="Rainbow Weaver" ja="虹を織りし者" />
  <o id="191" en="Shadow Walker" ja="忍びの道を往く者" />
  <o id="192" en="Heir to the Holy Crest" ja="聖なる印を継ぐ者" />
  <o id="193" en="Bushido Blade" ja="ブシドー・ザ・ブレード" />
  <o id="195" en="Paragon of Paladin Excellence" ja="高雅なる大騎士" />
  <o id="196" en="Paragon of Beastmaster Excellence" ja="熾烈なる大獣使い" />
  <o id="197" en="Paragon of Ranger Excellence" ja="果敢なる大狩人" />
  <o id="198" en="Paragon of Dark Knight Excellence" ja="威風なる大暗黒騎士" />
  <o id="199" en="Paragon of Bard Excellence" ja="典麗なる大吟遊詩人" />
  <o id="200" en="Paragon of Samurai Excellence" ja="無双なる大武士" />
  <o id="201" en="Paragon of Dragoon Excellence" ja="勇猛なる大竜騎士" />
  <o id="202" en="Paragon of Ninja Excellence" ja="沈勇なる大忍者" />
  <o id="203" en="Paragon of Summoner Excellence" ja="博雅なる大召喚士" />
  <o id="206" en="New Adventurer" ja="冒険者見習い" />
  <o id="207" en="Certified Adventurer" ja="公認冒険者" />
  <o id="208" en="Shadow Banisher" ja="闇を祓いし者" />
  <o id="209" en="Tried and Tested Knight" ja="騎士の魂宿りし者" />
  <o id="210" en="Dark Sider" ja="暗き業宿りし者" />
  <o id="211" en="The Fanged One" ja="牙持つ者" />
  <o id="212" en="Have Wings, Will Fly" ja="翼持つ者" />
  <o id="213" en="Animal Trainer" ja="モンスター調教師" />
  <o id="214" en="Wandering Minstrel" ja="心の歌うたい" />
  <o id="215" en="Mog's Master" ja="モーグリのご主人さま" />
  <o id="216" en="Mog's Kind Master" ja="やさしいご主人さま" />
  <o id="217" en="Mog's Exceptionally Kind Master" ja="すてきなご主人さま" />
  <o id="218" en="Paragon of Warrior Excellence" ja="勇壮なる大戦士" />
  <o id="219" en="Paragon of Monk Excellence" ja="孤高なる大格闘家" />
  <o id="220" en="Paragon of Red Mage Excellence" ja="比類なき大赤魔道士" />
  <o id="221" en="Paragon of Thief Excellence" ja="華麗なる大盗賊" />
  <o id="222" en="Paragon of Black Mage Excellence" ja="偉大なる大黒魔道士" />
  <o id="223" en="Paragon of White Mage Excellence" ja="高潔なる大白魔道士" />
  <o id="224" en="Mog's Loving Master" ja="ラブラブご主人さま" />
  <o id="226" en="Royal Archer" ja="王国弓兵" />
  <o id="227" en="Royal Spearman" ja="王国槍兵" />
  <o id="228" en="Royal Squire" ja="王国従騎士" />
  <o id="229" en="Royal Swordsman" ja="王国剣士" />
  <o id="230" en="Royal Cavalier" ja="王国騎士" />
  <o id="231" en="Royal Guard" ja="近衛騎士" />
  <o id="232" en="Grand Knight of the Realm" ja="王国大騎士" />
  <o id="233" en="Grand Temple Knight" ja="神殿大騎士" />
  <o id="234" en="Reserve Knight Captain" ja="傭兵騎士団長" />
  <o id="235" en="Elite Royal Guard" ja="上級近衛騎士" />
  <o id="236" en="Legionnaire" ja="共和軍団兵" />
  <o id="237" en="Decurion" ja="十人隊長" />
  <o id="238" en="Centurion" ja="百人隊長" />
  <o id="239" en="Junior Musketeer" ja="准銃士" />
  <o id="240" en="Senior Musketeer" ja="正銃士" />
  <o id="241" en="Musketeer Commander" ja="銃士隊長" />
  <o id="242" en="Gold Musketeer" ja="黄金銃士" />
  <o id="243" en="Praefectus" ja="千人隊長" />
  <o id="244" en="Senior Gold Musketeer" ja="先任黄金銃士" />
  <o id="245" en="Praefectus Castrorum" ja="一番千人隊長" />
  <o id="246" en="Freesword" ja="義勇兵" />
  <o id="247" en="Mercenary" ja="傭兵" />
  <o id="248" en="Mercenary Captain" ja="傭兵隊長" />
  <o id="249" en="Combat Caster" ja="連邦魔戦士" />
  <o id="250" en="Tactician Magician" ja="連邦軍師" />
  <o id="251" en="Wise Wizard" ja="連邦賢者" />
  <o id="252" en="Patriarch Protector" ja="元老院警護隊士" />
  <o id="253" en="Caster Captain" ja="連邦魔戦隊長" />
  <o id="254" en="Master Caster" ja="筆頭魔戦隊長" />
  <o id="255" en="Mercenary Major" ja="連邦傭兵団長" />
  <o id="256" en="Fugitive Minister Bounty Hunter" ja="脱走院長追跡者" />
  <o id="257" en="King of the Opo-opos" ja="オポオポ王" />
  <o id="258" en="Excommunicate of Kazham" ja="カザム追放者" />
  <o id="259" en="Kazham Caller" ja="カザムの客人" />
  <o id="260" en="Dream Dweller" ja="夢の住人" />
  <o id="261" en="Apprentice Sommelier" ja="ソムリエ見習い" />
  <o id="262" en="Desert Hunter" ja="デザートハンター" />
  <o id="263" en="Seeker of Truth" ja="真理を垣間見た者" />
  <o id="264" en="Kuftal Tourist" ja="クフタルツーリスト" />
  <o id="265" en="The Immortal Fisher, Lu Shang" ja="不死身の太公望" />
  <o id="266" en="Looks Sublime in a Subligar" ja="サブリガを輝かせる者" />
  <o id="267" en="Looks Good in Leggings" ja="レギンスを輝かせる者" />
  <o id="268" en="Honorary Doctorate, Majoring in Tonberries" ja="トンベリ博士" />
  <o id="269" en="Treasure-house Ransacker" ja="宝物庫あらし" />
  <o id="270" en="Cracker of the Secret Code" ja="暗号？解読者" />
  <o id="271" en="Black Marketeer" ja="闇ブローカー" />
  <o id="272" en="Acquirer of Ancient Arcanum" ja="古代秘法を継ぐ者" />
  <o id="273" en="Ya Done Good" ja="アンタヤルーニャ" />
  <o id="274" en="Heir of the Great Fire" ja="大いなる火の継承者" />
  <o id="275" en="Heir of the Great Earth" ja="大いなる土の継承者" />
  <o id="276" en="Heir of the Great Water" ja="大いなる水の継承者" />
  <o id="277" en="Heir of the Great Wind" ja="大いなる風の継承者" />
  <o id="278" en="Heir of the Great Ice" ja="大いなる氷の継承者" />
  <o id="279" en="Heir of the Great Lightning" ja="大いなる雷の継承者" />
  <o id="280" en="Guider of Souls to the Sanctuary" ja="聖地に魂導く者" />
  <o id="281" en="Bearer of Bonds Beyond Time" ja="時を越えた絆持つ者" />
  <o id="282" en="Friend of the Opo-opos" ja="オポオポの友" />
  <o id="283" en="Hero on Behalf of Windurst" ja="ウィンダス代表の勇士" />
  <o id="284" en="Victor of the Balga Contest" ja="バルガ武闘会の勝利者" />
  <o id="285" en="Gullible's Travels" ja="いい人カモ" />
  <o id="286" en="Even More Gullible's Travels" ja="もっといい人カモ" />
  <o id="287" en="Heir of the New Moon" ja="新しい力の継承者" />
  <o id="288" en="Assassin Reject" ja="アサシン不採用" />
  <o id="289" en="Black Belt" ja="黒帯の有段者" />
  <o id="290" en="Vermillion Venturer" ja="紅霞の雇われハンター" />
  <o id="291" en="Cerulean Soldier" ja="蒼海の雇われハンター" />
  <o id="292" en="Emerald Exterminator" ja="翠嶺の雇われハンター" />
  <o id="293" en="Guiding Star" ja="導きの星" />
  <o id="294" en="Vestal Chamberlain" ja="魔天のしるべ" />
  <o id="295" en="San d'Orian Royal Heir" ja="次期サンドリア国王候補者" />
  <o id="296" en="Hero Among Heroes" ja="英雄なき時代の英雄" />
  <o id="297" en="Dynamis-San d'Oria Interloper" ja="デュナミス～サンドリアの踏破者" />
  <o id="298" en="Dynamis-Bastok Interloper" ja="デュナミス～バストゥークの踏破者" />
  <o id="299" en="Dynamis-Windurst Interloper" ja="デュナミス～ウィンダスの踏破者" />
  <o id="300" en="Dynamis-Jeuno Interloper" ja="デュナミス～ジュノの踏破者" />
  <o id="301" en="Dynamis-Beaucedine Interloper" ja="デュナミス～ボスディンの踏破者" />
  <o id="302" en="Dynamis-Xarcabard Interloper" ja="デュナミス～ザルカバードの踏破者" />
  <o id="303" en="Discerning Individual" ja="違いの分かるヤツ" />
  <o id="304" en="Very Discerning Individual" ja="とても違いの分かるヤツ" />
  <o id="305" en="Extremely Discerning Individual" ja="とてもとても違いの分かるヤツ" />
  <o id="306" en="Royal Wedding Planner" ja="月下氷人" />
  <o id="307" en="Consort Candidate" ja="サンドリア王子妃候補" />
  <o id="308" en="Obsidian Storm" ja="漆黒の稲妻" />
  <o id="309" en="Pentacide Perpetrator" ja="神威" />
  <o id="310" en="Wood Worshiper" ja="白樫の木彫師" />
  <o id="311" en="Lumber Lather" ja="紫檀の木彫師" />
  <o id="312" en="Accomplished Carpenter" ja="黒檀の木彫師" />
  <o id="313" en="Anvil Advocate" ja="青銅の鍛冶師" />
  <o id="314" en="Forge Fanatic" ja="黒鉄の鍛冶師" />
  <o id="315" en="Accomplished Blacksmith" ja="超鋼の鍛冶師" />
  <o id="316" en="Trinket Turner" ja="真鍮の彫金師" />
  <o id="317" en="Silver Smelter" ja="白銀の彫金師" />
  <o id="318" en="Accomplished Goldsmith" ja="黄金の彫金師" />
  <o id="319" en="Knitting Know-It-All" ja="木綿の裁縫師" />
  <o id="320" en="Loom Lunatic" ja="別珍の裁縫師" />
  <o id="321" en="Accomplished Weaver" ja="錦の裁縫師" />
  <o id="322" en="Formula Fiddler" ja="博識の錬金術師" />
  <o id="323" en="Potion Potentate" ja="神秘の錬金術師" />
  <o id="324" en="Accomplished Alchemist" ja="奇蹟の錬金術師" />
  <o id="325" en="Bone Beautifier" ja="白骨の骨彫師" />
  <o id="326" en="Shell Scrimshander" ja="亀甲の骨彫師" />
  <o id="327" en="Accomplished Boneworker" ja="珊瑚の骨彫師" />
  <o id="328" en="Hide Handler" ja="羊皮の革細工師" />
  <o id="329" en="Leather Lauder" ja="虎皮の革細工師" />
  <o id="330" en="Accomplished Tanner" ja="竜皮の革細工師" />
  <o id="331" en="Fastriver Fisher" ja="川釣りの漁師" />
  <o id="332" en="Coastline Caster" ja="磯釣りの漁師" />
  <o id="333" en="Accomplished Angler" ja="沖釣りの漁師" />
  <o id="334" en="Gourmand Gratifier" ja="炎の調理師" />
  <o id="335" en="Banquet Bestower" ja="三ツ星の調理師" />
  <o id="336" en="Accomplished Chef" ja="至高の調理師" />
  <o id="337" en="Fine Tuner" ja="死ぬ気で冒険者" />
  <o id="338" en="Friend of the Helmed" ja="仮面同盟員" />
  <o id="339" en="Tavnazian Squire" ja="タブナジア侯国騎士見習" />
  <o id="340" en="Ducal Dupe" ja="搾取される弱者" />
  <o id="341" en="Hyper Ultra Sonic Adventurer" ja="翼の名づけ親" />
  <o id="342" en="Rod Retriever" ja="勝訴の支援者" />
  <o id="343" en="Deed Verifier" ja="千骸谷の逃亡者" />
  <o id="344" en="Chocobo Love Guru" ja="チョコボの愛を解いた者" />
  <o id="345" en="Pick-up Artist" ja="ナンパな愛を解いた者" />
  <o id="346" en="Trash Collector" ja="ニィジャンスカルッヘープ" />
  <o id="347" en="Ancient Flame Follower" ja="古のほむらに触れし者" />
  <o id="348" en="Tavnazian Traveler" ja="聖者の島を訪れし者" />
  <o id="349" en="Transient Dreamer" ja="うたかたなる夢を見し者" />
  <o id="350" en="The Lost One" ja="迷いに心揺れし者" />
  <o id="351" en="Treader of an Icy Past" ja="凍てつく過去を踏みしめる者" />
  <o id="352" en="Branded by Lightning" ja="いかづちの洗礼を受けし者" />
  <o id="353" en="Seeker of the Light" ja="眩き世界を求むる者" />
  <o id="354" en="Dead Body" ja="どざえもん" />
  <o id="355" en="Frozen Dead Body" ja="ドザえもん" />
  <o id="356" en="Dreambreaker" ja="夢を断つ者" />
  <o id="357" en="Mist Melter" ja="龍に応える者" />
  <o id="358" en="Delta Enforcer" ja="デルタを狩る者" />
  <o id="359" en="Omega Ostracizer" ja="オメガになる者" />
  <o id="360" en="Ultima Undertaker" ja="アルテマになる者" />
  <o id="361" en="Ulmia's Soulmate" ja="ウルミアの理解者" />
  <o id="362" en="Tenzen's Ally" ja="テンゼンの盟友" />
  <o id="363" en="Companion of Louverance" ja="ルーヴランスの友人" />
  <o id="364" en="True Companion of Louverance" ja="真のルーヴランスの友人" />
  <o id="365" en="Prishe's Buddy" ja="プリッシュの同志" />
  <o id="366" en="Nag'molada's Underling" ja="ナグモラーダのなじみ" />
  <o id="367" en="Esha'ntarl's Comrade in Arms" ja="エシャンタールの戦友" />
  <o id="368" en="The Chebukkis' Worst Nightmare" ja="タルタル3人組の天敵" />
  <o id="369" en="Brown Mage Guinea Pig" ja="はらへにゃー" />
  <o id="370" en="Brown Magic By-Product" ja="はらピーゴロ" />
  <o id="371" en="Bastok's Second Best Dressed" ja="ベスト・オブ・サブリスト" />
  <o id="372" en="Rookie Hero Instructor" ja="冒険初心者の師匠" />
  <o id="373" en="Goblin in Disguise" ja="ゴブリン人間" />
  <o id="374" en="Apostate for Hire" ja="雇われ背信者" />
  <o id="375" en="Talks with Tonberries" ja="残党の標的" />
  <o id="376" en="Rook Buster" ja="ルーク・バスター" />
  <o id="377" en="Banneret" ja="バナレット" />
  <o id="378" en="Gold Balli☆☆☆☆star" ja="ゴールド・バリ☆☆☆☆スター" />
  <o id="379" en="Mythril Balli☆☆☆star" ja="ミスリル・バリ☆☆☆スター" />
  <o id="380" en="Silver Balli☆☆star" ja="シルバー・バリ☆☆スター" />
  <o id="381" en="Bronze Balli☆star" ja="ブロンズ・バリ☆スター" />
  <o id="382" en="Searing★Star" ja="灼熱の★軍星" />
  <o id="383" en="Striking★Star" ja="剛勇の★行星" />
  <o id="384" en="Soothing★Star" ja="白銀の★明星" />
  <o id="385" en="Sable★Star" ja="黒衣の★巨星" />
  <o id="386" en="Scarlet★Star" ja="赤心の★暁星" />
  <o id="387" en="Sonic★Star" ja="疾風の★流星" />
  <o id="388" en="Saintly★Star" ja="名誉の★瑞星" />
  <o id="389" en="Shadowy★Star" ja="無情の★将星" />
  <o id="390" en="Savage★Star" ja="百獣の★群星" />
  <o id="391" en="Singing★Star" ja="博愛の★極星" />
  <o id="392" en="Sniping★Star" ja="神速の★彗星" />
  <o id="393" en="Slicing★Star" ja="万夫の★魁星" />
  <o id="394" en="Sneaking★Star" ja="雲影の★妖星" />
  <o id="395" en="Spearing★Star" ja="竜座の★双星" />
  <o id="396" en="Summoning★Star" ja="夢幻の★遊星" />
  <o id="397" en="Putrid Purveyor of Pungent Petals" ja="ちょっと臭う人" />
  <o id="398" en="Unquenchable Light" ja="花散る嵐起こす者" />
  <o id="399" en="Ballistager" ja="バリステイジャー" />
  <o id="400" en="Ultimate Champion of the World" ja="天下無双魔阿斗戦覇者" />
  <o id="401" en="Warrior of the Crystal" ja="クリスタルの戦士" />
  <o id="402" en="Indomitable Fisher" ja="釣神流免許皆伝" />
  <o id="403" en="Averter of the Apocalypse" ja="世界の終わりを繰る者" />
  <o id="404" en="Banisher of Emptiness" ja="虚ろなる闇に涙する者" />
  <o id="405" en="Random Adventurer" ja="適当な冒険者" />
  <o id="406" en="Irresponsible Adventurer" ja="いい加減な冒険者" />
  <o id="407" en="Odorous Adventurer" ja="生臭冒険者" />
  <o id="408" en="Insignificant Adventurer" ja="歌う価値もない冒険者" />
  <o id="409" en="Final Balli☆☆☆☆star" ja="ファイナバリ☆☆☆☆スター" />
  <o id="410" en="Balli☆☆☆☆star Royale" ja="バリ☆☆☆☆スター・ロワイヤル" />
  <o id="411" en="Destined Fellow" ja="導となる者" />
  <o id="412" en="Orcish Serjeant" ja="オーキシュサージェント" />
  <o id="413" en="Bronze Quadav" ja="ブロンズクゥダフ" />
  <o id="414" en="Yagudo Initiate" ja="ヤグードイニシエート" />
  <o id="415" en="Moblin Kinsman" ja="モブリンキンズマン" />
  <o id="416" en="Sin Hunter Hunter" ja="決闘の勝利者" />
  <o id="417" en="Disciple of Justice" ja="正義の勝利者" />
  <o id="418" en="Monarch Linn Patrol Guard" ja="帝龍の飛泉調査員" />
  <o id="419" en="Team Player" ja="志を共にせし者" />
  <o id="420" en="Worthy of Trust" ja="心の糧となりし者" />
  <o id="421" en="Conqueror of Fate" ja="人の系譜を開く者" />
  <o id="422" en="Breaker of the Chains" ja="呪縛を葬りし者" />
  <o id="423" en="A Friend Indeed" ja="助け合う者" />
  <o id="424" en="Heir to the Realm of Dreams" ja="夢渡る力の継承者" />
  <o id="425" en="Gold Hook" ja="ゴールドフック" />
  <o id="426" en="Mythril Hook" ja="ミスリルフック" />
  <o id="427" en="Silver Hook" ja="シルバーフック" />
  <o id="428" en="Copper Hook" ja="カッパーフック" />
  <o id="430" en="Dynamis-Valkurm Interloper" ja="デュナミス～バルクルムの踏破者" />
  <o id="431" en="Dynamis-Buburimu Interloper" ja="デュナミス～ブブリムの踏破者" />
  <o id="432" en="Dynamis-Qufim Interloper" ja="デュナミス～クフィムの踏破者" />
  <o id="433" en="Dynamis-Tavnazia Interloper" ja="デュナミス～タブナジアの踏破者" />
  <o id="434" en="Confronter of Nightmares" ja="悪夢ヲ喰らい合ウ者" />
  <o id="435" en="Disturber of Slumber" ja="目覚めしかんなぎ" />
  <o id="436" en="Interrupter of Dreams" ja="眠り浅きまれびと" />
  <o id="437" en="Sapphire★Star" ja="青雲の★客星" />
  <o id="438" en="Surging★Star" ja="四海の★奔星" />
  <o id="439" en="Swaying★Star" ja="志操の★連星" />
  <o id="440" en="Dark Resistant" ja="冥闇への抵抗者" />
  <o id="441" en="Bearer of the Mark of Zahak" ja="双頭蛇の印背負いしモノ" />
  <o id="442" en="Seagull Phratrie Crew Member" ja="海猫党クルー" />
  <o id="443" en="Proud Automaton Owner" ja="からくりオーナー" />
  <o id="444" en="Private Second Class" ja="山猫二等傭兵" />
  <o id="445" en="Private First Class" ja="山猫一等傭兵" />
  <o id="446" en="Superior Private" ja="山猫上等傭兵" />
  <o id="447" en="Wildcat Publicist" ja="山猫宣伝員" />
  <o id="448" en="Adamantking Usurper" ja="アダマントキング　ユザーパー" />
  <o id="449" en="Overlord Overthrower" ja="オーバーロード　オーバースロワー" />
  <o id="450" en="Deity Debunker" ja="デイティーデバンカー" />
  <o id="451" en="Fafnir Slayer" ja="ファヴニル　スレーヤー" />
  <o id="452" en="Aspidochelone Sinker" ja="アスピドケロン　シンカー" />
  <o id="453" en="Nidhogg Slayer" ja="ニーズヘッグ　スレーヤー" />
  <o id="454" en="Maat Masher" ja="マート　マッシャー" />
  <o id="455" en="Kirin Captivator" ja="キリン　キャプティヴェイター" />
  <o id="456" en="Cactrot Desacelerador" ja="カクトロット　デサセレラドール" />
  <o id="457" en="Lifter of Shadows" ja="リフター　オブ　シャドーズ" />
  <o id="458" en="Tiamat Trouncer" ja="ティアマット　トラウンサー" />
  <o id="459" en="Vrtra Vanquisher" ja="ヴリトラ　ヴァンクィシャー" />
  <o id="460" en="World Serpent Slayer" ja="ワールドサーペントスレーヤー" />
  <o id="461" en="Xolotl Xtrapolator" ja="ショロトル　エクストラポレーター" />
  <o id="462" en="Boroka Beleaguerer" ja="ボロカ　ベリーガラー" />
  <o id="463" en="Ouryu Overwhelmer" ja="應龍調伏猛士" />
  <o id="464" en="Vinegar Evaporator" ja="ビネガーエヴァポレーター" />
  <o id="465" en="Virtuous Saint" ja="ヴァーチャスセイント" />
  <o id="466" en="Bye-bye, Taisai" ja="さよなら太歳" />
  <o id="467" en="Temenos Liberator" ja="テメナスリバレーター" />
  <o id="468" en="Apollyon Ravager" ja="アポリオンラベジャー" />
  <o id="469" en="Wyrm Astonisher" ja="ウィルムアストニシャー" />
  <o id="470" en="Nightmare Awakener" ja="ナイトメア　アウェイクナー" />
  <o id="471" en="Cerberus Muzzler" ja="ケルベロスマズラー" />
  <o id="472" en="Hydra Headhunter" ja="ハイドラヘッドハンター" />
  <o id="473" en="Shining Scale Rifler" ja="スケールライフラー" />
  <o id="474" en="Troll Subjugator" ja="トロールサブジュゲーター" />
  <o id="475" en="Gorgonstone Sunderer" ja="ゴーゴンストーンサンダラー" />
  <o id="476" en="Khimaira Carver" ja="キマイラカーバー" />
  <o id="477" en="Elite Einherjar" ja="エインヘリヤルエリート" />
  <o id="478" en="Star Charioteer" ja="スターチャリオッティア" />
  <o id="479" en="Sun Charioteer" ja="サンチャリオッティア" />
  <o id="480" en="Subduer of the Mamool Ja" ja="マムークサブドゥア" />
  <o id="481" en="Subduer of the Trolls" ja="ハルブーンサブドゥア" />
  <o id="482" en="Subduer of the Undead Swarm" ja="アンデッドサブドゥア" />
  <o id="483" en="Agent of the Allied Forces" ja="アルタナ同盟エージェント" />
  <o id="484" en="Scenic Snapshotter" ja="風景記録の達人" />
  <o id="485" en="Branded by the Five Serpents" ja="五蛇の烙印押されしモノ" />
  <o id="486" en="Immortal Lion" ja="蒼き獅子" />
  <o id="487" en="Paragon of Blue Mage Excellence" ja="冷厳なる大青魔道士" />
  <o id="488" en="Paragon of Corsair Excellence" ja="剛胆なる大海賊" />
  <o id="489" en="Paragon of Puppetmaster Excellence" ja="痛快なる大からくり士" />
  <o id="490" en="Lance Corporal" ja="山猫傭兵長" />
  <o id="491" en="Corporal" ja="山猫伍長" />
  <o id="492" en="Master of Ambition" ja="慧眼を断つモノ" />
  <o id="493" en="Master of Chance" ja="碧海の勝負師" />
  <o id="494" en="Master of Manipulation" ja="奔放不羈の業人" />
  <o id="495" en="Ovjang's Errand Runner" ja="アヴゼンの小間使い" />
  <o id="496" en="Sergeant" ja="山猫軍曹" />
  <o id="497" en="Sergeant Major" ja="山猫曹長" />
  <o id="498" en="Karababa's Tour Guide" ja="カラババの現地ガイド" />
  <o id="499" en="Karababa's Bodyguard" ja="カラババのボディガード" />
  <o id="500" en="Karababa's Secret Agent" ja="カラババの特命エージェント" />
  <o id="501" en="Skyserpent Aggrandizer" ja="天蛇将の遊撃隊" />
  <o id="502" en="Chief Sergeant" ja="山猫特務曹長" />
  <o id="503" en="Aphmau's Mercenary" ja="アフマウの傭兵" />
  <o id="504" en="Nashmeira's Mercenary" ja="ナシュメラの傭兵" />
  <o id="505" en="Chocorookie" ja="チョコボレースのルーキー" />
  <o id="506" en="Second Lieutenant" ja="山猫少尉" />
  <o id="507" en="Galeserpent Guardian" ja="風蛇将の教導隊" />
  <o id="508" en="Stoneserpent Shocktrooper" ja="土蛇将の突撃隊" />
  <o id="509" en="Photopticator Operator" ja="バラカフ発明品の使い手" />
  <o id="510" en="Salaheem's Risk Assessor" ja="サラヒムの斥候" />
  <o id="511" en="Treasure Trove Tender" ja="財宝の番兵" />
  <o id="512" en="Gessho's Mercy" ja="月照の介錯人" />
  <o id="513" en="Emissary of the Empress" ja="聖皇の密使" />
  <o id="514" en="Endymion Paratrooper" ja="エンディミオン空艇隊員" />
  <o id="515" en="Naja's Comrade-In-Arms" ja="ナジャの戦友" />
  <o id="516" en="Nashmeira's Loyalist" ja="ナシュメラの腹心" />
  <o id="517" en="Preventer of Ragnarok" ja="ラグナロクの調停者" />
  <o id="518" en="Champion of Aht Urhgan" ja="アトルガンの守護者" />
  <o id="519" en="First Lieutenant" ja="山猫中尉" />
  <o id="520" en="Captain" ja="山猫大尉" />
  <o id="521" en="Crystal Stakes Cupholder" ja="クリスタルステークス覇者" />
  <o id="522" en="Winning Owner" ja="勝鳥オーナー" />
  <o id="523" en="Victorious Owner" ja="猛鳥オーナー" />
  <o id="524" en="Triumphant Owner" ja="覇鳥オーナー" />
  <o id="525" en="High Roller" ja="幸運の勝負師" />
  <o id="526" en="Fortune's Favorite" ja="強運の勝負師" />
  <o id="527" en="Superhero" ja="スーパーヒーロー" />
  <o id="528" en="Superheroine" ja="スーパーヒロイン" />
  <o id="529" en="Bloody Berserker" ja="ブラッディバーサーカー" />
  <o id="530" en="The Sixth Serpent" ja="准蛇将" />
  <o id="531" en="Eternal Mercenary" ja="エターナルマーシナリー" />
  <o id="532" en="Springserpent Sentry" ja="水蛇将の親衛隊" />
  <o id="533" en="Sprightly★Star" ja="魅惑の★眩星" />
  <o id="534" en="Sagacious★Star" ja="明哲の★識星" />
  <o id="535" en="Schultz Scholar" ja="見習い軍学者" />
  <o id="536" en="Knight of the Iron Ram" ja="鉄羊騎士" />
  <o id="537" en="Fourth Division Soldier" ja="第四共和軍団兵" />
  <o id="538" en="Cobra Unit Mercenary" ja="コブラ傭兵" />
  <o id="539" en="Windtalker" ja="舞台裏の目撃者" />
  <o id="540" en="Lady Killer" ja="レディキラー" />
  <o id="541" en="Troupe Brilioth Dancer" ja="ブリリオート舞踏団ダンサー" />
  <o id="542" en="Cait Sith's Assistant" ja="ケット・シーの助手" />
  <o id="543" en="Ajido-Marujido's Minder" ja="アジドマルジドの救世主" />
  <o id="544" en="Comet Charioteer" ja="コメットチャリオッティア" />
  <o id="545" en="Moon Charioteer" ja="ムーンチャリオッティア" />
  <o id="546" en="Sandworm Wrangler" ja="サンドウォームキャッチャー" />
  <o id="547" en="Ixion Hornbreaker" ja="イクシオンホーンブレイカー" />
  <o id="548" en="Lambton Worm Desegmenter" ja="ラムトンウォームデセグメンター" />
  <o id="549" en="Pandemonium Queller" ja="パンデモニウムクウェラー" />
  <o id="550" en="Debaser of Dynasties" ja="ダイナスティディベーサー" />
  <o id="551" en="Disperser of Darkness" ja="ダークネスディスパーサー" />
  <o id="552" en="Ender of Idolatry" ja="アイドラトリーエンダー" />
  <o id="553" en="Lugh Exorcist" ja="ルー　エクソシスト" />
  <o id="554" en="Elatha Exorcist" ja="エラサ　エクソシスト" />
  <o id="555" en="Ethniu Exorcist" ja="エスニウ　エクソシスト" />
  <o id="556" en="Tethra Exorcist" ja="テスラ　エクソシスト" />
  <o id="557" en="Buarainech Exorcist" ja="ブーリンナク　エクソシスト" />
  <o id="558" en="Oupire Impaler" ja="ウピール　インペーラー" />
  <o id="559" en="Scylla Skinner" ja="スキュラ　スキンナー" />
  <o id="560" en="Zirnitra Wingclipper" ja="ジルニトラ　ウィングクリッパー" />
  <o id="561" en="Dawon Trapper" ja="ドゥントラッパー" />
  <o id="562" en="Krabkatoa Steamer" ja="クラブカタウ　スチーマー" />
  <o id="563" en="Orcus Trophy Hunter" ja="オルクス　トロフィーハンター" />
  <o id="564" en="Blobdingnag Burster" ja="ブロブディンナグ　バースター" />
  <o id="565" en="Verthandi Ensnarer" ja="ヴェルザンディ　エンスネアラー" />
  <o id="566" en="Ruthven Entomber" ja="ルスベン　エントゥーマー" />
  <o id="567" en="Yilbegan Hideflayer" ja="イルベガン　ハイドフレーヤー" />
  <o id="568" en="Torchbearer of the 1st Walk" ja="第1ウォークのトーチベアラー" />
  <o id="569" en="Torchbearer of the 2nd Walk" ja="第2ウォークのトーチベアラー" />
  <o id="570" en="Torchbearer of the 3rd Walk" ja="第3ウォークのトーチベアラー" />
  <o id="571" en="Torchbearer of the 4th Walk" ja="第4ウォークのトーチベアラー" />
  <o id="572" en="Torchbearer of the 5th Walk" ja="第5ウォークのトーチベアラー" />
  <o id="573" en="Torchbearer of the 6th Walk" ja="第6ウォークのトーチベアラー" />
  <o id="574" en="Torchbearer of the 7th Walk" ja="第7ウォークのトーチベアラー" />
  <o id="575" en="Torchbearer of the 8th Walk" ja="第8ウォークのトーチベアラー" />
  <o id="576" en="Furniture Store Owner" ja="ファーニチャーストアオーナー" />
  <o id="577" en="Armory Owner" ja="アーモリーオーナー" />
  <o id="578" en="Jewelry Store Owner" ja="ジュエリーストアオーナー" />
  <o id="579" en="Boutique Owner" ja="ブティックオーナー" />
  <o id="580" en="Apothecary Owner" ja="アポケサリオーナー" />
  <o id="581" en="Curiosity Shop Owner" ja="キュリオシティショップオーナー" />
  <o id="582" en="Shoeshop Owner" ja="シューショップオーナー" />
  <o id="583" en="Fishmonger Owner" ja="フィッシュモンガーオーナー" />
  <o id="584" en="Restaurant Owner" ja="レストランオーナー" />
  <o id="585" en="Assistant Detective" ja="ミスリル銃士隊探偵助手" />
  <o id="586" en="Promising Dancer" ja="才気あるダンサー" />
  <o id="587" en="Stardust Dancer" ja="星くずのダンサー" />
  <o id="588" en="Elegant Dancer" ja="流麗なる大舞踏家" />
  <o id="589" en="Dazzling Dance Diva" ja="輝く星の踊り子" />
  <o id="590" en="Friend of Lehko Habhoka" ja="レコ・ハボッカの友人" />
  <o id="591" en="Summa Cum Laude" ja="聡明なる大学者" />
  <o id="592" en="Grimoire Bearer" ja="グリモアを継ぐもの" />
  <o id="593" en="Seasoning Connoisseur" ja="塩ソムリエ" />
  <o id="594" en="Fine Young Griffon" ja="少年騎士団のエース" />
  <o id="595" en="Babban's Traveling Companion" ja="ウェイレアの旅の仲間" />
  <o id="596" en="Fellow Fortifier" ja="高め合う者" />
  <o id="597" en="Chocochampion" ja="チョコボレースのホープ" />
  <o id="598" en="Traverser of Time" ja="往代を巡りし者" />
  <o id="599" en="Mythril Musketeer No. 6" ja="ミスリル銃士隊No.6" />
  <o id="600" en="Jewel of the Cobra Unit" ja="コブラ傭兵団の秘蔵っ子" />
  <o id="601" en="Knight of the Swiftwing Griffin" ja="鷲獅子騎士" />
  <o id="602" en="Wyrmsworn Protector" ja="気高き龍の盟友" />
  <o id="603" en="Flameserpent Facilitator" ja="炎蛇将の特攻隊" />
  <o id="604" en="Maze Wanderer" ja="迷宮を彷徨う者" />
  <o id="605" en="Maze Navigator" ja="迷宮を行交う者" />
  <o id="606" en="Maze Scholar" ja="迷宮を知る者" />
  <o id="607" en="Maze Artisan" ja="迷宮を創る者" />
  <o id="608" en="Maze Overlord" ja="迷宮を統べる者" />
  <o id="609" en="Swarminator" ja="スウォーミネーター" />
  <o id="610" en="Battle of Jeuno Veteran" ja="ジュノ攻防戦の功労者" />
  <o id="611" en="Grand Greedalox" ja="ゴウツバクリ" />
  <o id="612" en="Karaha-Baruha's Research Assistant" ja="隠者の協力者" />
  <o id="613" en="Honorary Knight of the Cardinal Stag" ja="赤鹿の名誉騎士" />
  <o id="614" en="Detector of Deception" ja="仮面を砕きし者" />
  <o id="615" en="Silencer of the Echo" ja="神の頌歌に返せる者" />
  <o id="616" en="Bestrider of Futures" ja="境界に生きる者" />
  <o id="617" en="Mog House Handyperson" ja="モグハウス・キーパー" />
  <o id="618" en="Presidential Protector" ja="真実を追う者" />
  <o id="619" en="The Moon's Companion" ja="星月に寄り添う者" />
  <o id="620" en="Arrester of the Ascension" ja="シャントット帝国反乱分子" />
  <o id="621" en="House Aurchiat Retainer" ja="伯爵家の客分" />
  <o id="622" en="Wanderer of Time" ja="失はれた者" />
  <o id="623" en="Smiter of the Shadow" ja="シャドウスマイター" />
  <o id="624" en="Heir of the Blessed Radiance" ja="大いなる天光の継承者" />
  <o id="625" en="Heir of the Blighted Gloom" ja="大いなる冥闇の継承者" />
  <o id="626" en="Sworn to the Dark Divinity" ja="冥路の騎士" />
  <o id="627" en="Temperer of Mythril" ja="ミスリル銃士隊No.0" />
  <o id="628" en="Star in the Azure Sky" ja="蒼天のしるべ" />
  <o id="629" en="Fangmonger Forestaller" ja="コロッサスデストロイヤー" />
  <o id="630" en="Visitor to Abyssea" ja="異界の訪問者" />
  <o id="631" en="Friend of Abyssea" ja="異界の協力者" />
  <o id="632" en="Warrior of Abyssea" ja="異界の戦士" />
  <o id="633" en="Stormer of Abyssea" ja="異界の強襲者" />
  <o id="634" en="Devastator of Abyssea" ja="異界の破壊者" />
  <o id="635" en="Hero of Abyssea" ja="異界の勇者" />
  <o id="636" en="Champion of Abyssea" ja="異界の英雄" />
  <o id="637" en="Conqueror of Abyssea" ja="異界の覇者" />
  <o id="638" en="Savior of Abyssea" ja="異界の救世主" />
  <o id="639" en="Vanquisher of Spite" ja="盤上の覇者" />
  <o id="640" en="Hadhayosh Halterer" ja="ハダヨッシュホルタラー" />
  <o id="641" en="Briareus Feller" ja="ブリアレオスフェラー" />
  <o id="642" en="Karkinos Clawcrusher" ja="カルキノスクロークラッシャー" />
  <o id="643" en="Carabosse Quasher" ja="カラボスクワッシャー" />
  <o id="644" en="Ovni Obliterator" ja="オヴニオブリテレイター" />
  <o id="645" en="Ruminator Confounder" ja="ルミネイターコンファウンダー" />
  <o id="646" en="Eccentricity Expunger" ja="エクセントリセティエクスパンジャー" />
  <o id="647" en="Fistule Drainer" ja="フィスチュルドレイナー" />
  <o id="648" en="Kukulkan Defanger" ja="ククルカンデファンガー" />
  <o id="649" en="Turul Grounder" ja="トゥルルグラウンダー" />
  <o id="650" en="Bloodeye Banisher" ja="ブラッドアイバニッシャー" />
  <o id="651" en="Satiator Depriver" ja="セイシエーターデプライバー" />
  <o id="652" en="Iratham Capturer" ja="イラタムキャプチャラー" />
  <o id="653" en="Lacovie Capsizer" ja="ラコビキャプサイザー" />
  <o id="654" en="Chloris Uprooter" ja="クロリスアップルーター" />
  <o id="655" en="Myrmecoleon Tamer" ja="メルメコレオンテイマー" />
  <o id="656" en="Glavoid Stampeder" ja="グラヴォイドスタンピーダー" />
  <o id="657" en="Usurper Deposer" ja="ユーサーパーデポーザー" />
  <o id="658" en="Yaanei Crasher" ja="ヤーネイ　クラッシャー" />
  <o id="659" en="Kutharei Unhorser" ja="クタレイ　アンホーサー" />
  <o id="660" en="Sippoy Capturer" ja="シポイ　キャプチャラー" />
  <o id="661" en="Titlacauan Dismemberer" ja="ティトラカワン　ディスメンベラー" />
  <o id="662" en="Smok Defogger" ja="ズモク　ディフォッガー" />
  <o id="663" en="Amhuluk Inundater" ja="アムルック　イナンデーター" />
  <o id="664" en="Pulverizer Dismantler" ja="パルバライザー　ディスマンテラー" />
  <o id="665" en="Durinn Deceiver" ja="ドゥリン　ディシーバー" />
  <o id="666" en="Karkadann Exoculator" ja="カーカダン　エクスオキュレーター" />
  <o id="667" en="Ulhuadshi Desiccator" ja="ウルハドシ　デシケーター" />
  <o id="668" en="Itzpapalotl Declawer" ja="イツパパロツル　ディクローアー" />
  <o id="669" en="Sobek Mummifier" ja="ソベク　マミファイアー" />
  <o id="670" en="Cirein-croin Harpooner" ja="キレイン・キロイン　ハープーナー" />
  <o id="671" en="Bukhis Tetherer" ja="ブッキス　テザラー" />
  <o id="672" en="Sedna Tuskbreaker" ja="セドナ　タスクブレーカー" />
  <o id="673" en="Cleaver Dismantler" ja="クリーバー　ディスマンテラー" />
  <o id="674" en="Executioner Dismantler" ja="エクセキュショナー　ディスマンテラー" />
  <o id="675" en="Severer Dismantler" ja="セバラー　ディスマンテラー" />
  <o id="676" en="Lusca Debunker" ja="ルスカ　ディバンカー" />
  <o id="677" en="Tristitia Deliverer" ja="トリスティシア　デリバラー" />
  <o id="678" en="Ketea Beacher" ja="ケテア　ビーチャー" />
  <o id="679" en="Rani Decrowner" ja="ラーニー　デクラウナー" />
  <o id="680" en="Orthrus Decapitator" ja="オルトロス　デカピテーター" />
  <o id="681" en="Dragua Slayer" ja="ドラグア　スレイヤー" />
  <o id="682" en="Bennu Deplumer" ja="ベンヌ　デプルーマー" />
  <o id="683" en="Hedjedjet Destinger" ja="ヘデデット　デスティンガー" />
  <o id="684" en="Cuijatender Desiccator" ja="クイジャテンダー　デシケイター" />
  <o id="685" en="Brulo Extinguisher" ja="ブルーロ　エクスティングイシャー" />
  <o id="686" en="Pantokrator Disprover" ja="パントクラトル　ディスプルーバー" />
  <o id="687" en="Apademak Annihilator" ja="アペデマク　アナイアレーター" />
  <o id="688" en="Isgebind Defroster" ja="イスゲビンド　デフロスター" />
  <o id="689" en="Resheph Eradicator" ja="レシェフ　エラディケイター" />
  <o id="690" en="Empousa Expurgator" ja="エンプーサ　エクスパーゲイター" />
  <o id="691" en="Indrik Immolator" ja="インドリック　イモレイター" />
  <o id="692" en="Ogopogo Overturner" ja="オゴポゴ　オウバーターナー" />
  <o id="693" en="Raja Regicide" ja="ラージャー　レジサイド" />
  <o id="694" en="Alfard Detoxifier" ja="アルファルド　デトックシファイアー" />
  <o id="695" en="Azdaja Abolisher" ja="アジュダヤ　アボリシャー" />
  <o id="696" en="Amphitrite Shucker" ja="アムピトリーテー　シャッカー" />
  <o id="697" en="Fuath Purifier" ja="フーア　ピュリファイアー" />
  <o id="698" en="Killakriq Excoriator" ja="キラクリック　エクスコリエイター" />
  <o id="699" en="Maere Bestirrer" ja="メーア　ベスターラー" />
  <o id="700" en="Wyrm God Defier" ja="神竜を葬りし者" />
  <o id="701" en="Hahava Condemner" ja="ハハヴァ　コンデンマー" />
  <o id="702" en="Celaeno Silencer" ja="セラエノ　サイレンサー" />
  <o id="703" en="Voidwrought Deconstructor" ja="ヴォイドロート　デコンストラクター" />
  <o id="704" en="Devourer of Shadows" ja="デバウアー　オブ　シャドーズ" />
  <o id="705" en="Kaggen Clobberer" ja="カッゲン　クロッバラー" />
  <o id="706" en="Akvan Absterger" ja="アクヴァン　アブスタージャー" />
  <o id="707" en="Pil Unfrocker" ja="フィル　アンフロッカー" />
  <o id="708" en="Qilin Contravener" ja="チーリン　コントラビーナー" />
  <o id="709" en="Uptala Reprobator" ja="ウプタラ　レプロベーター" />
  <o id="710" en="Aello Abator" ja="アイエロ　アベイター" />
  <o id="711" en="Torchbearer of the 9th Walk" ja="第9ウォークのトーチベアラー" />
  <o id="712" en="Torchbearer of the 10th Walk" ja="第10ウォークのトーチベアラー" />
  <o id="713" en="Torchbearer of the 11th Walk" ja="第11ウォークのトーチベアラー" />
  <o id="714" en="Nightmare Illuminator" ja="ナイトメア　イルミネーター" />
  <o id="715" en="Gaunab Gutter" ja="ガウナブ　ガッター" />
  <o id="716" en="Kalasutrax Cremator" ja="カラストラクス　クリーメーター" />
  <o id="717" en="Ocythoe Overrider" ja="オシトエ　オバーライダー" />
  <o id="718" en="Ig-Alima Inhumer" ja="イッグ・アリマ　インヒューマー" />
  <o id="719" en="Botulus Rex Engorger" ja="ボチュルス・レックス　エンゴージャー" />
  <o id="720" en="Torchbearer of the 12th Walk" ja="第12ウォークのトーチベアラー" />
  <o id="721" en="Torchbearer of the 13th Walk" ja="第13ウォークのトーチベアラー" />
  <o id="722" en="Torchbearer of the 14th Walk" ja="第14ウォークのトーチベアラー" />
  <o id="723" en="Torchbearer of the 15th Walk" ja="第15ウォークのトーチベアラー" />
  <o id="724" en="Delver of the Depths" ja="未踏領域を踏破せし者" />
  <o id="725" en="Subjugator of the Lofty" ja="ロフティレギオン　サブジュゲーター" />
  <o id="726" en="Subjugator of the Mired" ja="マイアーレギオン　サブジュゲーター" />
  <o id="727" en="Subjugator of the Soaring" ja="ソアリングレギオン　サブジュゲーター" />
  <o id="728" en="Subjugator of the Veiled" ja="ベールレギオン　サブジュゲーター" />
  <o id="729" en="Legendary Legionnaire" ja="パラマウントレギオン　サブジュゲーター" />
  <o id="730" en="Witness to Provenance" ja="原初の輝きに触れし者" />
  <o id="731" en="Bismarck Flenser" ja="ビスマルク　フレンサー" />
  <o id="732" en="Morta Extirpator" ja="モルタ　エクスターペイター" />
  <o id="733" en="Unsung Heroine" ja="アンサングヒロイン" />
  <o id="734" en="Epic Heroine" ja="エピックヒロイン" />
  <o id="735" en="Epic Einherjar" ja="エインヘリヤルエピック" />
  <o id="736" en="Mender of Wings" ja="翼を抱きし者" />
  <o id="737" en="Champion of the Dawn" ja="アルタナの神兵" />
  <o id="738" en="Bushin Aspirant" ja="武神の門出に立つ者" />
  <o id="739" en="Bushin-Ryu Inheritor" ja="武神流免許皆伝" />
  <o id="740" en="Temenos Emancipator" ja="テメナスエマンシペーター" />
  <o id="741" en="Apollyon Razer" ja="アポリオンレイザー" />
  <o id="742" en="Goldwing Squasher" ja="ゴールドウィング　スクァッシャー" />
  <o id="743" en="Silagilith Detonator" ja="サイレジャリス　デトネーター" />
  <o id="744" en="Surtr Smotherer" ja="スルト　スマザラー" />
  <o id="745" en="Dreyruk Predominator" ja="ドレールック　プレドミネーター" />
  <o id="746" en="Samursk Vitiator" ja="サムルスク　ビティエター" />
  <o id="747" en="Umagrhk Manemangler" ja="ウマゲルク　メーンマングラー" />
  <o id="748" en="Supernal Savant" ja="スパーナルサバント" />
  <o id="749" en="Solar Sage" ja="ソーラーセージ" />
  <o id="750" en="Bolide Baron" ja="ボライドバロン" />
  <o id="751" en="Moon Maven" ja="ムーンメーヴェン" />
  <o id="752" en="Izyx Vexer" ja="イジックス　ヴェックサー" />
  <o id="753" en="Grannus Garroter" ja="グランナス　ガロッター" />
  <o id="754" en="Svaha Striker" ja="スヴァッハ　ストライカー" />
  <o id="755" en="Melisseus Domesticator" ja="メリシアス　ドメステケイター" />
  <o id="756" en="Waterway Exemplar" ja="ウォーターウェー　エグゼンプラー" />
  <o id="757" en="Cavern Exemplar" ja="カーヴァン　エグゼンプラー" />
  <o id="758" en="Muyingwa Wingcrusher" ja="ムイングワ　ウイングクラッシャー" />
  <o id="759" en="Dakuwaqa Trawler" ja="ダクワカ　トローラー" />
  <o id="760" en="Tojil Douser" ja="トヒル　ダウザー" />
  <o id="761" en="Colkhab Dethroner" ja="コルカブ　デスローナー" />
  <o id="762" en="Achuka Glaciator" ja="アチュカ　グレイシエイター" />
  <o id="763" en="Tchakka Desiccator" ja="チャッカ　デシケイター" />
  <o id="764" en="Weald Exemplar" ja="ウィールド　エグゼンプラー" />
  <o id="765" en="Hurkan Birdlimeist" ja="フルカン　バードライミスト" />
  <o id="766" en="Yumcax Logger" ja="ユムカクス　ローガー" />
  <o id="767" en="Colkhab Hivecrusher" ja="コルカブ　ハイヴクラッシャー" />
  <o id="768" en="Achuka Coagulator" ja="アチュカ　コアギュレイター" />
  <o id="769" en="Tchakka Filleter" ja="チャッカ　フィレーヤー" />
  <o id="770" en="Rabbit Tussler" ja="ラビット　タッスラー" />
  <o id="771" en="Helminth Mincer" ja="ヘルミンス　ミンサー" />
  <o id="772" en="Mandragardener" ja="マンドラ　ガーデナー" />
  <o id="773" en="Moppet Massacrer" ja="モペット　マサカーラー" />
  <o id="774" en="Rip-roaring Limbrender" ja="ローリング　リムレンダー" />
  <o id="775" en="Shell Shocker" ja="シェル　ショッカー" />
  <o id="776" en="Yagudo Coopkeeper" ja="ヤグード　クップキーパー" />
  <o id="777" en="Gigasplosion Expert" ja="ギガスプロード　エキスパート" />
  <o id="778" en="Brother-in-arms" ja="ブラザーインアームズ" />
  <o id="779" en="Antica Hunter" ja="アンティカ　ハンター" />
  <o id="780" en="Amphibian Adulterator" ja="アンフィ　アダルタレイター" />
  <o id="781" en="Tonberry Toppler" ja="トンベリ　トップラー" />
  <o id="782" en="Bloodline Corrupter" ja="ブラッドライン　コラプター" />
  <o id="783" en="Kumhau Roaster" ja="クムハウ　ロースター" />
  <o id="784" en="Brilliance Manifest" ja="ブリリアンス　マニフェスト" />
  <o id="785" en="Quieter of Ancient Thoughts" ja="エンシェントソート　クワイエター" />
  <o id="786" en="Ark Hume Humiliator" ja="アークヒューム　ヒューミリアター" />
  <o id="787" en="Ark Elvaan Eviscerator" ja="アークエルヴァーン　エビサレイター" />
  <o id="788" en="Ark Mithra Maligner" ja="アークミスラ　マライナー" />
  <o id="789" en="Ark Tarutaru Trouncer" ja="アークタルタル　トラウンサー" />
  <o id="790" en="Ark Galka Gouger" ja="アークガルカ　ガウジャー" />
  <o id="791" en="Pentarch Pacifier" ja="ペンターク　パシファイアー" />
  <o id="792" en="Dream Distiller" ja="ドリーム　デスティラー" />
  <o id="793" en="Ra'Kaznar Exemplar" ja="ラ・カザナル　エグゼンプラー" />
  <o id="794" en="Utkux Peltburner" ja="アットクックス　ペルトバーナー" />
  <o id="795" en="Cailimh Plumageplucker" ja="カイルイム　プルメッジプラッカー" />
  <o id="796" en="Wopket Trunksplitter" ja="ウォップケット　トランクスプリッター" />
  <o id="797" en="Ouryu Obfuscator" ja="オウリュウ　オブフスケイター" />
  <o id="798" en="Unwavering Blaze" ja="アンウェーヴ　ブレイズ" />
  <o id="799" en="Lancelord Divester" ja="ランスロード　ディベスター" />
  <o id="800" en="Gessho Pinioner" ja="ゲッショー　ピニオナー" />
  <o id="801" en="Sin Purger" ja="シン　パージャー" />
  <o id="802" en="Adumbration Disperser" ja="アダンブレイション　デスパーサー" />
  <o id="803" en="Queller of Otherworldly Gales" ja="ゲール　クウェラー" />
  <o id="804" en="Blaze Marshaller" ja="ブレイズ　マーシャラー" />
  <o id="805" en="Penitentes Blaster" ja="ペニテンテズ　ブラスター" />
  <o id="806" en="Sirocco Tamer" ja="シロッコ　テイマー" />
  <o id="807" en="Suchian Feller" ja="スキアン　フェラー" />
  <o id="808" en="Ombifid Slayer" ja="オンビフィッド　スレイヤー" />
  <o id="809" en="Nilotican Decimator" ja="ニロチカン　デシメーター" />
  <o id="810" en="Illuminator of the 1st Walk" ja="第1ウォークのイルミネーター" />
  <o id="811" en="Illuminator of the 2nd Walk" ja="第2ウォークのイルミネーター" />
  <o id="812" en="Illuminator of the 3rd Walk" ja="第3ウォークのイルミネーター" />
  <o id="813" en="Illuminator of the 4th Walk" ja="第4ウォークのイルミネーター" />
  <o id="814" en="Illuminator of the 5th Walk" ja="第5ウォークのイルミネーター" />
  <o id="815" en="Illuminator of the 6th Walk" ja="第6ウォークのイルミネーター" />
  <o id="816" en="Illuminator of the 7th Walk" ja="第7ウォークのイルミネーター" />
  <o id="817" en="Illuminator of the 8th Walk" ja="第8ウォークのイルミネーター" />
  <o id="818" en="Illuminator of the 9th Walk" ja="第9ウォークのイルミネーター" />
  <o id="819" en="Illuminator of the 10th Walk" ja="第10ウォークのイルミネーター" />
  <o id="820" en="Illuminator of the 11th Walk" ja="第11ウォークのイルミネーター" />
  <o id="821" en="Illuminator of the 12th Walk" ja="第12ウォークのイルミネーター" />
  <o id="822" en="Illuminator of the 13th Walk" ja="第13ウォークのイルミネーター" />
  <o id="823" en="Illuminator of the 14th Walk" ja="第14ウォークのイルミネーター" />
  <o id="824" en="Illuminator of the 15th Walk" ja="第15ウォークのイルミネーター" />
  <o id="825" en="Lithosphere Annihilator" ja="リソスフィア　アナイアレーター" />
  <o id="826" en="Fulmination Disruptor" ja="フルミネーション　ディスラプター" />
  <o id="827" en="Bore Repulsor" ja="ボア　リパルサー" />
  <o id="828" en="Palloritus Punisher" ja="パロリタス　パニシャー" />
  <o id="829" en="Putraxia Pulverizer" ja="ピュトラクシア　パルバライザー" />
  <o id="830" en="Rancibus Ravager" ja="ランシバス　ラバジャー" />
  <o id="831" en="Alluvion Assailant" ja="アルビオン　アセーラント" />
  <o id="832" en="Perfidien Paindealer" ja="パフィディアン　ペインディーラー" />
  <o id="833" en="Plouton Pincer" ja="プルートン　ピンサー" />
  <o id="834" en="Fleetstalker Fileter" ja="フリートストーカー　フィレーヤー" />
  <o id="835" en="Shockmaw Subjugator" ja="ショックモー　サブジュゲーター" />
  <o id="836" en="Geodancer" ja="見習い風水士" />
  <o id="837" en="Runic Engraver" ja="ルーンを刻みし者" />
  <o id="838" en="Apprentice Tarutaru Sauce Manager" ja="タルタル★ソース・マネージャー見習い" />
  <o id="839" en="Vegetable Revolutionary" ja="ベジタブルレボリューションヘルパー" />
  <o id="840" en="Friend to Gluttons" ja="食いしん坊の友" />
  <o id="841" en="Waypoint Warrior" ja="シャルルのお気に入り" />
  <o id="842" en="Ulbukan Stalwart" ja="混沌への抵抗者" />
  <o id="843" en="Toxin Tussler" ja="どくどくざえもん" />
  <o id="844" en="Spiritual★Star" ja="万象の★地星" />
  <o id="845" en="Stippling★Star" ja="刻印の★剣星" />
  <o id="846" en="Geomancipator" ja="自然の理解者" />
  <o id="847" en="Trialed-and-True Runeist" ja="理の執行者" />
  <o id="848" en="Queen's Confidante" ja="女王の信頼を得し者" />
  <o id="849" en="Princess's Partisan" ja="若姫さまの守り手" />
  <o id="850" en="Potation Pathfinder" ja="ドリンクエクスプローラー" />
  <o id="851" en="Storied Geomancer" ja="深淵なる大風水士" />
  <o id="852" en="Ultimate Runeist" ja="灼然なる大魔導剣士" />
  <o id="853" en="Mog Garden Seedling" ja="モグガーデンのタマゴ" />
  <o id="854" en="Kit Empathizer" ja="にぅにぅオーナー" />
  <o id="855" en="Jingly Dangler" ja="ちゃりちゃりオーナー" />
  <o id="856" en="Mole Manipulator" ja="アニキのオーナー" />
  <o id="857" en="Agrarian Novice" ja="農耕初心者" />
  <o id="858" en="Agrarian Initiate" ja="農耕中級者" />
  <o id="859" en="Agrarian Professional" ja="農耕上級者" />
  <o id="860" en="Agrarian Virtuoso" ja="農耕の達人" />
  <o id="861" en="Agrarian Tutelar" ja="農耕の超人" />
  <o id="862" en="Weed Praetor" ja="草木の守り手" />
  <o id="863" en="Tree Praetor" ja="樹木の守り手" />
  <o id="864" en="Thicket Praetor" ja="林の守り手" />
  <o id="865" en="Forest Praetor" ja="森の守り手" />
  <o id="866" en="Jungle Praetor" ja="ジャングルの守り手" />
  <o id="867" en="Copper Mattock" ja="カッパーマトック" />
  <o id="868" en="Silver Mattock" ja="シルバーマトック" />
  <o id="869" en="Mythril Mattock" ja="ミスリルマトック" />
  <o id="870" en="Gold Mattock" ja="ゴールドマトック" />
  <o id="871" en="Adamanttock" ja="アダマンマトック" />
  <o id="872" en="Puddle Patron" ja="水溜まり師匠" />
  <o id="873" en="Swamp Savant" ja="沼師匠" />
  <o id="874" en="Pond Preceptor" ja="池師匠" />
  <o id="875" en="River Regent" ja="渓流師匠" />
  <o id="876" en="Monke-Onke Master" ja="モンケオンケ師匠" />
  <o id="877" en="Sardineophyte" ja="サーディンちゃん" />
  <o id="878" en="Calamareeler" ja="カラマリちゃん" />
  <o id="879" en="Octopotentate" ja="オクトパちゃん" />
  <o id="880" en="Giant Squimperator" ja="スキッドちゃん" />
  <o id="881" en="Leviauthority" ja="リヴァイアちゃん" />
  <o id="882" en="Novice Nurseryman" ja="園丁" />
  <o id="883" en="Lesser Landscaper" ja="主任庭師" />
  <o id="884" en="Greater Gardener" ja="上級庭師" />
  <o id="885" en="Honored Horticulturist" ja="宮廷庭師" />
  <o id="886" en="Mog Gardener" ja="モグガーデナー" />
  <o id="887" en="Brygidesque Manager" ja="ブリジッド系マネージャー見習い" />
  <o id="888" en="Vegetable Evolutionary" ja="ベジタブルエボリューションヘルパー" />
  <o id="889" en="Blade Enthusiast" ja="魔導マニア" />
  <o id="890" en="Runic Emissary" ja="ルーン宅配人" />
  <o id="891" en="Maester of Maddening" ja="焦らしマイスター" />
  <o id="892" en="Sunshine Cadet" ja="雲飛ばす東風" />
  <o id="893" en="Quartet Captivator" ja="クワッどコア" />
  <o id="894" en="The Trustworthy" ja="信頼・親愛・友情を抱く者" />
  <o id="895" en="The Lovelorn" ja="ラブラブウォッチャー" />
  <o id="896" en="Inventor Extraordinaire" ja="INV.ワークスツカイッパー" />
  <o id="897" en="Boomy and Busty" ja="お遊戯王" />
  <o id="898" en="Weatherer of Brumal Climes" ja="絶零の開拓者" />
  <o id="899" en="White Knight" ja="姫を救いし勇者" />
  <o id="900" en="Light of Dawn" ja="大いなる暁の継承者" />
  <o id="901" en="Observer of Fateful Cubes" ja="一天地六の観測者" />
  <o id="902" en="Knower of Untruths" ja="無知なる知者" />
  <o id="903" en="Ulbukan Understudy" ja="ウルブカの守護者見習い" />
  <o id="904" en="Keeper of Ulbuka" ja="ウルブカの守護者" />
  <o id="905" en="Radiance of Daybreak" ja="暁の光" />
  <o id="906" en="Wibbly Wobbly Woozy Warrior" ja="あばばばヒーラー" />
  <o id="907" en="Heir of Eternity" ja="大いなる時の継承者" />
  <o id="908" en="Prospective Pamperer" ja="初級なでなで士" />
  <o id="909" en="Novice Nuzzler" ja="下級なでなで士" />
  <o id="910" en="Serious Snuggler" ja="上級なでなで士" />
  <o id="911" en="Cultivated Coddler" ja="特級なでなで士" />
  <o id="912" en="Respected Ruffler" ja="なでなで魔神" />
  <o id="913" en="Dung Disseminator" ja="生き物係" />
  <o id="914" en="Fauna Feeder" ja="牧童" />
  <o id="915" en="Confident Caretaker" ja="牧人" />
  <o id="916" en="Glorious Groomer" ja="牧場主" />
  <o id="917" en="Transcendental Tamer" ja="牧畜マスター" />
  <o id="918" en="Bond-building Breeder" ja="心つながるモンスター" />
  <o id="919" en="Clumsy Cleaver" ja="解剖学生" />
  <o id="920" en="Disciplined Dissector" ja="解剖術士" />
  <o id="921" en="Established Examiner" ja="解剖マスター" />
  <o id="922" en="Sublime Slicer" ja="命をかける飼育士" />
  <o id="923" en="Lifter of Spirits" ja="悲嘆の淵の救済者" />
  <o id="924" en="Shedder of Harlequin Tears" ja="ゲームの勝者" />
  <o id="925" en="Hope for the Future" ja="暁の輝き" />
  <o id="926" en="Thousand-Year Traveler" ja="一千年の旅人" />
  <o id="927" en="Vanquisher of Ashrakk" ja="怪霊を討滅せし者" />
  <o id="928" en="Vanquisher of Dhokmak" ja="変妖を討滅せし者" />
  <o id="929" en="Protected by Ulbukan Spirits" ja="英霊の加護ありし者" />
  <o id="930" en="Receiver of Sigils" ja="聖痕の受難者" />
  <o id="931" en="Destroyer of Hades" ja="冥王を討ちし者" />
  <o id="932" en="Bringer of the Dawn" ja="暁の先導者" />
  <o id="933" en="The One True Pioneer" ja="アドゥリンの真なる開拓者" />
  <o id="934" en="Bringer of Hope" ja="希望の先導者" />
  <o id="935" en="Good Dew-er" ja="アドゥリンの露騎士候補" />
  <o id="936" en="Lifecycler" ja="森羅" />
  <o id="937" en="Sword Saint" ja="剣聖" />
  <o id="938" en="The Fated" ja="運命を知った者" />
  <o id="939" en="Protector of the Sacred City" ja="アドゥリンを守りし者" />
  <o id="940" en="Urmahlullu Usurper" ja="ウルマフール　ウサーパー" />
  <o id="941" en="Blazewing Berater" ja="ブレイズウィング　ビレーター" />
  <o id="942" en="Coven Collapser" ja="カヴン　カラプサー" />
  <o id="943" en="Pazuzu Perplexer" ja="パズズ　パプレックサー" />
  <o id="944" en="Wrathare Waxer" ja="ラースヘア　ワックサー" />
  <o id="945" en="Lupine Liquidator" ja="ルーパイン　リクィデーター" />
  <o id="946" en="Ruby Repulser" ja="ルビー　リパルサー" />
  <o id="947" en="Devil's Demise" ja="デヴィル　ディマイズ" />
  <o id="948" en="Custodian of Ulbuka" ja="カストーディアン　オブ　ウルブカ" />
  <o id="949" en="Azi Dahaka Annihilator" ja="アジダハーカ　アナイアレーター" />
  <o id="950" en="Naga Raja Nullifier" ja="ナーガラージャ　ナリファイヤー" />
  <o id="951" en="Quetzalcoatl Plucker" ja="ケツァルコアトル　プラッカー" />
  <o id="952" en="Pakecet Pacifier" ja="パキケト　パシファイヤー" />
  <o id="953" en="Duke Vepar Vanquisher" ja="デュークヴェパー　ヴァンキシャー" />
  <o id="954" en="Vir'ava Vegetator" ja="ヴィラーヴァ　ヴェジテーター" />
  <o id="955" en="Byakko Tamer" ja="ビャッコ　テイマー" />
  <o id="956" en="Genbu Cracker" ja="ゲンブ　クラッカー" />
  <o id="957" en="Seiryu Clipper" ja="セイリュウ　クイッパー" />
  <o id="958" en="Suzaku Plucker" ja="スザク　プラッカー" />
  <o id="959" en="Kirin Dismantler" ja="キリン　ディスマンテラー" />
  <o id="960" en="Vanquisher of Apathy" ja="無知を消し去るもの" />
  <o id="961" en="Vanquisher of Cowardice" ja="怯懦を消し去るもの" />
  <o id="962" en="Vanquisher of Envy" ja="嫉妬を消し去るもの" />
  <o id="963" en="Vanquisher of Arrogance" ja="驕慢を消し去るもの" />
  <o id="964" en="Vanquisher of Rage" ja="憎悪を消し去るもの" />
  <o id="965" en="Purger of the Warder" ja="番人を打ち破ったもの" />
  <o id="966" en="Conquerer of Fear" ja="コンカラー　オブ　フィアー" />
  <o id="967" en="Dawn's Delight" ja="ドーン　ディライト" />
  <o id="968" en="Maju Mauler" ja="マジュー　モーラー" />
  <o id="969" en="Yakshi Yanker" ja="ヤクシー　ヤンカー" />
  <o id="970" en="Neak Nullifier" ja="ニーク　ナリファイア" />
  <o id="971" en="Teles Terrifier" ja="テレス　リペラー" />
  <o id="972" en="Assistant Extraordinaire" ja="最高の助手" />
  <o id="973" en="Exalted Fisherman" ja="釣神" />
  <o id="974" en="Sauce Supreme" ja="タルタル★ソース・いっぱしマネージャー" />
  <o id="975" en="Fish Whisperer" ja="一竿入魂の太公望" />
  <o id="976" en="Abyssal Purveyor" ja="深淵を覗く者" />
  <o id="977" en="Banisher of the Profane" ja="享楽と悪意を退けし者" />
  <o id="978" en="Spirit Seeker" ja="魂の眼を持つ者" />
  <o id="979" en="One-Eyed Jack" ja="ピュラクモンの真実を知る者" />
  <o id="980" en="Curator Culler" ja="キュレーター　カラー" />
  <o id="981" en="Master Centurion" ja="ファイターマスター" />
  <o id="982" en="Master Brawler" ja="テンプルマスター" />
  <o id="983" en="Master Healer" ja="ヒーラーマスター" />
  <o id="984" en="Master Wizard" ja="ウィザードマスター" />
  <o id="985" en="Master Warlock" ja="ワーロックマスター" />
  <o id="986" en="Master Rogue" ja="ローグマスター" />
  <o id="987" en="Master Templar" ja="ガラントマスター" />
  <o id="988" en="Master Soulstealer" ja="カオスマスター" />
  <o id="989" en="Master Tamer" ja="ビーストマスター" />
  <o id="990" en="Master Lyricist" ja="コラルマスター" />
  <o id="991" en="Master Hunter" ja="ハンターマスター" />
  <o id="992" en="Master Mononofu" ja="モノノフマスター" />
  <o id="993" en="Master Shinobi" ja="シノビマスター" />
  <o id="994" en="Master Hussar" ja="ドラケンマスター" />
  <o id="995" en="Master Evoker" ja="エボカーマスター" />
  <o id="996" en="Master Magus" ja="メガスマスター" />
  <o id="997" en="Master Privateer" ja="コルセアマスター" />
  <o id="998" en="Master Puppeteer" ja="パペトリマスター" />
  <o id="999" en="Master Headliner" ja="ダンサーマスター" />
  <o id="1000" en="Master Academic" ja="スカラーマスター" />
  <o id="1001" en="Master Naturalist" ja="ジオマスター" />
  <o id="1002" en="Master Runeist" ja="ルーニストマスター" />
  <o id="1003" en="Zerde Zapper" ja="ゼルデ　ザッパー" />
  <o id="1004" en="Vinipata Vanquisher" ja="ヴィニパタ　ヴァンクィシャー" />
  <o id="1005" en="Schah Scraper" ja="シャー　スクレーパー" />
  <o id="1006" en="Albumen Aggrivator" ja="アルブメン　アグリヴェーター" />
  <o id="1007" en="Onychophora Obliterator" ja="オニコフォラ　オブリテレーター" />
  <o id="1008" en="Erinys Engulfer" ja="エリニス　エンガルファー" />
  <o id="1009" en="Herald of a New Age" ja="ヘラルド　オブ　ア　ニュー　エイジ" />
  <o id="1010" en="Preventer of the Second Coming" ja="再臨を食い止めし者" />
  <o id="1011" en="Lux Ex Tenebris" ja="ルックス・エクス・テネブリス" />
  <o id="1012" en="The Triumphant" ja="トライアンファント" />
  <o id="1013" en="Fu Fighter" ja="フ・ファイター" />
  <o id="1014" en="Kyou Killer" ja="キョウ・キラー" />
  <o id="1015" en="Kei Combuster" ja="ケイ・コンバスター" />
  <o id="1016" en="Gin Gagger" ja="ギン・ガッガー" />
  <o id="1017" en="Kin Kicker" ja="キン・キッカー" />
  <o id="1018" en="Ou Obliterator" ja="オウ・オビリテレーター" />
  <o id="1019" en="Dynamis-San d'Oria [D] Trespasser" ja="デュナミス～サンドリア〔Ｄ〕の侵入者" />
  <o id="1020" en="Dynamis-San d'Oria [D] Infiltrator" ja="デュナミス～サンドリア〔Ｄ〕の潜入者" />
  <o id="1022" en="Dynamis-Bastok [D] Trespasser" ja="デュナミス～バストゥーク〔Ｄ〕の侵入者" />
  <o id="1023" en="Dynamis-Bastok [D] Infiltrator" ja="デュナミス～バストゥーク〔Ｄ〕の潜入者" />
  <o id="1025" en="Dynamis-Windurst [D] Trespasser" ja="デュナミス～ウィンダス〔Ｄ〕の侵入者" />
  <o id="1026" en="Dynamis-Windurst [D] Infiltrator" ja="デュナミス～ウィンダス〔Ｄ〕の潜入者" />
  <o id="1028" en="Dynamis-Jeuno [D] Trespasser" ja="デュナミス～ジュノ〔Ｄ〕の侵入者" />
  <o id="1029" en="Dynamis-Jeuno [D] Infiltrator" ja="デュナミス～ジュノ〔Ｄ〕の潜入者" />
  <o id="1044" en="Vegetable Hero" ja="カリカリ救世主" />
  <o id="1045" en="Contributer from the Shadows" ja="陰の貢献者なのん" />
  <o id="1046" en="The Decider" ja="裁定者" />
  <o id="1047" en="The Ascended" ja="神となりし者" />
  <o id="1048" en="The Savior of Vana'diel" ja="ヴァナ・ディールの救世主" />
  <o id="1049" en="Blessed by the Avatars" ja="大いなる力の継承者" />
  <o id="1050" en="Seer of Songs" ja="星唄に乗せて歩み続ける者" />
  <o id="1051" en="The Eternal Wind" ja="悠久の風" />
  <o id="1116" en="Raptor Wrangler" ja="爆速ラプトルライダー" />
  <o id="1117" en="Gardener for the Ages" ja="疾走ガーデンライダー" />
  <o id="1118" en="Lagoon Explorer" ja="伝説ラグーンライダー" />
  <o id="1119" en="Servant to the Servant" ja="侍女と葉っぱに翻弄されし功労者" />
  <o id="1120" en="Legendary Woodworker" ja="運斤成風の木彫師" />
  <o id="1121" en="Legendary Blacksmith" ja="運斤成風の鍛冶師" />
  <o id="1122" en="Legendary Goldsmith" ja="運斤成風の彫金師" />
  <o id="1123" en="Legendary Weaver" ja="運斤成風の裁縫師" />
  <o id="1124" en="Legendary Tanner" ja="運斤成風の革細工師" />
  <o id="1125" en="Legendary Boneworker" ja="運斤成風の骨彫師" />
  <o id="1126" en="Legendary Alchemist" ja="運斤成風の錬金術師" />
  <o id="1127" en="Legendary Culinarian" ja="運斤成風の調理師" />
</titles>