﻿<?xml version="1.0" encoding="utf-8"?>
<weather>
  <o id="0" en="Fine patches" ja="快晴" element="15" intensity="0" />
  <o id="1" en="Sunshine" ja="晴れ" element="15" intensity="0" />
  <o id="2" en="Clouds" ja="くもり" element="15" intensity="0" />
  <o id="3" en="Fog" ja="霧" element="15" intensity="0" />
  <o id="4" en="Hot spells" ja="熱波" element="0" intensity="1" />
  <o id="5" en="Heat waves" ja="灼熱波" element="0" intensity="2" />
  <o id="6" en="Rain" ja="雨" element="5" intensity="1" />
  <o id="7" en="Squalls" ja="スコール" element="5" intensity="2" />
  <o id="8" en="Dust storms" ja="砂塵" element="3" intensity="1" />
  <o id="9" en="Sand storms" ja="砂嵐" element="3" intensity="2" />
  <o id="10" en="Winds" ja="風" element="2" intensity="1" />
  <o id="11" en="Gales" ja="暴風" element="2" intensity="2" />
  <o id="12" en="Snow" ja="雪" element="1" intensity="1" />
  <o id="13" en="Blizzards" ja="吹雪" element="1" intensity="2" />
  <o id="14" en="Thunder" ja="雷" element="4" intensity="1" />
  <o id="15" en="Thunderstorms" ja="雷雨" element="4" intensity="2" />
  <o id="16" en="Auroras" ja="オーロラ" element="6" intensity="1" />
  <o id="17" en="Stellar glare" ja="神光" element="6" intensity="2" />
  <o id="18" en="Gloom" ja="妖霧" element="7" intensity="1" />
  <o id="19" en="Darkness" ja="闇" element="7" intensity="2" />
</weather>