﻿<?xml version="1.0" encoding="utf-8"?>
<zones>
  <o id="0" en="unknown" search="unknown" ja="unknown" />
  <o id="1" en="Phanauet Channel" search="PhanauetCh" ja="ファノエ運河" />
  <o id="2" en="Carpenters' Landing" search="CpntLanding" ja="ギルド桟橋" />
  <o id="3" en="Manaclipper" search="Manaclipper" ja="マナクリッパー" />
  <o id="4" en="Bibiki Bay" search="BibikiBay" ja="ビビキー湾" />
  <o id="5" en="Uleguerand Range" search="Uleguerand" ja="ウルガラン山脈" />
  <o id="6" en="Bearclaw Pinnacle" search="BearclawPn" ja="熊爪嶽" />
  <o id="7" en="Attohwa Chasm" search="AttohwaCsm" ja="アットワ地溝" />
  <o id="8" en="Boneyard Gully" search="BoneyardGl" ja="千骸谷" />
  <o id="9" en="Pso'Xja" search="PsoXja" ja="ソ・ジヤ" />
  <o id="10" en="The Shrouded Maw" search="ShroudMaw" ja="異界の口" />
  <o id="11" en="Oldton Movalpolos" search="OldMoval" ja="ムバルポロス旧市街" />
  <o id="12" en="Newton Movalpolos" search="NewMoval" ja="ムバルポロス新市街" />
  <o id="13" en="Mine Shaft #2716" search="Mine2716" ja="2716号採石場" />
  <o id="14" en="Hall of Transference" search="HallOfTrns" ja="転移の間" />
  <o id="15" en="Abyssea - Konschtat" search="AbysKonscht" ja="アビセア-コンシュタット" />
  <o id="16" en="Promyvion - Holla" search="PromvHolla" ja="プロミヴォン-ホラ" />
  <o id="17" en="Spire of Holla" search="SpireHolla" ja="ホラの塔" />
  <o id="18" en="Promyvion - Dem" search="PromvDem" ja="プロミヴォン-デム" />
  <o id="19" en="Spire of Dem" search="SpireDem" ja="デムの塔" />
  <o id="20" en="Promyvion - Mea" search="PromvMea" ja="プロミヴォン-メア" />
  <o id="21" en="Spire of Mea" search="SpireMea" ja="メアの塔" />
  <o id="22" en="Promyvion - Vahzl" search="PromvVahzl" ja="プロミヴォン-ヴァズ" />
  <o id="23" en="Spire of Vahzl" search="SpireVahzl" ja="ヴァズの塔" />
  <o id="24" en="Lufaise Meadows" search="LufaiseMds" ja="ルフェーゼ野" />
  <o id="25" en="Misareaux Coast" search="Misareaux" ja="ミザレオ海岸" />
  <o id="26" en="Tavnazian Safehold" search="TavSafehld" ja="タブナジア地下壕" />
  <o id="27" en="Phomiuna Aqueducts" search="PhomiunaAq" ja="フォミュナ水道" />
  <o id="28" en="Sacrarium" search="Sacrarium" ja="礼拝堂" />
  <o id="29" en="Riverne - Site #B01" search="RiverneB01" ja="リヴェーヌ岩塊群サイトB01" />
  <o id="30" en="Riverne - Site #A01" search="RiverneA01" ja="リヴェーヌ岩塊群サイトA01" />
  <o id="31" en="Monarch Linn" search="MonarchLinn" ja="帝龍の飛泉" />
  <o id="32" en="Sealion's Den" search="SealionDen" ja="海獅子の巣窟" />
  <o id="33" en="Al'Taieu" search="AlTaieu" ja="アル・タユ" />
  <o id="34" en="Grand Palace of Hu'Xzoi" search="HuXzoi" ja="フ・ゾイの王宮" />
  <o id="35" en="The Garden of Ru'Hmet" search="RuHmet" ja="ル・メトの園" />
  <o id="36" en="Empyreal Paradox" search="EmParadox" ja="天象の鎖" />
  <o id="37" en="Temenos" search="Temenos" ja="テメナス" />
  <o id="38" en="Apollyon" search="Apollyon" ja="アポリオン" />
  <o id="39" en="Dynamis - Valkurm" search="DynamisVal" ja="デュナミス-バルクルム" />
  <o id="40" en="Dynamis - Buburimu" search="DynamisBub" ja="デュナミス-ブブリム" />
  <o id="41" en="Dynamis - Qufim" search="DynamisQuf" ja="デュナミス-クフィム" />
  <o id="42" en="Dynamis - Tavnazia" search="DynamisTav" ja="デュナミス-タブナジア" />
  <o id="43" en="Diorama Abdhaljs-Ghelsba" search="DioramaGhel" ja="アブダルスの箱庭-ゲルスバ" />
  <o id="44" en="Abdhaljs Isle-Purgonorgo" search="AbdhalPurgo" ja="アブダルスの島-プルゴノルゴ" />
  <o id="45" en="Abyssea - Tahrongi" search="AbysTahrongi" ja="アビセア-タロンギ" />
  <o id="46" en="Open sea route to Al Zahbi" search="OpenseaZah" ja="外洋航路：アルザビ行き" />
  <o id="47" en="Open sea route to Mhaura" search="OpenseaMha" ja="外洋航路：マウラ行き" />
  <o id="48" en="Al Zahbi" search="AlZahbi" ja="アルザビ" />
  <o id="50" en="Aht Urhgan Whitegate" search="Whitegate" ja="アトルガン白門" />
  <o id="51" en="Wajaom Woodlands" search="Wajaom" ja="ワジャーム樹林" />
  <o id="52" en="Bhaflau Thickets" search="BhafThicket" ja="バフラウ段丘" />
  <o id="53" en="Nashmau" search="Nashmau" ja="ナシュモ" />
  <o id="54" en="Arrapago Reef" search="ArrpgoReef" ja="アラパゴ暗礁域" />
  <o id="55" en="Ilrusi Atoll" search="Ilrusi" ja="イルルシ環礁" />
  <o id="56" en="Periqia" search="Periqia" ja="ペリキア" />
  <o id="57" en="Talacca Cove" search="Talacca" ja="タラッカ入江" />
  <o id="58" en="Silver Sea route to Nashmau" search="SilvSeaNas" ja="銀海航路：ナシュモ行き" />
  <o id="59" en="Silver Sea route to Al Zahbi" search="SilvSeaZah" ja="銀海航路：アルザビ行き" />
  <o id="60" en="The Ashu Talif" search="AshuTalif" ja="アシュタリフ号" />
  <o id="61" en="Mount Zhayolm" search="MtZhayolm" ja="ゼオルム火山" />
  <o id="62" en="Halvung" search="Halvung" ja="ハルブーン" />
  <o id="63" en="Lebros Cavern" search="Lebros" ja="レベロス風穴" />
  <o id="64" en="Navukgo Execution Chamber" search="Navukgo" ja="ナバゴ処刑場" />
  <o id="65" en="Mamook" search="Mamook" ja="マムーク" />
  <o id="66" en="Mamool Ja Training Grounds" search="MamoolTrGr" ja="マムージャ兵訓練所" />
  <o id="67" en="Jade Sepulcher" search="JadeSepul" ja="翡翠廟" />
  <o id="68" en="Aydeewa Subterrane" search="Aydeewa" ja="エジワ蘿洞" />
  <o id="69" en="Leujaoam Sanctum" search="Leujaoam" ja="ルジャワン霊窟" />
  <o id="70" en="Chocobo Circuit" search="ChocoCirc" ja="チョコボサーキット" />
  <o id="71" en="The Colosseum" search="Colosseum" ja="コロセウム" />
  <o id="72" en="Alzadaal Undersea Ruins" search="AlzaUndrsea" ja="アルザダール海底遺跡群" />
  <o id="73" en="Zhayolm Remnants" search="ZhaylmRem" ja="ゼオルム遺構" />
  <o id="74" en="Arrapago Remnants" search="ArrpgoRem" ja="アラパゴ遺構" />
  <o id="75" en="Bhaflau Remnants" search="BhaflauRem" ja="バフラウ遺構" />
  <o id="76" en="Silver Sea Remnants" search="SilvSeaRem" ja="銀海遺構" />
  <o id="77" en="Nyzul Isle" search="Nyzul" ja="ナイズル島" />
  <o id="78" en="Hazhalm Testing Grounds" search="Hazhalm" ja="ハザルム試験場" />
  <o id="79" en="Caedarva Mire" search="Caedarva" ja="カダーバの浮沼" />
  <o id="80" en="Southern San d'Oria [S]" search="SSandOria_S" ja="南サンドリア〔Ｓ〕" />
  <o id="81" en="East Ronfaure [S]" search="ERonfaure_S" ja="東ロンフォール〔Ｓ〕" />
  <o id="82" en="Jugner Forest [S]" search="Jugner_S" ja="ジャグナー森林〔Ｓ〕" />
  <o id="83" en="Vunkerl Inlet [S]" search="Vunkerl_S" ja="ブンカール浦〔Ｓ〕" />
  <o id="84" en="Batallia Downs [S]" search="Batallia_S" ja="バタリア丘陵〔Ｓ〕" />
  <o id="85" en="La Vaule [S]" search="LaVaule_S" ja="ラヴォール村〔Ｓ〕" />
  <o id="86" en="Everbloom Hollow" search="Everbloom" ja="常花の石窟" />
  <o id="87" en="Bastok Markets [S]" search="BasMarket_S" ja="バストゥーク商業区〔Ｓ〕" />
  <o id="88" en="North Gustaberg [S]" search="NGustabrg_S" ja="北グスタベルグ〔Ｓ〕" />
  <o id="89" en="Grauberg [S]" search="Grauberg_S" ja="グロウベルグ〔Ｓ〕" />
  <o id="90" en="Pashhow Marshlands [S]" search="Pashhow_S" ja="パシュハウ沼〔Ｓ〕" />
  <o id="91" en="Rolanberry Fields [S]" search="RolFields_S" ja="ロランベリー耕地〔Ｓ〕" />
  <o id="92" en="Beadeaux [S]" search="Beadeaux_S" ja="ベドー〔Ｓ〕" />
  <o id="93" en="Ruhotz Silvermines" search="Ruhotz" ja="ルホッツ銀山" />
  <o id="94" en="Windurst Waters [S]" search="WinWaters_S" ja="ウィンダス水の区〔Ｓ〕" />
  <o id="95" en="West Sarutabaruta [S]" search="WSaruta_S" ja="西サルタバルタ〔Ｓ〕" />
  <o id="96" en="Fort Karugo-Narugo [S]" search="FortK-N_S" ja="カルゴナルゴ城砦〔Ｓ〕" />
  <o id="97" en="Meriphataud Mountains [S]" search="MeriMount_S" ja="メリファト山地〔Ｓ〕" />
  <o id="98" en="Sauromugue Champaign [S]" search="SaurChamp_S" ja="ソロムグ原野〔Ｓ〕" />
  <o id="99" en="Castle Oztroja [S]" search="Oztroja_S" ja="オズトロヤ城〔Ｓ〕" />
  <o id="100" en="West Ronfaure" search="WRonfaure" ja="西ロンフォール" />
  <o id="101" en="East Ronfaure" search="ERonfaure" ja="東ロンフォール" />
  <o id="102" en="La Theine Plateau" search="LaTheine" ja="ラテーヌ高原" />
  <o id="103" en="Valkurm Dunes" search="Valkurm" ja="バルクルム砂丘" />
  <o id="104" en="Jugner Forest" search="Jugner" ja="ジャグナー森林" />
  <o id="105" en="Batallia Downs" search="Batallia" ja="バタリア丘陵" />
  <o id="106" en="North Gustaberg" search="NGustaberg" ja="北グスタベルグ" />
  <o id="107" en="South Gustaberg" search="SGustaberg" ja="南グスタベルグ" />
  <o id="108" en="Konschtat Highlands" search="Konschtat" ja="コンシュタット高地" />
  <o id="109" en="Pashhow Marshlands" search="Pashhow" ja="パシュハウ沼" />
  <o id="110" en="Rolanberry Fields" search="Rolanberry" ja="ロランベリー耕地" />
  <o id="111" en="Beaucedine Glacier" search="Beaucedine" ja="ボスディン氷河" />
  <o id="112" en="Xarcabard" search="Xarcabard" ja="ザルカバード" />
  <o id="113" en="Cape Teriggan" search="Teriggan" ja="テリガン岬" />
  <o id="114" en="Eastern Altepa Desert" search="EastAltepa" ja="東アルテパ砂漠" />
  <o id="115" en="West Sarutabaruta" search="WSartabarta" ja="西サルタバルタ" />
  <o id="116" en="East Sarutabaruta" search="ESartabarta" ja="東サルタバルタ" />
  <o id="117" en="Tahrongi Canyon" search="Tahrongi" ja="タロンギ大峡谷" />
  <o id="118" en="Buburimu Peninsula" search="Buburimu" ja="ブブリム半島" />
  <o id="119" en="Meriphataud Mountains" search="Meriphataud" ja="メリファト山地" />
  <o id="120" en="Sauromugue Champaign" search="Sauromugue" ja="ソロムグ原野" />
  <o id="121" en="The Sanctuary of Zi'Tah" search="ZiTah" ja="聖地ジ・タ" />
  <o id="122" en="Ro'Maeve" search="RoMaeve" ja="ロ・メーヴ" />
  <o id="123" en="Yuhtunga Jungle" search="YuhtunJng" ja="ユタンガ大森林" />
  <o id="124" en="Yhoator Jungle" search="YhoatorJng" ja="ヨアトル大森林" />
  <o id="125" en="Western Altepa Desert" search="WestAltepa" ja="西アルテパ砂漠" />
  <o id="126" en="Qufim Island" search="Qufim" ja="クフィム島" />
  <o id="127" en="Behemoth's Dominion" search="BehemotDom" ja="ベヒーモスの縄張り" />
  <o id="128" en="Valley of Sorrows" search="SorrowVall" ja="慟哭の谷" />
  <o id="129" en="Ghoyu's Reverie" search="GhoyusRev" ja="ゴユの空洞" />
  <o id="130" en="Ru'Aun Gardens" search="RuAunGard" ja="ル・オンの庭" />
  <o id="131" en="Mordion Gaol" search="Mordion" ja="モルディオン監獄" />
  <o id="132" en="Abyssea - La Theine" search="AbysLaThein" ja="アビセア-ラテーヌ" />
  <o id="134" en="Dynamis - Beaucedine" search="DynamisBcd" ja="デュナミス-ボスディン" />
  <o id="135" en="Dynamis - Xarcabard" search="DynamisXar" ja="デュナミス-ザルカバード" />
  <o id="136" en="Beaucedine Glacier [S]" search="BeaGlacier_S" ja="ボスディン氷河〔Ｓ〕" />
  <o id="137" en="Xarcabard [S]" search="Xarcabard_S" ja="ザルカバード〔Ｓ〕" />
  <o id="138" en="Castle Zvahl Baileys [S]" search="ZvBaileys_S" ja="ズヴァール城外郭〔Ｓ〕" />
  <o id="139" en="Horlais Peak" search="HorlaisPk" ja="ホルレーの岩峰" />
  <o id="140" en="Ghelsba Outpost" search="GhelsbaOp" ja="ゲルスバ野営陣" />
  <o id="141" en="Fort Ghelsba" search="FtGhelsba" ja="ゲルスバ砦" />
  <o id="142" en="Yughott Grotto" search="Yughott" ja="ユグホトの岩屋" />
  <o id="143" en="Palborough Mines" search="Palborough" ja="パルブロ鉱山" />
  <o id="144" en="Waughroon Shrine" search="Waughroon" ja="ワールンの祠" />
  <o id="145" en="Giddeus" search="Giddeus" ja="ギデアス" />
  <o id="146" en="Balga's Dais" search="BalgasDais" ja="バルガの舞台" />
  <o id="147" en="Beadeaux" search="Beadeaux" ja="ベドー" />
  <o id="148" en="Qulun Dome" search="QulunDome" ja="クゥルンの大伽藍" />
  <o id="149" en="Davoi" search="Davoi" ja="ダボイ" />
  <o id="150" en="Monastic Cavern" search="MonastiCav" ja="修道窟" />
  <o id="151" en="Castle Oztroja" search="Oztroja" ja="オズトロヤ城" />
  <o id="152" en="Altar Room" search="AltarRoom" ja="祭壇の間" />
  <o id="153" en="The Boyahda Tree" search="Boyahda" ja="ボヤーダ樹" />
  <o id="154" en="Dragon's Aery" search="DragonAery" ja="龍のねぐら" />
  <o id="155" en="Castle Zvahl Keep [S]" search="ZvKeep_S" ja="ズヴァール城内郭〔Ｓ〕" />
  <o id="156" en="Throne Room [S]" search="ThroneRm_S" ja="王の間〔Ｓ〕" />
  <o id="157" en="Middle Delkfutt's Tower" search="MidDelkfut" ja="デルクフの塔中層" />
  <o id="158" en="Upper Delkfutt's Tower" search="UpDelkfut" ja="デルクフの塔上層" />
  <o id="159" en="Temple of Uggalepih" search="Uggalepih" ja="ウガレピ寺院" />
  <o id="160" en="Den of Rancor" search="RancorDen" ja="怨念洞" />
  <o id="161" en="Castle Zvahl Baileys" search="ZvahlBails" ja="ズヴァール城外郭" />
  <o id="162" en="Castle Zvahl Keep" search="ZvahlKeep" ja="ズヴァール城内郭" />
  <o id="163" en="Sacrificial Chamber" search="SacriChamb" ja="生贄の間" />
  <o id="164" en="Garlaige Citadel [S]" search="Garlaige_S" ja="ガルレージュ要塞〔Ｓ〕" />
  <o id="165" en="Throne Room" search="ThroneRoom" ja="王の間" />
  <o id="166" en="Ranguemont Pass" search="Ranguemont" ja="ラングモント峠" />
  <o id="167" en="Bostaunieux Oubliette" search="Bostaunieu" ja="ボストーニュ監獄" />
  <o id="168" en="Chamber of Oracles" search="OracleChmb" ja="宣託の間" />
  <o id="169" en="Toraimarai Canal" search="Toraimarai" ja="トライマライ水路" />
  <o id="170" en="Full Moon Fountain" search="FullMoonFn" ja="満月の泉" />
  <o id="171" en="Crawlers' Nest [S]" search="CrawlNest_S" ja="クロウラーの巣〔Ｓ〕" />
  <o id="172" en="Zeruhn Mines" search="Zeruhn" ja="ツェールン鉱山" />
  <o id="173" en="Korroloka Tunnel" search="Korroloka" ja="コロロカの洞門" />
  <o id="174" en="Kuftal Tunnel" search="Kuftal" ja="クフタルの洞門" />
  <o id="175" en="The Eldieme Necropolis [S]" search="Eldieme_S" ja="エルディーム古墳〔Ｓ〕" />
  <o id="176" en="Sea Serpent Grotto" search="SeaGrotto" ja="海蛇の岩窟" />
  <o id="177" en="Ve'Lugannon Palace" search="VeLugannon" ja="ヴェ・ルガノン宮殿" />
  <o id="178" en="The Shrine of Ru'Avitau" search="RuAvitau" ja="ル・アビタウ神殿" />
  <o id="179" en="Stellar Fulcrum" search="StlrFulcrm" ja="天輪の場" />
  <o id="180" en="La'Loff Amphitheater" search="LaLoff" ja="ラ・ロフの劇場" />
  <o id="181" en="The Celestial Nexus" search="CelesNexus" ja="宿星の座" />
  <o id="182" en="Walk of Echoes" search="WalkEchoes" ja="ウォークオブエコーズ" />
  <o id="183" en="Maquette Abdhaljs-Legion" search="Legion" ja="アブダルスの模型-レギオン" />
  <o id="184" en="Lower Delkfutt's Tower" search="LowDelkfut" ja="デルクフの塔下層" />
  <o id="185" en="Dynamis - San d'Oria" search="DynamisSan" ja="デュナミス-サンドリア" />
  <o id="186" en="Dynamis - Bastok" search="DynamisBas" ja="デュナミス-バストゥーク" />
  <o id="187" en="Dynamis - Windurst" search="DynamisWin" ja="デュナミス-ウィンダス" />
  <o id="188" en="Dynamis - Jeuno" search="DynamisJeu" ja="デュナミス-ジュノ" />
  <o id="190" en="King Ranperre's Tomb" search="RanpsTomb" ja="龍王ランペールの墓" />
  <o id="191" en="Dangruf Wadi" search="Dangruf" ja="ダングルフの涸れ谷" />
  <o id="192" en="Inner Horutoto Ruins" search="InHorutoto" ja="内ホルトト遺跡" />
  <o id="193" en="Ordelle's Caves" search="Ordelles" ja="オルデール鍾乳洞" />
  <o id="194" en="Outer Horutoto Ruins" search="OutHorutot" ja="外ホルトト遺跡" />
  <o id="195" en="The Eldieme Necropolis" search="Eldieme" ja="エルディーム古墳" />
  <o id="196" en="Gusgen Mines" search="Gusgen" ja="グスゲン鉱山" />
  <o id="197" en="Crawlers' Nest" search="CrawlNest" ja="クロウラーの巣" />
  <o id="198" en="Maze of Shakhrami" search="Shakhrami" ja="シャクラミの地下迷宮" />
  <o id="200" en="Garlaige Citadel" search="Garlaige" ja="ガルレージュ要塞" />
  <o id="201" en="Cloister of Gales" search="ClstGales" ja="突風の回廊" />
  <o id="202" en="Cloister of Storms" search="ClstStorms" ja="雷鳴の回廊" />
  <o id="203" en="Cloister of Frost" search="ClstFrost" ja="凍結の回廊" />
  <o id="204" en="Fei'Yin" search="FeiYin" ja="フェ・イン" />
  <o id="205" en="Ifrit's Cauldron" search="IfritCldrn" ja="イフリートの釜" />
  <o id="206" en="Qu'Bia Arena" search="QuBiaArena" ja="ク・ビアの闘技場" />
  <o id="207" en="Cloister of Flames" search="ClstFlames" ja="灼熱の回廊" />
  <o id="208" en="Quicksand Caves" search="Quicksands" ja="流砂洞" />
  <o id="209" en="Cloister of Tremors" search="ClstTremor" ja="震動の回廊" />
  <o id="211" en="Cloister of Tides" search="ClstTides" ja="海流の回廊" />
  <o id="212" en="Gustav Tunnel" search="Gustav" ja="グスタフの洞門" />
  <o id="213" en="Labyrinth of Onzozo" search="Onzozo" ja="オンゾゾの迷路" />
  <o id="215" en="Abyssea - Attohwa" search="AbysAttohwa" ja="アビセア-アットワ" />
  <o id="216" en="Abyssea - Misareaux" search="AbysMisar" ja="アビセア-ミザレオ" />
  <o id="217" en="Abyssea - Vunkerl" search="AbysVunkerl" ja="アビセア-ブンカール" />
  <o id="218" en="Abyssea - Altepa" search="AbysAltepa" ja="アビセア-アルテパ" />
  <o id="220" en="Ship bound for Selbina" search="ShipToSelb" ja="航路：セルビナ行き" />
  <o id="221" en="Ship bound for Mhaura" search="ShipToMhau" ja="航路：マウラ行き" />
  <o id="222" en="Provenance" search="Provenance" ja="真界" />
  <o id="223" en="San d'Oria-Jeuno Airship" search="Airship" ja="飛空艇航路" />
  <o id="224" en="Bastok-Jeuno Airship" search="Airship" ja="飛空艇航路" />
  <o id="225" en="Windurst-Jeuno Airship" search="Airship" ja="飛空艇航路" />
  <o id="226" en="Kazham-Jeuno Airship" search="Airship" ja="飛空艇航路" />
  <o id="227" en="Ship bound for Selbina" search="ShipToSelb" ja="航路：セルビナ行き" />
  <o id="228" en="Ship bound for Mhaura" search="ShipToMhau" ja="航路：マウラ行き" />
  <o id="230" en="Southern San d'Oria" search="SSandOria" ja="南サンドリア" />
  <o id="231" en="Northern San d'Oria" search="NSandOria" ja="北サンドリア" />
  <o id="232" en="Port San d'Oria" search="PSandOria" ja="サンドリア港" />
  <o id="233" en="Chateau d'Oraguille" search="ChatdOrag" ja="ドラギーユ城" />
  <o id="234" en="Bastok Mines" search="BastokMine" ja="バストゥーク鉱山区" />
  <o id="235" en="Bastok Markets" search="BastokMark" ja="バストゥーク商業区" />
  <o id="236" en="Port Bastok" search="PortBastok" ja="バストゥーク港" />
  <o id="237" en="Metalworks" search="Metalworks" ja="大工房" />
  <o id="238" en="Windurst Waters" search="WindWaters" ja="ウィンダス水の区" />
  <o id="239" en="Windurst Walls" search="WindWalls" ja="ウィンダス石の区" />
  <o id="240" en="Port Windurst" search="PortWind" ja="ウィンダス港" />
  <o id="241" en="Windurst Woods" search="WindWoods" ja="ウィンダス森の区" />
  <o id="242" en="Heavens Tower" search="HeavenTowr" ja="天の塔" />
  <o id="243" en="Ru'Lude Gardens" search="RuLudeGard" ja="ル・ルデの庭" />
  <o id="244" en="Upper Jeuno" search="UpJeuno" ja="ジュノ上層" />
  <o id="245" en="Lower Jeuno" search="LowJeuno" ja="ジュノ下層" />
  <o id="246" en="Port Jeuno" search="PortJeuno" ja="ジュノ港" />
  <o id="247" en="Rabao" search="Rabao" ja="ラバオ" />
  <o id="248" en="Selbina" search="Selbina" ja="セルビナ" />
  <o id="249" en="Mhaura" search="Mhaura" ja="マウラ" />
  <o id="250" en="Kazham" search="Kazham" ja="カザム" />
  <o id="251" en="Hall of the Gods" search="HallOfGods" ja="神々の間" />
  <o id="252" en="Norg" search="Norg" ja="ノーグ" />
  <o id="253" en="Abyssea - Uleguerand" search="AbysUleg" ja="アビセア-ウルガラン" />
  <o id="254" en="Abyssea - Grauberg" search="AbysGraub" ja="アビセア-グロウベルグ" />
  <o id="255" en="Abyssea - Empyreal Paradox" search="AbysParadox" ja="アビセア-天象の鎖" />
  <o id="256" en="Western Adoulin" search="WestAdoulin" ja="西アドゥリン" />
  <o id="257" en="Eastern Adoulin" search="EastAdoulin" ja="東アドゥリン" />
  <o id="258" en="Rala Waterways" search="Rala" ja="ララ水道" />
  <o id="259" en="Rala Waterways [U]" search="Rala_U" ja="ララ水道〔Ｕ〕" />
  <o id="260" en="Yahse Hunting Grounds" search="Yahse" ja="ヤッセの狩り場" />
  <o id="261" en="Ceizak Battlegrounds" search="Ceizak" ja="ケイザック古戦場" />
  <o id="262" en="Foret de Hennetiel" search="Hennetiel" ja="エヌティエル水林" />
  <o id="263" en="Yorcia Weald" search="Yorcia" ja="ヨルシア森林" />
  <o id="264" en="Yorcia Weald [U]" search="Yorcia_U" ja="ヨルシア森林〔Ｕ〕" />
  <o id="265" en="Morimar Basalt Fields" search="Morimar" ja="モリマー台地" />
  <o id="266" en="Marjami Ravine" search="Marjami" ja="マリアミ渓谷" />
  <o id="267" en="Kamihr Drifts" search="Kamihr" ja="カミール山麓" />
  <o id="268" en="Sih Gates" search="SihGates" ja="シィの門" />
  <o id="269" en="Moh Gates" search="MohGates" ja="モーの門" />
  <o id="270" en="Cirdas Caverns" search="Cirdas" ja="シルダス洞窟" />
  <o id="271" en="Cirdas Caverns [U]" search="Cirdas_U" ja="シルダス洞窟〔Ｕ〕" />
  <o id="272" en="Dho Gates" search="DhoGates" ja="ドーの門" />
  <o id="273" en="Woh Gates" search="WohGates" ja="ウォーの門" />
  <o id="274" en="Outer Ra'Kaznar" search="OutRaKaz" ja="ラ・カザナル宮外郭" />
  <o id="275" en="Outer Ra'Kaznar [U]" search="OutRaKaz_U" ja="ラ・カザナル宮外郭〔Ｕ〕" />
  <o id="276" en="Ra'Kaznar Inner Court" search="InRaKaz" ja="ラ・カザナル宮内郭" />
  <o id="277" en="Ra'Kaznar Turris" search="RaKazTurris" ja="ラ・カザナル宮天守" />
  <o id="280" en="Mog Garden" search="MogGarden" ja="モグガーデン" />
  <o id="281" en="Leafallia" search="Leafallia" ja="リファーリア" />
  <o id="282" en="Mount Kamihr" search="MtKamihr" ja="カミール山" />
  <o id="283" en="Silver Knife" search="SilverKnife" ja="シルバー・ナイフ" />
  <o id="284" en="Celennia Memorial Library" search="Celennia" ja="セレニア図書館" />
  <o id="285" en="Feretory" search="Feretory" ja="魂の聖櫃" />
  <o id="288" en="Escha - Zi'Tah" search="EschaZiTah" ja="エスカ-ジ・タ" />
  <o id="289" en="Escha - Ru'Aun" search="EschaRuAun" ja="エスカ-ル・オン" />
  <o id="290" en="Desuetia - Empyreal Paradox" search="DesParadox" ja="デスエチア-天象の鎖" />
  <o id="291" en="Reisenjima" search="Reisenjima" ja="醴泉島" />
  <o id="292" en="Reisenjima Henge" search="ReisenHenge" ja="醴泉島-秘境" />
  <o id="293" en="Reisenjima Sanctorium" search="ReisenSanc" ja="醴泉島の祠" />
  <o id="294" en="Dynamis - San d'Oria [D]" search="DynamisSan_D" ja="デュナミス-サンドリア〔Ｄ〕" />
  <o id="295" en="Dynamis - Bastok [D]" search="DynamisBas_D" ja="デュナミス-バストゥーク〔Ｄ〕" />
  <o id="296" en="Dynamis - Windurst [D]" search="DynamisWin_D" ja="デュナミス-ウィンダス〔Ｄ〕" />
  <o id="297" en="Dynamis - Jeuno [D]" search="DynamisJeu_D" ja="デュナミス-ジュノ〔Ｄ〕" />
</zones>